,user_id,date,email,user_age_group,experiment_name,supplement_name,dosage_grams,is_placebo,average_heart_rate,average_glucose,sleep_hours,activity_level
0,c6ae338a-9f95-481c-a88d-24a58bc8fc71,2018-01-31,hi_1@example.com,Over 65,Sleep Quality,Zinc,0.14931455973042,False,93.0556124640222,70.08990978687609,8.8,1
1,c6ae338a-9f95-481c-a88d-24a58bc8fc71,2018-02-28,hi_1@example.com,Over 65,,No intake,,,88.05996405860664,78.41114811149353,8.0,3
2,c6ae338a-9f95-481c-a88d-24a58bc8fc71,2018-03-31,hi_1@example.com,Over 65,Endurance,Magnesium,0.2399492362800616,True,78.37374622375826,107.41881813292274,11.9,1
3,c6ae338a-9f95-481c-a88d-24a58bc8fc71,2018-03-31,hi_1@example.com,Over 65,Focus,Placebo,0.4160221222950204,False,78.37374622375826,107.41881813292274,11.9,1
4,c6ae338a-9f95-481c-a88d-24a58bc8fc71,2018-04-30,hi_1@example.com,Over 65,Recovery,Placebo,0.324912625650157,False,62.20406140635325,117.25909200910938,5.1,1
5,5346f1dc-30f7-4e3a-9d35-eec6cb8835fa,2018-01-31,hi_2@myemail.com,56-65,Focus,Zinc,0.3638811758241028,False,77.07578911293211,99.22137987275238,9.6,2
6,5346f1dc-30f7-4e3a-9d35-eec6cb8835fa,2018-02-28,hi_2@myemail.com,56-65,,No intake,,,78.76099758871534,121.1475308069873,7.2,2
7,5346f1dc-30f7-4e3a-9d35-eec6cb8835fa,2018-03-31,hi_2@myemail.com,56-65,Memory,Vitamin C,0.3869894437065646,False,97.14222131576544,106.53036067325252,7.4,2
8,5346f1dc-30f7-4e3a-9d35-eec6cb8835fa,2018-04-30,hi_2@myemail.com,56-65,Focus,Placebo,0.20013382549386924,True,85.64344414328637,75.19233369160186,9.7,4
9,5541289d-fa9f-4aef-9504-1e11d940efc5,2018-01-31,hello_3@example.com,36-45,,No intake,,,72.46611666618595,83.44113756775641,9.5,4
10,5541289d-fa9f-4aef-9504-1e11d940efc5,2018-02-28,hello_3@example.com,36-45,,No intake,,,81.01273057802885,128.799875627076,11.9,3
11,5541289d-fa9f-4aef-9504-1e11d940efc5,2018-03-31,hello_3@example.com,36-45,,No intake,,,62.6422123128864,120.74389226371076,5.0,2
12,5541289d-fa9f-4aef-9504-1e11d940efc5,2018-04-30,hello_3@example.com,36-45,Focus,Omega-3,0.3337405667928452,True,98.90272942598946,132.63333909087464,4.8,4
13,f8461502-54b8-4388-ae0d-9095cfc0426f,2018-01-31,hi4@myemail.com,26-35,Recovery,Magnesium,0.23913112151444585,False,74.40239607722904,78.22900743846556,9.8,2
14,f8461502-54b8-4388-ae0d-9095cfc0426f,2018-02-28,hi4@myemail.com,26-35,Recovery,Vitamin C,0.4215042779521919,False,79.11469419652543,139.31557742305515,8.6,4
15,f8461502-54b8-4388-ae0d-9095cfc0426f,2018-03-31,hi4@myemail.com,26-35,,No intake,,,74.2113589694769,84.65846997649535,6.2,4
16,f8461502-54b8-4388-ae0d-9095cfc0426f,2018-04-30,hi4@myemail.com,26-35,Strength,Magnesium,0.14673389456427247,True,87.30046920464801,70.82459134006494,4.6,1
17,9e4781d1-111b-4318-907f-63c58da6cd89,2018-01-31,user_5@myemail.com,46-55,Endurance,Zinc,0.19854853325905092,False,86.48928633318371,139.8196057337488,4.7,2
18,9e4781d1-111b-4318-907f-63c58da6cd89,2018-02-28,user_5@myemail.com,46-55,,No intake,,,88.61289242116543,89.67517198115792,11.2,2
19,9e4781d1-111b-4318-907f-63c58da6cd89,2018-03-31,user_5@myemail.com,46-55,Endurance,Vitamin C,0.26145421050100187,False,70.72572918447683,116.7613616758792,5.5,4
20,9e4781d1-111b-4318-907f-63c58da6cd89,2018-04-30,user_5@myemail.com,46-55,,No intake,,,72.62673924656264,82.36776199234137,6.6,2
21,c7612504-ff78-4b95-aa89-a7f28b7a77b2,2018-01-31,hi_6@myemail.com,26-35,Sleep Quality,Magnesium,0.10552888163899787,False,65.01004924384831,110.61599725393992,5.8,4
22,c7612504-ff78-4b95-aa89-a7f28b7a77b2,2018-01-31,hi_6@myemail.com,26-35,Memory,Vitamin C,0.260683813365336,False,65.01004924384831,110.61599725393992,5.8,4
23,c7612504-ff78-4b95-aa89-a7f28b7a77b2,2018-01-31,hi_6@myemail.com,26-35,Memory,Zinc,0.29215883528092806,False,65.01004924384831,110.61599725393992,5.8,4
24,c7612504-ff78-4b95-aa89-a7f28b7a77b2,2018-02-28,hi_6@myemail.com,26-35,,No intake,,,86.2203988738445,133.28244905181916,6.8,2
25,c7612504-ff78-4b95-aa89-a7f28b7a77b2,2018-03-31,hi_6@myemail.com,26-35,Recovery,Magnesium,0.2859446108518295,True,61.5918850934261,92.4126817199907,4.6,1
26,c7612504-ff78-4b95-aa89-a7f28b7a77b2,2018-04-30,hi_6@myemail.com,26-35,Endurance,Vitamin C,0.3871685293570877,False,83.90729342093836,116.91777832310515,8.2,2
27,4e2986dc-4f81-484e-8865-03513b668365,2018-01-31,contact7@example.com,26-35,,No intake,,,94.78783539406535,83.15325121588916,4.5,1
28,4e2986dc-4f81-484e-8865-03513b668365,2018-02-28,contact7@example.com,26-35,,No intake,,,95.63328593158532,113.73567791031076,10.4,3
29,4e2986dc-4f81-484e-8865-03513b668365,2018-03-31,contact7@example.com,26-35,,No intake,,,77.96151041479847,93.55152462722572,5.9,2
30,4e2986dc-4f81-484e-8865-03513b668365,2018-04-30,contact7@example.com,26-35,Endurance,Omega-3,0.12766113627110542,True,78.37214752852296,84.78457810115661,8.3,2
31,4e2986dc-4f81-484e-8865-03513b668365,2018-04-30,contact7@example.com,26-35,Strength,Omega-3,0.39526743427864725,False,78.37214752852296,84.78457810115661,8.3,2
32,8058e377-a41f-4138-afd5-3b39bbf750e2,2018-01-31,contact_8@myemail.com,Unknown,Strength,Omega-3,0.21323057570015072,False,63.07876732032069,91.92274354925446,11.0,2
33,8058e377-a41f-4138-afd5-3b39bbf750e2,2018-02-28,contact_8@myemail.com,Unknown,Focus,Vitamin C,0.1752686383384495,False,86.83060101772142,82.51887479554595,9.2,1
34,8058e377-a41f-4138-afd5-3b39bbf750e2,2018-02-28,contact_8@myemail.com,Unknown,Sleep Quality,Omega-3,0.4610090156065172,False,86.83060101772142,82.51887479554595,9.2,1
35,8058e377-a41f-4138-afd5-3b39bbf750e2,2018-02-28,contact_8@myemail.com,Unknown,Focus,Zinc,0.282539296428099,True,86.83060101772142,82.51887479554595,9.2,1
36,8058e377-a41f-4138-afd5-3b39bbf750e2,2018-03-31,contact_8@myemail.com,Unknown,Strength,Vitamin C,0.29476925932764414,False,92.85037681491384,133.1341275486518,8.3,2
37,8058e377-a41f-4138-afd5-3b39bbf750e2,2018-04-30,contact_8@myemail.com,Unknown,Strength,Zinc,0.4831650203560592,False,69.78620218418853,97.80308204219902,6.6,2
38,8058e377-a41f-4138-afd5-3b39bbf750e2,2018-04-30,contact_8@myemail.com,Unknown,Focus,Zinc,0.3514557959854272,False,69.78620218418853,97.80308204219902,6.6,2
39,28c35ac0-7140-4a88-8e8c-fdd807bc1259,2018-01-31,hello9@example.com,18-25,Sleep Quality,Placebo,0.4753665102496248,False,76.85203526533459,87.16955134820572,6.7,4
40,28c35ac0-7140-4a88-8e8c-fdd807bc1259,2018-02-28,hello9@example.com,18-25,Recovery,Vitamin C,0.26962087408579694,False,93.5535734706108,101.3885488711153,9.4,3
41,28c35ac0-7140-4a88-8e8c-fdd807bc1259,2018-03-31,hello9@example.com,18-25,Memory,Magnesium,0.1673656427220564,False,95.08481870649152,92.43753167645468,12.0,1
42,28c35ac0-7140-4a88-8e8c-fdd807bc1259,2018-04-30,hello9@example.com,18-25,Memory,Magnesium,0.2818334022300838,False,69.72719921056904,122.1093477669328,9.3,4
43,28c35ac0-7140-4a88-8e8c-fdd807bc1259,2018-04-30,hello9@example.com,18-25,Strength,Placebo,0.23033417580165813,False,69.72719921056904,122.1093477669328,9.3,4
44,7a9e935e-1f5f-4429-8e20-1e1a001a7986,2018-01-31,user_10@email.com,56-65,Strength,Magnesium,0.4777408333887001,True,82.02282538165457,137.9853938319846,8.5,1
45,7a9e935e-1f5f-4429-8e20-1e1a001a7986,2018-01-31,user_10@email.com,56-65,Strength,Omega-3,0.14211714330237799,False,82.02282538165457,137.9853938319846,8.5,1
46,7a9e935e-1f5f-4429-8e20-1e1a001a7986,2018-02-28,user_10@email.com,56-65,Memory,Omega-3,0.19245234544239923,True,67.69972602543308,100.66235596883529,9.8,4
47,7a9e935e-1f5f-4429-8e20-1e1a001a7986,2018-02-28,user_10@email.com,56-65,Focus,Zinc,0.31220244003581715,False,67.69972602543308,100.66235596883529,9.8,4
48,7a9e935e-1f5f-4429-8e20-1e1a001a7986,2018-03-31,user_10@email.com,56-65,Recovery,Zinc,0.25388465994609466,True,64.07515056558226,130.27233799805683,7.7,3
49,7a9e935e-1f5f-4429-8e20-1e1a001a7986,2018-03-31,user_10@email.com,56-65,Memory,Vitamin C,0.4947980309817492,True,64.07515056558226,130.27233799805683,7.7,3
50,7a9e935e-1f5f-4429-8e20-1e1a001a7986,2018-03-31,user_10@email.com,56-65,Strength,Placebo,0.42512935786759803,False,64.07515056558226,130.27233799805683,7.7,3
51,7a9e935e-1f5f-4429-8e20-1e1a001a7986,2018-03-31,user_10@email.com,56-65,Recovery,Omega-3,0.23477127727668998,False,64.07515056558226,130.27233799805683,7.7,3
52,7a9e935e-1f5f-4429-8e20-1e1a001a7986,2018-04-30,user_10@email.com,56-65,Endurance,Zinc,0.2158871672510142,False,96.44482005567828,109.61041514917336,4.5,4
53,7a9e935e-1f5f-4429-8e20-1e1a001a7986,2018-04-30,user_10@email.com,56-65,Recovery,Vitamin C,0.485274155811956,False,96.44482005567828,109.61041514917336,4.5,4
54,65137077-def6-43f0-b682-ca9373f82852,2018-01-31,hello11@email.com,18-25,Recovery,Placebo,0.33051223731347773,False,92.82030016928437,81.00649655659635,8.5,1
55,65137077-def6-43f0-b682-ca9373f82852,2018-02-28,hello11@email.com,18-25,,No intake,,,90.40139607212696,118.3435919456939,11.7,2
56,65137077-def6-43f0-b682-ca9373f82852,2018-03-31,hello11@email.com,18-25,,No intake,,,61.95065275252561,105.9404147988074,5.4,2
57,65137077-def6-43f0-b682-ca9373f82852,2018-04-30,hello11@email.com,18-25,Recovery,Zinc,0.4528951847165527,True,93.7491517084103,115.54245662764724,9.5,3
58,63596eef-16a1-4768-81ef-8c269270df2b,2018-01-31,hello_12@example.com,36-45,Focus,Zinc,0.34201238707408343,False,77.52176303621535,132.27811888001656,5.6,1
59,63596eef-16a1-4768-81ef-8c269270df2b,2018-02-28,hello_12@example.com,36-45,Sleep Quality,Zinc,0.11717446194708683,False,73.69580493183439,100.83041994592324,8.3,1
60,63596eef-16a1-4768-81ef-8c269270df2b,2018-02-28,hello_12@example.com,36-45,Strength,Magnesium,0.38381122543063917,False,73.69580493183439,100.83041994592324,8.3,1
61,63596eef-16a1-4768-81ef-8c269270df2b,2018-03-31,hello_12@example.com,36-45,Endurance,Placebo,0.4802752272558514,False,81.85905444101506,133.0824336252149,4.8,1
62,63596eef-16a1-4768-81ef-8c269270df2b,2018-03-31,hello_12@example.com,36-45,Strength,Vitamin C,0.24621151876291164,False,81.85905444101506,133.0824336252149,4.8,1
63,63596eef-16a1-4768-81ef-8c269270df2b,2018-04-30,hello_12@example.com,36-45,,No intake,,,63.65412970894224,122.54683099971584,7.6,3
64,d21f0dc8-4e0a-4bc8-a4e7-787e84e1e211,2018-01-31,user13@email.com,18-25,Strength,Zinc,0.10501927967556357,False,90.26586197409596,104.20234481145894,10.0,2
65,d21f0dc8-4e0a-4bc8-a4e7-787e84e1e211,2018-01-31,user13@email.com,18-25,Focus,Placebo,0.14399169430616685,True,90.26586197409596,104.20234481145894,10.0,2
66,d21f0dc8-4e0a-4bc8-a4e7-787e84e1e211,2018-02-28,user13@email.com,18-25,Memory,Omega-3,0.2399409470814655,False,83.29740307553183,112.22554949605744,6.8,4
67,d21f0dc8-4e0a-4bc8-a4e7-787e84e1e211,2018-02-28,user13@email.com,18-25,Memory,Zinc,0.17607125420959702,False,83.29740307553183,112.22554949605744,6.8,4
68,d21f0dc8-4e0a-4bc8-a4e7-787e84e1e211,2018-03-31,user13@email.com,18-25,Sleep Quality,Placebo,0.16076242039557584,False,67.4636038749267,92.7906792763308,9.3,3
69,d21f0dc8-4e0a-4bc8-a4e7-787e84e1e211,2018-03-31,user13@email.com,18-25,Focus,Magnesium,0.475518363901143,False,67.4636038749267,92.7906792763308,9.3,3
70,d21f0dc8-4e0a-4bc8-a4e7-787e84e1e211,2018-04-30,user13@email.com,18-25,Memory,Magnesium,0.4570710613379607,False,67.52928799076183,138.8518109817142,10.4,4
71,ec16043d-b3df-44d6-b2bb-79043266b340,2018-01-31,hello14@example.com,46-55,,No intake,,,67.36994606290696,116.71458141352772,11.4,2
72,ec16043d-b3df-44d6-b2bb-79043266b340,2018-02-28,hello14@example.com,46-55,,No intake,,,62.28009550207736,73.06927967476409,5.9,3
73,ec16043d-b3df-44d6-b2bb-79043266b340,2018-03-31,hello14@example.com,46-55,Strength,Magnesium,0.23790407490771823,False,83.5119379748674,92.86353340236062,7.2,2
74,ec16043d-b3df-44d6-b2bb-79043266b340,2018-03-31,hello14@example.com,46-55,Recovery,Magnesium,0.4111605977948148,False,83.5119379748674,92.86353340236062,7.2,2
75,ec16043d-b3df-44d6-b2bb-79043266b340,2018-04-30,hello14@example.com,46-55,Endurance,Vitamin C,0.23496588347457367,False,93.61392710354032,113.632010363134,5.2,4
76,77c3c726-12a0-4cf8-8960-b7a00c361111,2018-01-31,contact_15@example.com,18-25,,No intake,,,60.69992855949555,73.94332944594679,11.9,1
77,77c3c726-12a0-4cf8-8960-b7a00c361111,2018-02-28,contact_15@example.com,18-25,Focus,Vitamin C,0.3241952157912408,True,61.960185798850944,71.67189339234,11.4,1
78,77c3c726-12a0-4cf8-8960-b7a00c361111,2018-03-31,contact_15@example.com,18-25,Endurance,Magnesium,0.4952346626946239,False,82.91081106747782,101.50169676694618,8.3,4
79,77c3c726-12a0-4cf8-8960-b7a00c361111,2018-03-31,contact_15@example.com,18-25,Focus,Placebo,0.25478108163510393,False,82.91081106747782,101.50169676694618,8.3,4
80,77c3c726-12a0-4cf8-8960-b7a00c361111,2018-03-31,contact_15@example.com,18-25,Recovery,Placebo,0.4950342966154298,False,82.91081106747782,101.50169676694618,8.3,4
81,77c3c726-12a0-4cf8-8960-b7a00c361111,2018-04-30,contact_15@example.com,18-25,Recovery,Omega-3,0.13103538067574588,False,92.7798274154421,93.28831257848692,10.7,1
82,77c3c726-12a0-4cf8-8960-b7a00c361111,2018-04-30,contact_15@example.com,18-25,Endurance,Vitamin C,0.2243167650138587,False,92.7798274154421,93.28831257848692,10.7,1
83,9784a5c9-6b9b-47a0-912a-31832133b290,2018-01-31,user16@myemail.com,36-45,Strength,Magnesium,0.310609884308456,False,73.06955562274534,100.68090256232162,8.2,4
84,9784a5c9-6b9b-47a0-912a-31832133b290,2018-01-31,user16@myemail.com,36-45,Recovery,Zinc,0.20138773788626538,False,73.06955562274534,100.68090256232162,8.2,4
85,9784a5c9-6b9b-47a0-912a-31832133b290,2018-01-31,user16@myemail.com,36-45,Strength,Omega-3,0.3347010478984481,True,73.06955562274534,100.68090256232162,8.2,4
86,9784a5c9-6b9b-47a0-912a-31832133b290,2018-01-31,user16@myemail.com,36-45,Recovery,Magnesium,0.20379520929515277,False,73.06955562274534,100.68090256232162,8.2,4
87,9784a5c9-6b9b-47a0-912a-31832133b290,2018-02-28,user16@myemail.com,36-45,Memory,Zinc,0.12678950644942963,False,73.98457595230889,88.38853169160036,9.0,3
88,9784a5c9-6b9b-47a0-912a-31832133b290,2018-03-31,user16@myemail.com,36-45,,No intake,,,83.85385989987104,81.53024228600866,4.7,3
89,9784a5c9-6b9b-47a0-912a-31832133b290,2018-04-30,user16@myemail.com,36-45,Sleep Quality,Placebo,0.3546883380545568,True,70.96851556496588,118.24003498862363,10.0,3
90,9784a5c9-6b9b-47a0-912a-31832133b290,2018-04-30,user16@myemail.com,36-45,Sleep Quality,Zinc,0.2020461573352003,False,70.96851556496588,118.24003498862363,10.0,3
91,9784a5c9-6b9b-47a0-912a-31832133b290,2018-04-30,user16@myemail.com,36-45,Endurance,Vitamin C,0.3334960901096889,False,70.96851556496588,118.24003498862363,10.0,3
92,9a7cb47b-3798-4ed4-8953-9f8c638c22a7,2018-01-31,contact17@myemail.com,46-55,Endurance,Vitamin C,0.4639217315800762,False,61.064334643107365,106.01997813874604,5.0,1
93,9a7cb47b-3798-4ed4-8953-9f8c638c22a7,2018-01-31,contact17@myemail.com,46-55,Strength,Zinc,0.25937006749578545,False,61.064334643107365,106.01997813874604,5.0,1
94,9a7cb47b-3798-4ed4-8953-9f8c638c22a7,2018-01-31,contact17@myemail.com,46-55,Focus,Omega-3,0.1577013076311243,True,61.064334643107365,106.01997813874604,5.0,1
95,9a7cb47b-3798-4ed4-8953-9f8c638c22a7,2018-02-28,contact17@myemail.com,46-55,Recovery,Zinc,0.16924601037153794,False,89.40914072406385,84.01079478745568,10.6,2
96,9a7cb47b-3798-4ed4-8953-9f8c638c22a7,2018-02-28,contact17@myemail.com,46-55,Strength,Omega-3,0.49418242840187127,True,89.40914072406385,84.01079478745568,10.6,2
97,9a7cb47b-3798-4ed4-8953-9f8c638c22a7,2018-02-28,contact17@myemail.com,46-55,Focus,Vitamin C,0.20994857123686128,False,89.40914072406385,84.01079478745568,10.6,2
98,9a7cb47b-3798-4ed4-8953-9f8c638c22a7,2018-03-31,contact17@myemail.com,46-55,,No intake,,,85.02599651765813,92.37125983819988,10.3,1
99,9a7cb47b-3798-4ed4-8953-9f8c638c22a7,2018-04-30,contact17@myemail.com,46-55,Recovery,Omega-3,0.2520467435498257,False,83.23023996222636,111.4265535364328,9.7,1
100,d72f2c55-9c5f-418c-b50c-7a8004eabcb8,2018-01-31,user_18@myemail.com,46-55,Strength,Zinc,0.14465467486835143,True,89.66736515967293,75.05605437907344,4.3,2
101,d72f2c55-9c5f-418c-b50c-7a8004eabcb8,2018-01-31,user_18@myemail.com,46-55,Focus,Omega-3,0.33894562998422034,False,89.66736515967293,75.05605437907344,4.3,2
102,d72f2c55-9c5f-418c-b50c-7a8004eabcb8,2018-02-28,user_18@myemail.com,46-55,Endurance,Zinc,0.11107595470351016,False,87.0092335024815,80.32171064863257,6.4,2
103,d72f2c55-9c5f-418c-b50c-7a8004eabcb8,2018-02-28,user_18@myemail.com,46-55,Memory,Zinc,0.3636136532333295,True,87.0092335024815,80.32171064863257,6.4,2
104,d72f2c55-9c5f-418c-b50c-7a8004eabcb8,2018-03-31,user_18@myemail.com,46-55,Memory,Vitamin C,0.3929580183429023,False,68.23527952713285,75.1271922875173,6.1,2
105,d72f2c55-9c5f-418c-b50c-7a8004eabcb8,2018-04-30,user_18@myemail.com,46-55,Endurance,Vitamin C,0.2617921070000754,False,74.09924187773404,126.86221328998832,6.9,2
106,d72f2c55-9c5f-418c-b50c-7a8004eabcb8,2018-04-30,user_18@myemail.com,46-55,Focus,Zinc,0.1901347645817312,False,74.09924187773404,126.86221328998832,6.9,2
107,d72f2c55-9c5f-418c-b50c-7a8004eabcb8,2018-04-30,user_18@myemail.com,46-55,Endurance,Omega-3,0.2673963057141052,False,74.09924187773404,126.86221328998832,6.9,2
108,7de5f0f1-009d-43e8-9942-800338a9e8c0,2018-01-31,hello19@email.com,Over 65,Memory,Zinc,0.24344936280929952,False,65.044405667145,122.66864632484064,4.7,1
109,7de5f0f1-009d-43e8-9942-800338a9e8c0,2018-01-31,hello19@email.com,Over 65,Strength,Vitamin C,0.3282940995904563,False,65.044405667145,122.66864632484064,4.7,1
110,7de5f0f1-009d-43e8-9942-800338a9e8c0,2018-01-31,hello19@email.com,Over 65,Sleep Quality,Zinc,0.41399572306485877,False,65.044405667145,122.66864632484064,4.7,1
111,7de5f0f1-009d-43e8-9942-800338a9e8c0,2018-02-28,hello19@email.com,Over 65,Recovery,Magnesium,0.34731552847640207,False,65.19428053671524,122.731905231548,11.5,4
112,7de5f0f1-009d-43e8-9942-800338a9e8c0,2018-03-31,hello19@email.com,Over 65,,No intake,,,87.04782985426156,120.14277404332196,8.4,3
113,7de5f0f1-009d-43e8-9942-800338a9e8c0,2018-04-30,hello19@email.com,Over 65,,No intake,,,94.34400427929992,116.85697965689084,6.4,4
114,212769c7-78fd-4a00-8995-5c8e16cc7855,2018-01-31,hi_20@email.com,Over 65,Focus,Omega-3,0.2229798379845408,False,98.50930335444556,103.38943407647224,7.2,1
115,212769c7-78fd-4a00-8995-5c8e16cc7855,2018-02-28,hi_20@email.com,Over 65,Recovery,Vitamin C,0.36312906394907823,False,85.13388470197778,114.95947144549804,7.6,2
116,212769c7-78fd-4a00-8995-5c8e16cc7855,2018-02-28,hi_20@email.com,Over 65,Endurance,Omega-3,0.27421449736766657,False,85.13388470197778,114.95947144549804,7.6,2
117,212769c7-78fd-4a00-8995-5c8e16cc7855,2018-03-31,hi_20@email.com,Over 65,,No intake,,,67.36405293443828,72.68530883515822,8.8,3
118,212769c7-78fd-4a00-8995-5c8e16cc7855,2018-04-30,hi_20@email.com,Over 65,,No intake,,,64.22601381795722,113.50250958597492,8.1,3
119,6e8df1fe-f5a4-44bd-803f-7a85b84d961b,2018-01-31,contact21@myemail.com,Unknown,,No intake,,,92.51403886147033,124.4514393875814,11.4,4
120,6e8df1fe-f5a4-44bd-803f-7a85b84d961b,2018-02-28,contact21@myemail.com,Unknown,Focus,Zinc,0.2269664534865541,True,83.15025905439997,105.02508522690732,8.0,1
121,6e8df1fe-f5a4-44bd-803f-7a85b84d961b,2018-03-31,contact21@myemail.com,Unknown,Focus,Omega-3,0.3953418410833131,False,84.73140084054879,95.02593298990658,11.9,1
122,6e8df1fe-f5a4-44bd-803f-7a85b84d961b,2018-04-30,contact21@myemail.com,Unknown,Focus,Placebo,0.2404830273545652,False,91.25848355018836,89.41987143606855,10.8,1
123,6e8df1fe-f5a4-44bd-803f-7a85b84d961b,2018-04-30,contact21@myemail.com,Unknown,Focus,Magnesium,0.30871552685493764,False,91.25848355018836,89.41987143606855,10.8,1
124,6e8df1fe-f5a4-44bd-803f-7a85b84d961b,2018-04-30,contact21@myemail.com,Unknown,Focus,Zinc,0.3901403487601689,False,91.25848355018836,89.41987143606855,10.8,1
125,f72ddd39-5830-4150-a922-7c61f8d8109a,2018-01-31,contact_22@example.com,36-45,,No intake,,,88.13108910929806,114.99614351134576,5.7,3
126,f72ddd39-5830-4150-a922-7c61f8d8109a,2018-02-28,contact_22@example.com,36-45,Sleep Quality,Vitamin C,0.39549921161424906,True,93.37833011424388,118.4960839040936,11.4,4
127,f72ddd39-5830-4150-a922-7c61f8d8109a,2018-03-31,contact_22@example.com,36-45,Focus,Zinc,0.4553405508190168,True,62.24855621839514,130.96773199037798,4.9,3
128,f72ddd39-5830-4150-a922-7c61f8d8109a,2018-04-30,contact_22@example.com,36-45,,No intake,,,89.9008254698602,93.96338577226936,10.5,3
129,52246fa0-8fa6-4570-acbd-cae441dbcf0d,2018-01-31,contact23@example.com,18-25,Endurance,Placebo,0.1745477555264685,False,94.0341102928838,123.88406151699098,7.0,2
130,52246fa0-8fa6-4570-acbd-cae441dbcf0d,2018-01-31,contact23@example.com,18-25,Memory,Placebo,0.4765702379341089,True,94.0341102928838,123.88406151699098,7.0,2
131,52246fa0-8fa6-4570-acbd-cae441dbcf0d,2018-02-28,contact23@example.com,18-25,Strength,Zinc,0.3251724926020464,True,71.44540169833257,109.29490769325366,11.0,4
132,52246fa0-8fa6-4570-acbd-cae441dbcf0d,2018-03-31,contact23@example.com,18-25,Focus,Omega-3,0.34585694183711224,False,85.61789095973012,131.79855434746554,10.9,2
133,52246fa0-8fa6-4570-acbd-cae441dbcf0d,2018-04-30,contact23@example.com,18-25,,No intake,,,72.56648255347889,106.94684758069346,10.4,1
134,6bdf67bb-1299-4fe1-a074-afb73055a472,2018-01-31,contact24@myemail.com,Unknown,Recovery,Vitamin C,0.1199615683643593,False,98.31884265929816,106.2340879878577,10.3,3
135,6bdf67bb-1299-4fe1-a074-afb73055a472,2018-02-28,contact24@myemail.com,Unknown,,No intake,,,61.33694289742015,110.45139570086364,6.4,4
136,6bdf67bb-1299-4fe1-a074-afb73055a472,2018-03-31,contact24@myemail.com,Unknown,,No intake,,,83.1917137533182,122.4520748599704,4.6,1
137,6bdf67bb-1299-4fe1-a074-afb73055a472,2018-04-30,contact24@myemail.com,Unknown,Sleep Quality,Placebo,0.3327879230047257,False,66.6601418819806,137.52833351799228,7.2,4
138,6bdf67bb-1299-4fe1-a074-afb73055a472,2018-04-30,contact24@myemail.com,Unknown,Focus,Vitamin C,0.4451200136514908,False,66.6601418819806,137.52833351799228,7.2,4
139,6bdf67bb-1299-4fe1-a074-afb73055a472,2018-04-30,contact24@myemail.com,Unknown,Strength,Omega-3,0.2658600711180816,False,66.6601418819806,137.52833351799228,7.2,4
140,b684e232-502b-448c-ad80-b5fce62eed0e,2018-01-31,hi25@example.com,36-45,,No intake,,,88.48880820708635,75.1494347951036,5.4,3
141,b684e232-502b-448c-ad80-b5fce62eed0e,2018-02-28,hi25@example.com,36-45,,No intake,,,67.03561133674648,73.74042216737121,9.6,4
142,b684e232-502b-448c-ad80-b5fce62eed0e,2018-03-31,hi25@example.com,36-45,Memory,Vitamin C,0.414736453805667,False,69.4153304759343,135.6285236185137,6.8,1
143,b684e232-502b-448c-ad80-b5fce62eed0e,2018-04-30,hi25@example.com,36-45,,No intake,,,79.77483244183033,107.09129378627443,11.8,2
144,73fe0678-0de6-4cd7-901a-8494a53a88f9,2018-01-31,hi_26@email.com,56-65,Sleep Quality,Omega-3,0.2774843420875945,False,96.59339799987512,113.04321101968551,9.1,3
145,73fe0678-0de6-4cd7-901a-8494a53a88f9,2018-02-28,hi_26@email.com,56-65,,No intake,,,68.46857488591883,103.76965211163102,10.6,2
146,73fe0678-0de6-4cd7-901a-8494a53a88f9,2018-03-31,hi_26@email.com,56-65,Recovery,Magnesium,0.15000432803593747,False,65.76960084472414,76.55602168252321,5.1,3
147,73fe0678-0de6-4cd7-901a-8494a53a88f9,2018-04-30,hi_26@email.com,56-65,Endurance,Magnesium,0.43472995776119927,False,90.35907327416125,123.76625648930666,10.9,1
148,921adc07-487f-4a6a-8c98-9545d1f69ebb,2018-01-31,contact_27@example.com,36-45,,No intake,,,80.02478129335724,122.30572515620108,11.4,3
149,921adc07-487f-4a6a-8c98-9545d1f69ebb,2018-02-28,contact_27@example.com,36-45,Endurance,Magnesium,0.47530183108606827,False,96.47140449527086,91.81923250449684,7.9,2
150,921adc07-487f-4a6a-8c98-9545d1f69ebb,2018-03-31,contact_27@example.com,36-45,,No intake,,,65.8645822863937,91.43674716598802,8.9,3
151,921adc07-487f-4a6a-8c98-9545d1f69ebb,2018-04-30,contact_27@example.com,36-45,Strength,Magnesium,0.23613260337568273,False,85.83711572092157,128.6488966633863,10.1,1
152,a9a3459f-99dc-483b-b1d9-2d5f7ce234fb,2018-01-31,contact_28@email.com,36-45,Sleep Quality,Vitamin C,0.3970526987252574,False,69.3151658460726,75.06500804189287,5.4,3
153,a9a3459f-99dc-483b-b1d9-2d5f7ce234fb,2018-02-28,contact_28@email.com,36-45,Focus,Magnesium,0.36522154549444824,False,66.27041714606557,131.6773603849596,8.0,2
154,a9a3459f-99dc-483b-b1d9-2d5f7ce234fb,2018-03-31,contact_28@email.com,36-45,Focus,Magnesium,0.3478348400890752,False,87.33717660629083,87.966318292714,7.2,1
155,a9a3459f-99dc-483b-b1d9-2d5f7ce234fb,2018-04-30,contact_28@email.com,36-45,Sleep Quality,Omega-3,0.3008593810547941,False,83.74738479634934,111.50893234288458,5.2,2
156,a9a3459f-99dc-483b-b1d9-2d5f7ce234fb,2018-04-30,contact_28@email.com,36-45,Endurance,Zinc,0.348378434950302,False,83.74738479634934,111.50893234288458,5.2,2
157,36b78f1c-a60b-4333-9b8a-9f3dcfa0d8e5,2018-01-31,user_29@email.com,18-25,,No intake,,,90.19309833449324,135.51959253012444,6.9,3
158,36b78f1c-a60b-4333-9b8a-9f3dcfa0d8e5,2018-02-28,user_29@email.com,18-25,,No intake,,,72.3785030578473,117.46857510756524,4.5,4
159,36b78f1c-a60b-4333-9b8a-9f3dcfa0d8e5,2018-03-31,user_29@email.com,18-25,Endurance,Placebo,0.4462550349126041,False,77.9188662552876,99.01008687269255,4.2,2
160,36b78f1c-a60b-4333-9b8a-9f3dcfa0d8e5,2018-04-30,user_29@email.com,18-25,Recovery,Omega-3,0.36896061951856424,False,76.21886705321674,118.26739462337906,5.1,3
161,19b24c8f-49c0-442c-86f7-8bdded259548,2018-01-31,user30@email.com,18-25,Focus,Omega-3,0.47209012107804105,True,99.36357855866058,94.07857454214592,11.7,4
162,19b24c8f-49c0-442c-86f7-8bdded259548,2018-02-28,user30@email.com,18-25,Strength,Vitamin C,0.4535034113353954,False,71.68995826957551,89.40808914444303,8.4,4
163,19b24c8f-49c0-442c-86f7-8bdded259548,2018-02-28,user30@email.com,18-25,Recovery,Zinc,0.2835022127957817,True,71.68995826957551,89.40808914444303,8.4,4
164,19b24c8f-49c0-442c-86f7-8bdded259548,2018-02-28,user30@email.com,18-25,Strength,Omega-3,0.14267295899269405,False,71.68995826957551,89.40808914444303,8.4,4
165,19b24c8f-49c0-442c-86f7-8bdded259548,2018-03-31,user30@email.com,18-25,Memory,Zinc,0.16414636396196294,False,71.79268953387067,139.76782945542757,11.7,1
166,19b24c8f-49c0-442c-86f7-8bdded259548,2018-03-31,user30@email.com,18-25,Sleep Quality,Placebo,0.16455836709791719,True,71.79268953387067,139.76782945542757,11.7,1
167,19b24c8f-49c0-442c-86f7-8bdded259548,2018-04-30,user30@email.com,18-25,Recovery,Omega-3,0.1674328013990478,False,74.1819283531443,122.55531618258512,7.5,4
168,19b24c8f-49c0-442c-86f7-8bdded259548,2018-04-30,user30@email.com,18-25,Endurance,Vitamin C,0.4603419319908512,False,74.1819283531443,122.55531618258512,7.5,4
169,f8a2f386-1bdc-4183-82f3-4c6fe814589e,2018-01-31,hi31@email.com,18-25,Strength,Omega-3,0.2195303327394672,False,82.58376325161287,115.13039841672725,6.5,2
170,f8a2f386-1bdc-4183-82f3-4c6fe814589e,2018-01-31,hi31@email.com,18-25,Memory,Vitamin C,0.19994244406433376,False,82.58376325161287,115.13039841672725,6.5,2
171,f8a2f386-1bdc-4183-82f3-4c6fe814589e,2018-02-28,hi31@email.com,18-25,Endurance,Vitamin C,0.46185537084597966,False,70.09290977054981,94.87027502535231,8.0,2
172,f8a2f386-1bdc-4183-82f3-4c6fe814589e,2018-03-31,hi31@email.com,18-25,Recovery,Omega-3,0.42895643717851295,False,96.61159761517096,73.44125804085337,7.5,4
173,f8a2f386-1bdc-4183-82f3-4c6fe814589e,2018-03-31,hi31@email.com,18-25,Strength,Magnesium,0.34765986372589325,False,96.61159761517096,73.44125804085337,7.5,4
174,f8a2f386-1bdc-4183-82f3-4c6fe814589e,2018-03-31,hi31@email.com,18-25,Sleep Quality,Vitamin C,0.18057758585187275,False,96.61159761517096,73.44125804085337,7.5,4
175,f8a2f386-1bdc-4183-82f3-4c6fe814589e,2018-03-31,hi31@email.com,18-25,Recovery,Magnesium,0.20220112969562556,False,96.61159761517096,73.44125804085337,7.5,4
176,f8a2f386-1bdc-4183-82f3-4c6fe814589e,2018-04-30,hi31@email.com,18-25,,No intake,,,70.62742259465054,72.17398132246089,4.8,3
177,7d1f259f-544d-4031-901e-8ced34c57b43,2018-01-31,contact_32@myemail.com,56-65,Sleep Quality,Omega-3,0.4989464726198816,True,95.83262926240778,108.79268788141592,9.1,2
178,7d1f259f-544d-4031-901e-8ced34c57b43,2018-01-31,contact_32@myemail.com,56-65,Memory,Placebo,0.2829177117582734,False,95.83262926240778,108.79268788141592,9.1,2
179,7d1f259f-544d-4031-901e-8ced34c57b43,2018-02-28,contact_32@myemail.com,56-65,Memory,Zinc,0.4677016986105246,False,64.13900254586339,123.34229047273357,5.7,2
180,7d1f259f-544d-4031-901e-8ced34c57b43,2018-02-28,contact_32@myemail.com,56-65,Recovery,Vitamin C,0.29747634198774003,True,64.13900254586339,123.34229047273357,5.7,2
181,7d1f259f-544d-4031-901e-8ced34c57b43,2018-03-31,contact_32@myemail.com,56-65,Strength,Magnesium,0.197461599845486,False,86.26250809598609,107.61654333106986,9.0,1
182,7d1f259f-544d-4031-901e-8ced34c57b43,2018-04-30,contact_32@myemail.com,56-65,Focus,Placebo,0.4821144784007289,False,96.27942073752976,128.85495503573802,9.2,3
183,dea88506-b892-4c98-b3c6-1340aed9ff7f,2018-01-31,contact_33@myemail.com,26-35,Focus,Zinc,0.356871764780126,False,66.74997753592918,72.33985731652551,5.2,4
184,dea88506-b892-4c98-b3c6-1340aed9ff7f,2018-02-28,contact_33@myemail.com,26-35,,No intake,,,98.7330784039702,95.6726453498158,4.5,3
185,dea88506-b892-4c98-b3c6-1340aed9ff7f,2018-03-31,contact_33@myemail.com,26-35,,No intake,,,78.11533441662047,86.59492738219247,10.2,1
186,dea88506-b892-4c98-b3c6-1340aed9ff7f,2018-04-30,contact_33@myemail.com,26-35,Recovery,Placebo,0.4294937652154212,False,97.82860433764098,101.30910777099854,7.7,1
187,04a64427-64fa-42b5-a830-2800008b4504,2018-01-31,contact_34@example.com,36-45,Sleep Quality,Omega-3,0.22671642979784568,False,87.07280174520187,75.06634752358858,4.5,3
188,04a64427-64fa-42b5-a830-2800008b4504,2018-01-31,contact_34@example.com,36-45,Recovery,Magnesium,0.20269763497382318,False,87.07280174520187,75.06634752358858,4.5,3
189,04a64427-64fa-42b5-a830-2800008b4504,2018-02-28,contact_34@example.com,36-45,,No intake,,,72.06347479494207,136.78921490997507,12.0,1
190,04a64427-64fa-42b5-a830-2800008b4504,2018-03-31,contact_34@example.com,36-45,Memory,Placebo,0.17678560364926102,False,67.53210099668425,85.62787807485526,4.5,1
191,04a64427-64fa-42b5-a830-2800008b4504,2018-04-30,contact_34@example.com,36-45,Focus,Magnesium,0.33889758732883374,True,72.14940184900398,134.56154428385094,9.6,1
192,04a64427-64fa-42b5-a830-2800008b4504,2018-04-30,contact_34@example.com,36-45,Strength,Vitamin C,0.3248256400235429,False,72.14940184900398,134.56154428385094,9.6,1
193,e6f4a3e6-b5e5-4d57-8948-1a660463e38d,2018-01-31,hello_35@myemail.com,56-65,Sleep Quality,Vitamin C,0.18180414822238192,False,63.720696370507,99.81252085256772,11.9,3
194,e6f4a3e6-b5e5-4d57-8948-1a660463e38d,2018-02-28,hello_35@myemail.com,56-65,,No intake,,,65.75471865373319,138.98668932786526,5.9,1
195,e6f4a3e6-b5e5-4d57-8948-1a660463e38d,2018-03-31,hello_35@myemail.com,56-65,Endurance,Omega-3,0.12947650094817387,True,64.18641761385925,108.78408684221476,5.1,4
196,e6f4a3e6-b5e5-4d57-8948-1a660463e38d,2018-04-30,hello_35@myemail.com,56-65,,No intake,,,76.91774174966231,135.15830049230652,5.0,4
197,417455de-258c-46ff-9d22-8e5f6a18ea1c,2018-01-31,contact36@email.com,46-55,Memory,Zinc,0.45290782580783046,True,91.82313505030343,70.3744292085956,6.4,2
198,417455de-258c-46ff-9d22-8e5f6a18ea1c,2018-01-31,contact36@email.com,46-55,Focus,Placebo,0.19892071953108917,True,91.82313505030343,70.3744292085956,6.4,2
199,417455de-258c-46ff-9d22-8e5f6a18ea1c,2018-01-31,contact36@email.com,46-55,Sleep Quality,Magnesium,0.19946751339902802,False,91.82313505030343,70.3744292085956,6.4,2
200,417455de-258c-46ff-9d22-8e5f6a18ea1c,2018-01-31,contact36@email.com,46-55,Recovery,Omega-3,0.4490448699510341,False,91.82313505030343,70.3744292085956,6.4,2
201,417455de-258c-46ff-9d22-8e5f6a18ea1c,2018-02-28,contact36@email.com,46-55,Sleep Quality,Placebo,0.21093368241982172,False,65.6553421686536,122.37671643266302,4.8,4
202,417455de-258c-46ff-9d22-8e5f6a18ea1c,2018-02-28,contact36@email.com,46-55,Sleep Quality,Placebo,0.37892581611869175,False,65.6553421686536,122.37671643266302,4.8,4
203,417455de-258c-46ff-9d22-8e5f6a18ea1c,2018-03-31,contact36@email.com,46-55,Strength,Omega-3,0.11833347373948465,False,65.21281732689343,133.2135457171761,9.5,2
204,417455de-258c-46ff-9d22-8e5f6a18ea1c,2018-03-31,contact36@email.com,46-55,Sleep Quality,Omega-3,0.4427875341315866,True,65.21281732689343,133.2135457171761,9.5,2
205,417455de-258c-46ff-9d22-8e5f6a18ea1c,2018-04-30,contact36@email.com,46-55,,No intake,,,85.73715798069323,79.78043968852678,4.5,3
206,0edf38f1-cd28-4bfc-b188-bec21df7b2e9,2018-01-31,user37@email.com,Over 65,Sleep Quality,Magnesium,0.2394364601506332,False,67.88731927872266,76.7288096212506,8.1,1
207,0edf38f1-cd28-4bfc-b188-bec21df7b2e9,2018-02-28,user37@email.com,Over 65,,No intake,,,63.90440152435966,99.7200825030169,12.0,4
208,0edf38f1-cd28-4bfc-b188-bec21df7b2e9,2018-03-31,user37@email.com,Over 65,Focus,Zinc,0.2527882633666464,False,66.6739431282231,135.35752342930545,10.5,2
209,0edf38f1-cd28-4bfc-b188-bec21df7b2e9,2018-03-31,user37@email.com,Over 65,Endurance,Placebo,0.12444543045133771,False,66.6739431282231,135.35752342930545,10.5,2
210,0edf38f1-cd28-4bfc-b188-bec21df7b2e9,2018-04-30,user37@email.com,Over 65,Strength,Vitamin C,0.4081751232499914,True,96.94925583507104,107.96705921333071,8.9,3
211,0edf38f1-cd28-4bfc-b188-bec21df7b2e9,2018-04-30,user37@email.com,Over 65,Memory,Vitamin C,0.3797483827243908,False,96.94925583507104,107.96705921333071,8.9,3
212,88630a30-9fd6-4673-a4d3-94e49d0df878,2018-01-31,hello_38@email.com,26-35,Strength,Magnesium,0.23947251559398663,False,92.85885011104764,106.92195246052124,6.5,2
213,88630a30-9fd6-4673-a4d3-94e49d0df878,2018-02-28,hello_38@email.com,26-35,Memory,Magnesium,0.349918282933545,False,74.16258249420376,79.87882828095253,9.0,1
214,88630a30-9fd6-4673-a4d3-94e49d0df878,2018-03-31,hello_38@email.com,26-35,Recovery,Vitamin C,0.4431035831228445,False,86.2328306930957,70.05526577652532,8.2,4
215,88630a30-9fd6-4673-a4d3-94e49d0df878,2018-03-31,hello_38@email.com,26-35,Endurance,Placebo,0.45442033607603044,False,86.2328306930957,70.05526577652532,8.2,4
216,88630a30-9fd6-4673-a4d3-94e49d0df878,2018-04-30,hello_38@email.com,26-35,,No intake,,,81.49102694672152,126.70980635218228,7.4,3
217,698a9378-d939-4ce2-b18e-955c6ab40536,2018-01-31,hello39@email.com,36-45,Strength,Magnesium,0.3370655800533979,False,87.08497053930256,76.13021940903667,5.0,2
218,698a9378-d939-4ce2-b18e-955c6ab40536,2018-02-28,hello39@email.com,36-45,Strength,Placebo,0.2577363172377292,True,87.30684609851038,114.36948731147268,11.1,3
219,698a9378-d939-4ce2-b18e-955c6ab40536,2018-03-31,hello39@email.com,36-45,,No intake,,,85.14936060239972,134.0231518160634,7.6,2
220,698a9378-d939-4ce2-b18e-955c6ab40536,2018-04-30,hello39@email.com,36-45,Sleep Quality,Placebo,0.2847093217245165,True,70.64405474149234,84.60563392109017,5.6,2
221,698a9378-d939-4ce2-b18e-955c6ab40536,2018-04-30,hello39@email.com,36-45,Recovery,Magnesium,0.4912137648378055,False,70.64405474149234,84.60563392109017,5.6,2
222,4a2d5d57-f989-4f43-a92b-5a27c11dc508,2018-01-31,hello40@email.com,56-65,,No intake,,,61.56025683051273,116.56909853658377,6.9,1
223,4a2d5d57-f989-4f43-a92b-5a27c11dc508,2018-02-28,hello40@email.com,56-65,Memory,Omega-3,0.3784701202543071,True,78.22267127960436,75.50890036952566,7.3,1
224,4a2d5d57-f989-4f43-a92b-5a27c11dc508,2018-03-31,hello40@email.com,56-65,Endurance,Zinc,0.22748106238455335,False,95.63895538762816,112.2628600686329,10.6,2
225,4a2d5d57-f989-4f43-a92b-5a27c11dc508,2018-04-30,hello40@email.com,56-65,,No intake,,,82.77989034074304,81.4752204667242,9.9,4
226,af561365-7bc7-4a6f-8e72-62701c8badad,2018-01-31,contact_41@email.com,36-45,Memory,Zinc,0.4237993686246245,False,93.29564166807631,121.51674923606244,10.2,3
227,af561365-7bc7-4a6f-8e72-62701c8badad,2018-02-28,contact_41@email.com,36-45,,No intake,,,99.66497371844912,91.08619063557356,4.1,3
228,af561365-7bc7-4a6f-8e72-62701c8badad,2018-03-31,contact_41@email.com,36-45,Endurance,Magnesium,0.4227485573075518,False,66.54464816553104,102.43737061632524,7.3,1
229,af561365-7bc7-4a6f-8e72-62701c8badad,2018-03-31,contact_41@email.com,36-45,Sleep Quality,Placebo,0.2939756122331053,False,66.54464816553104,102.43737061632524,7.3,1
230,af561365-7bc7-4a6f-8e72-62701c8badad,2018-04-30,contact_41@email.com,36-45,,No intake,,,87.67110556567928,111.96013794193352,7.9,4
231,c265f82d-9b92-461e-9123-81d8a0740171,2018-01-31,hi42@myemail.com,26-35,Recovery,Zinc,0.4535183936305909,False,86.97174294800098,81.98913874663677,4.2,2
232,c265f82d-9b92-461e-9123-81d8a0740171,2018-02-28,hi42@myemail.com,26-35,Strength,Placebo,0.2162316915618649,True,99.19821789433114,121.91464730323348,6.1,1
233,c265f82d-9b92-461e-9123-81d8a0740171,2018-03-31,hi42@myemail.com,26-35,Sleep Quality,Placebo,0.2112718706833211,False,99.42402935811202,91.184823844577,10.1,2
234,c265f82d-9b92-461e-9123-81d8a0740171,2018-04-30,hi42@myemail.com,26-35,,No intake,,,87.46714446896519,116.36603019389275,5.1,2
235,26b710d2-7682-4baa-a935-803dd7857f65,2018-01-31,user_43@email.com,Unknown,Strength,Omega-3,0.483443420017768,False,69.74459167928777,81.07981354895615,8.3,1
236,26b710d2-7682-4baa-a935-803dd7857f65,2018-01-31,user_43@email.com,Unknown,Memory,Placebo,0.24589561177591543,False,69.74459167928777,81.07981354895615,8.3,1
237,26b710d2-7682-4baa-a935-803dd7857f65,2018-02-28,user_43@email.com,Unknown,,No intake,,,91.94223352522395,118.16823614444452,5.7,4
238,26b710d2-7682-4baa-a935-803dd7857f65,2018-03-31,user_43@email.com,Unknown,Focus,Zinc,0.41020763220952383,True,64.28116536844152,78.97316509673232,4.1,3
239,26b710d2-7682-4baa-a935-803dd7857f65,2018-04-30,user_43@email.com,Unknown,Sleep Quality,Vitamin C,0.2155963727767765,False,91.22797216686514,99.77495473889886,5.9,1
240,7adfd8cf-547d-4924-9ec1-41974b6a27ff,2018-01-31,contact_44@email.com,56-65,Focus,Vitamin C,0.31480291463756965,False,96.40784496578786,87.30442516172138,11.8,4
241,7adfd8cf-547d-4924-9ec1-41974b6a27ff,2018-01-31,contact_44@email.com,56-65,Recovery,Vitamin C,0.2955744467505244,True,96.40784496578786,87.30442516172138,11.8,4
242,7adfd8cf-547d-4924-9ec1-41974b6a27ff,2018-02-28,contact_44@email.com,56-65,Endurance,Zinc,0.3627616423839026,False,75.31333579073741,122.38626745997276,10.4,2
243,7adfd8cf-547d-4924-9ec1-41974b6a27ff,2018-03-31,contact_44@email.com,56-65,,No intake,,,85.22541179932321,88.34245031548122,11.7,1
244,7adfd8cf-547d-4924-9ec1-41974b6a27ff,2018-04-30,contact_44@email.com,56-65,,No intake,,,77.20570928387305,131.72021144767774,7.9,3
245,a89c9636-6e24-40f1-a2eb-c9bcec783f0f,2018-01-31,user_45@email.com,36-45,,No intake,,,77.51060219952514,132.4274147984629,4.9,3
246,a89c9636-6e24-40f1-a2eb-c9bcec783f0f,2018-02-28,user_45@email.com,36-45,,No intake,,,72.4148355643248,83.75089206559501,8.4,2
247,a89c9636-6e24-40f1-a2eb-c9bcec783f0f,2018-03-31,user_45@email.com,36-45,Recovery,Vitamin C,0.45250127277782387,False,90.48518481801298,112.96921615054067,7.6,1
248,a89c9636-6e24-40f1-a2eb-c9bcec783f0f,2018-03-31,user_45@email.com,36-45,Endurance,Placebo,0.2979107373894649,False,90.48518481801298,112.96921615054067,7.6,1
249,a89c9636-6e24-40f1-a2eb-c9bcec783f0f,2018-03-31,user_45@email.com,36-45,Focus,Magnesium,0.3654856661805876,False,90.48518481801298,112.96921615054067,7.6,1
250,a89c9636-6e24-40f1-a2eb-c9bcec783f0f,2018-04-30,user_45@email.com,36-45,Endurance,Placebo,0.14588492887487328,False,97.4470625666602,76.1402349203975,10.8,3
251,bf844f76-55ac-487b-972b-9b767c93c2a5,2018-01-31,contact_46@email.com,56-65,Recovery,Omega-3,0.17463201579724988,False,97.63003436937844,97.40759697211404,4.8,1
252,bf844f76-55ac-487b-972b-9b767c93c2a5,2018-02-28,contact_46@email.com,56-65,Memory,Magnesium,0.2394868859428061,False,66.99125139499735,119.93252106508903,7.9,3
253,bf844f76-55ac-487b-972b-9b767c93c2a5,2018-03-31,contact_46@email.com,56-65,,No intake,,,94.98974598626263,116.15962727949416,5.2,2
254,bf844f76-55ac-487b-972b-9b767c93c2a5,2018-04-30,contact_46@email.com,56-65,Focus,Omega-3,0.4468126395106735,False,89.49725765708489,113.72904685846255,6.6,2
255,d6918999-fdc8-45e1-b2a7-0f0f1279c69a,2018-01-31,hi_47@myemail.com,46-55,,No intake,,,70.11349602761157,89.77786045637106,9.9,1
256,d6918999-fdc8-45e1-b2a7-0f0f1279c69a,2018-02-28,hi_47@myemail.com,46-55,Strength,Zinc,0.24546364573264268,False,62.69138451686058,96.46174646040814,7.8,4
257,d6918999-fdc8-45e1-b2a7-0f0f1279c69a,2018-02-28,hi_47@myemail.com,46-55,Sleep Quality,Vitamin C,0.49241545067248477,True,62.69138451686058,96.46174646040814,7.8,4
258,d6918999-fdc8-45e1-b2a7-0f0f1279c69a,2018-02-28,hi_47@myemail.com,46-55,Memory,Zinc,0.1594349710485609,True,62.69138451686058,96.46174646040814,7.8,4
259,d6918999-fdc8-45e1-b2a7-0f0f1279c69a,2018-03-31,hi_47@myemail.com,46-55,Endurance,Zinc,0.4238325209085144,True,70.71989067537513,77.20623012902003,7.0,4
260,d6918999-fdc8-45e1-b2a7-0f0f1279c69a,2018-04-30,hi_47@myemail.com,46-55,Focus,Placebo,0.14450449892378736,False,96.48832947126104,120.33159743035208,7.2,2
261,d6918999-fdc8-45e1-b2a7-0f0f1279c69a,2018-04-30,hi_47@myemail.com,46-55,Memory,Vitamin C,0.27468263427579687,False,96.48832947126104,120.33159743035208,7.2,2
262,70e4298d-0726-4437-bde2-4be315ccb746,2018-01-31,hello_48@email.com,56-65,Endurance,Vitamin C,0.16727631377130187,True,85.32714699583089,105.27221577538916,7.7,3
263,70e4298d-0726-4437-bde2-4be315ccb746,2018-02-28,hello_48@email.com,56-65,,No intake,,,88.84218643591487,119.61359426419584,10.3,4
264,70e4298d-0726-4437-bde2-4be315ccb746,2018-03-31,hello_48@email.com,56-65,,No intake,,,70.28609404436384,87.42604673578109,11.1,2
265,70e4298d-0726-4437-bde2-4be315ccb746,2018-04-30,hello_48@email.com,56-65,,No intake,,,88.77552622299281,92.71067600445464,11.6,3
266,134eb251-4b45-43c4-8bbf-1687a32d4dcb,2018-01-31,hi_49@example.com,56-65,,No intake,,,61.12486025111695,93.39507360820802,10.3,3
267,134eb251-4b45-43c4-8bbf-1687a32d4dcb,2018-02-28,hi_49@example.com,56-65,Sleep Quality,Omega-3,0.290121469867048,False,75.01285383092055,71.80196868230513,6.5,4
268,134eb251-4b45-43c4-8bbf-1687a32d4dcb,2018-03-31,hi_49@example.com,56-65,Strength,Vitamin C,0.45527769033926374,False,85.07013394169326,93.87335109814364,9.5,2
269,134eb251-4b45-43c4-8bbf-1687a32d4dcb,2018-04-30,hi_49@example.com,56-65,,No intake,,,65.8438626216528,126.23132014626236,7.5,3
270,8b390071-5912-470e-b9f1-55797c35346e,2018-01-31,hello50@example.com,26-35,Memory,Vitamin C,0.3964315218171184,False,92.9201429778774,132.8108947024817,6.0,3
271,8b390071-5912-470e-b9f1-55797c35346e,2018-01-31,hello50@example.com,26-35,Endurance,Vitamin C,0.17720485359435703,False,92.9201429778774,132.8108947024817,6.0,3
272,8b390071-5912-470e-b9f1-55797c35346e,2018-01-31,hello50@example.com,26-35,Memory,Zinc,0.188587433212748,False,92.9201429778774,132.8108947024817,6.0,3
273,8b390071-5912-470e-b9f1-55797c35346e,2018-02-28,hello50@example.com,26-35,Strength,Zinc,0.17525933941862223,True,69.40125195247674,106.27528209451492,10.7,1
274,8b390071-5912-470e-b9f1-55797c35346e,2018-02-28,hello50@example.com,26-35,Recovery,Omega-3,0.2823030811445824,False,69.40125195247674,106.27528209451492,10.7,1
275,8b390071-5912-470e-b9f1-55797c35346e,2018-03-31,hello50@example.com,26-35,Recovery,Vitamin C,0.2718266531228514,False,86.09124451273786,101.88511866534542,4.3,1
276,8b390071-5912-470e-b9f1-55797c35346e,2018-04-30,hello50@example.com,26-35,,No intake,,,76.20788570301319,72.15772330895592,11.2,4
277,67e84be2-6222-4007-8894-1aa3b185aed4,2018-01-31,hello_51@example.com,Unknown,,No intake,,,83.84174381910589,131.5443036309768,7.7,1
278,67e84be2-6222-4007-8894-1aa3b185aed4,2018-02-28,hello_51@example.com,Unknown,,No intake,,,64.29802210515632,70.91071493981109,9.1,2
279,67e84be2-6222-4007-8894-1aa3b185aed4,2018-03-31,hello_51@example.com,Unknown,Focus,Omega-3,0.49167059888002335,False,60.67651199686429,136.13250561471483,9.3,4
280,67e84be2-6222-4007-8894-1aa3b185aed4,2018-04-30,hello_51@example.com,Unknown,Strength,Placebo,0.11515774515359845,True,96.38257709521204,104.24513740816634,11.2,4
281,59d3b4eb-5ad8-4d95-a4b2-9c4dfb9d3e9c,2018-01-31,user_52@myemail.com,46-55,Sleep Quality,Vitamin C,0.11851195179569901,False,70.78520035068732,93.93541455023086,9.1,1
282,59d3b4eb-5ad8-4d95-a4b2-9c4dfb9d3e9c,2018-02-28,user_52@myemail.com,46-55,Recovery,Vitamin C,0.1883299663511264,True,92.78708011121836,134.6952904389862,8.9,3
283,59d3b4eb-5ad8-4d95-a4b2-9c4dfb9d3e9c,2018-02-28,user_52@myemail.com,46-55,Strength,Zinc,0.19029230738522315,False,92.78708011121836,134.6952904389862,8.9,3
284,59d3b4eb-5ad8-4d95-a4b2-9c4dfb9d3e9c,2018-02-28,user_52@myemail.com,46-55,Memory,Magnesium,0.1225079776858842,False,92.78708011121836,134.6952904389862,8.9,3
285,59d3b4eb-5ad8-4d95-a4b2-9c4dfb9d3e9c,2018-02-28,user_52@myemail.com,46-55,Memory,Vitamin C,0.18704560977953025,False,92.78708011121836,134.6952904389862,8.9,3
286,59d3b4eb-5ad8-4d95-a4b2-9c4dfb9d3e9c,2018-03-31,user_52@myemail.com,46-55,,No intake,,,99.974012018888,71.70736951770677,4.5,2
287,59d3b4eb-5ad8-4d95-a4b2-9c4dfb9d3e9c,2018-04-30,user_52@myemail.com,46-55,Sleep Quality,Vitamin C,0.10509557733488602,False,68.45725031995644,110.69974264083608,8.1,2
288,d7b0d4de-9c99-4507-9740-0030e7a4e4b2,2018-01-31,hi53@email.com,18-25,,No intake,,,70.60682964733422,108.42527671495364,5.2,2
289,d7b0d4de-9c99-4507-9740-0030e7a4e4b2,2018-02-28,hi53@email.com,18-25,Recovery,Omega-3,0.2770420119123733,False,86.51439150538663,85.35242808479674,9.9,4
290,d7b0d4de-9c99-4507-9740-0030e7a4e4b2,2018-02-28,hi53@email.com,18-25,Endurance,Zinc,0.3971512302873403,False,86.51439150538663,85.35242808479674,9.9,4
291,d7b0d4de-9c99-4507-9740-0030e7a4e4b2,2018-03-31,hi53@email.com,18-25,Focus,Magnesium,0.1014425744425846,True,98.61794538402484,100.02212019451474,8.1,2
292,d7b0d4de-9c99-4507-9740-0030e7a4e4b2,2018-04-30,hi53@email.com,18-25,Memory,Placebo,0.37292218514682446,True,96.63257392762976,115.65848041606392,9.4,3
293,d7b0d4de-9c99-4507-9740-0030e7a4e4b2,2018-04-30,hi53@email.com,18-25,Strength,Vitamin C,0.3560525661563689,False,96.63257392762976,115.65848041606392,9.4,3
294,d7b0d4de-9c99-4507-9740-0030e7a4e4b2,2018-04-30,hi53@email.com,18-25,Focus,Placebo,0.19314559591633645,False,96.63257392762976,115.65848041606392,9.4,3
295,b78d6213-4c6e-4228-9ae0-5397d610d940,2018-01-31,user54@example.com,18-25,,No intake,,,80.11502080262339,120.89918378173492,4.3,3
296,b78d6213-4c6e-4228-9ae0-5397d610d940,2018-02-28,user54@example.com,18-25,Sleep Quality,Placebo,0.433004867410717,False,91.804411301069,70.05018010946058,4.7,1
297,b78d6213-4c6e-4228-9ae0-5397d610d940,2018-03-31,user54@example.com,18-25,,No intake,,,65.42983412399605,135.57974010637108,9.7,2
298,b78d6213-4c6e-4228-9ae0-5397d610d940,2018-04-30,user54@example.com,18-25,Recovery,Magnesium,0.2907791064758139,False,99.09752736816048,81.51677606749686,4.6,4
299,40067f1c-47d0-4f6f-8ded-8a327777cd53,2018-01-31,user55@example.com,Over 65,,No intake,,,98.57412936143946,86.35063039556515,4.6,1
300,40067f1c-47d0-4f6f-8ded-8a327777cd53,2018-02-28,user55@example.com,Over 65,Strength,Zinc,0.38975282060665345,False,66.54915831516684,88.44314119856938,4.1,3
301,40067f1c-47d0-4f6f-8ded-8a327777cd53,2018-03-31,user55@example.com,Over 65,Endurance,Magnesium,0.29270276364907055,False,71.97692499212427,72.64740955864247,11.7,2
302,40067f1c-47d0-4f6f-8ded-8a327777cd53,2018-03-31,user55@example.com,Over 65,Memory,Zinc,0.3211986330755686,False,71.97692499212427,72.64740955864247,11.7,2
303,40067f1c-47d0-4f6f-8ded-8a327777cd53,2018-03-31,user55@example.com,Over 65,Memory,Placebo,0.4636708059722246,False,71.97692499212427,72.64740955864247,11.7,2
304,40067f1c-47d0-4f6f-8ded-8a327777cd53,2018-03-31,user55@example.com,Over 65,Sleep Quality,Zinc,0.24510206448047064,False,71.97692499212427,72.64740955864247,11.7,2
305,40067f1c-47d0-4f6f-8ded-8a327777cd53,2018-04-30,user55@example.com,Over 65,Sleep Quality,Magnesium,0.23407325168750745,False,64.00619990027067,78.61364865132275,9.9,3
306,b39bda87-6b00-4862-bbc2-f4a015e429e5,2018-01-31,hi_56@example.com,46-55,,No intake,,,70.86870395592719,139.04449460609135,6.8,1
307,b39bda87-6b00-4862-bbc2-f4a015e429e5,2018-02-28,hi_56@example.com,46-55,Endurance,Vitamin C,0.25010618841737586,False,92.63823157660826,92.06517161641004,6.4,3
308,b39bda87-6b00-4862-bbc2-f4a015e429e5,2018-03-31,hi_56@example.com,46-55,Strength,Placebo,0.2548523573089138,False,75.13262428661038,78.07107632373345,6.8,2
309,b39bda87-6b00-4862-bbc2-f4a015e429e5,2018-04-30,hi_56@example.com,46-55,Strength,Magnesium,0.4066895451816804,False,63.53587868587034,77.48938828222363,10.2,2
310,b39bda87-6b00-4862-bbc2-f4a015e429e5,2018-04-30,hi_56@example.com,46-55,Memory,Magnesium,0.26396439526738874,False,63.53587868587034,77.48938828222363,10.2,2
311,85491b84-480b-4074-9de0-9e7d1d0a93c0,2018-01-31,user57@example.com,Over 65,,No intake,,,73.68902099115618,120.36219773689804,9.3,1
312,85491b84-480b-4074-9de0-9e7d1d0a93c0,2018-02-28,user57@example.com,Over 65,Endurance,Omega-3,0.4606272342111154,False,99.2553333696512,129.81980648228486,5.5,2
313,85491b84-480b-4074-9de0-9e7d1d0a93c0,2018-03-31,user57@example.com,Over 65,,No intake,,,85.18734381036812,87.98666096559289,5.4,3
314,85491b84-480b-4074-9de0-9e7d1d0a93c0,2018-04-30,user57@example.com,Over 65,,No intake,,,76.64643785624631,71.46366586346645,4.8,3
315,7b0feee9-28b9-48ac-83e8-dd47af086edb,2018-01-31,hi_58@example.com,26-35,Endurance,Magnesium,0.35354897842083166,False,66.6615405398908,85.6163012911749,9.3,4
316,7b0feee9-28b9-48ac-83e8-dd47af086edb,2018-02-28,hi_58@example.com,26-35,Sleep Quality,Vitamin C,0.4319689251933962,False,99.4470718913478,73.95609835577301,10.1,4
317,7b0feee9-28b9-48ac-83e8-dd47af086edb,2018-03-31,hi_58@example.com,26-35,Sleep Quality,Magnesium,0.4790425981619621,False,92.83396037052516,77.2376455641029,6.1,4
318,7b0feee9-28b9-48ac-83e8-dd47af086edb,2018-03-31,hi_58@example.com,26-35,Endurance,Zinc,0.264572230554852,False,92.83396037052516,77.2376455641029,6.1,4
319,7b0feee9-28b9-48ac-83e8-dd47af086edb,2018-04-30,hi_58@example.com,26-35,Sleep Quality,Vitamin C,0.22772733059913755,False,71.25909209803677,100.20556838933496,4.2,3
320,7b0feee9-28b9-48ac-83e8-dd47af086edb,2018-04-30,hi_58@example.com,26-35,Endurance,Placebo,0.14082471405513072,False,71.25909209803677,100.20556838933496,4.2,3
321,bb180aad-796b-44f5-a73a-d6a4bc078f12,2018-01-31,hello_59@example.com,56-65,Recovery,Placebo,0.18785781722049708,False,62.80274782884758,86.09428596031428,4.7,3
322,bb180aad-796b-44f5-a73a-d6a4bc078f12,2018-01-31,hello_59@example.com,56-65,Endurance,Placebo,0.2639522736011337,False,62.80274782884758,86.09428596031428,4.7,3
323,bb180aad-796b-44f5-a73a-d6a4bc078f12,2018-02-28,hello_59@example.com,56-65,Memory,Placebo,0.18299093106258837,False,62.26502229510232,106.11621149677964,11.7,1
324,bb180aad-796b-44f5-a73a-d6a4bc078f12,2018-02-28,hello_59@example.com,56-65,Sleep Quality,Placebo,0.4494376773166494,True,62.26502229510232,106.11621149677964,11.7,1
325,bb180aad-796b-44f5-a73a-d6a4bc078f12,2018-03-31,hello_59@example.com,56-65,,No intake,,,64.81512598022135,87.74456272800333,6.4,4
326,bb180aad-796b-44f5-a73a-d6a4bc078f12,2018-04-30,hello_59@example.com,56-65,Sleep Quality,Omega-3,0.16571702701060598,False,83.23074334457687,135.83761107720633,10.2,3
327,bb180aad-796b-44f5-a73a-d6a4bc078f12,2018-04-30,hello_59@example.com,56-65,Endurance,Magnesium,0.2568559700464599,False,83.23074334457687,135.83761107720633,10.2,3
328,92f919d2-71d1-4d1f-9c51-55a98635169f,2018-01-31,contact_60@myemail.com,36-45,,No intake,,,97.1505368482197,133.4160777548385,9.0,1
329,92f919d2-71d1-4d1f-9c51-55a98635169f,2018-02-28,contact_60@myemail.com,36-45,,No intake,,,79.86973712023938,109.67642735073262,7.1,3
330,92f919d2-71d1-4d1f-9c51-55a98635169f,2018-03-31,contact_60@myemail.com,36-45,,No intake,,,93.71781929824787,94.80967943911703,5.6,1
331,92f919d2-71d1-4d1f-9c51-55a98635169f,2018-04-30,contact_60@myemail.com,36-45,Recovery,Zinc,0.16220494563161472,False,77.83546479439231,96.68028174243148,5.0,4
332,7fa663f1-52f5-46ce-a057-c793a34a743f,2018-01-31,contact61@myemail.com,26-35,,No intake,,,88.343341830713,98.82965982011478,8.9,4
333,7fa663f1-52f5-46ce-a057-c793a34a743f,2018-02-28,contact61@myemail.com,26-35,,No intake,,,89.27490949146004,120.93055254944608,10.2,4
334,7fa663f1-52f5-46ce-a057-c793a34a743f,2018-03-31,contact61@myemail.com,26-35,Recovery,Magnesium,0.33502256079435144,False,66.95854823613355,101.61472968631864,9.2,3
335,7fa663f1-52f5-46ce-a057-c793a34a743f,2018-04-30,contact61@myemail.com,26-35,Strength,Omega-3,0.17923189222404048,False,74.44864235903248,129.97109625541282,8.2,3
336,7faf5558-ba72-45eb-8232-7ade9eee385c,2018-01-31,user62@myemail.com,36-45,Sleep Quality,Zinc,0.4246234762916238,False,85.49208626152095,136.08663501512552,4.3,1
337,7faf5558-ba72-45eb-8232-7ade9eee385c,2018-02-28,user62@myemail.com,36-45,Focus,Omega-3,0.27732271734789615,False,62.82786432737465,93.51623073652536,11.7,2
338,7faf5558-ba72-45eb-8232-7ade9eee385c,2018-03-31,user62@myemail.com,36-45,Sleep Quality,Placebo,0.15753706957914346,True,74.46160751051826,109.2486136962976,10.4,2
339,7faf5558-ba72-45eb-8232-7ade9eee385c,2018-03-31,user62@myemail.com,36-45,Endurance,Omega-3,0.28391760530994453,False,74.46160751051826,109.2486136962976,10.4,2
340,7faf5558-ba72-45eb-8232-7ade9eee385c,2018-04-30,user62@myemail.com,36-45,Recovery,Placebo,0.4893148199756728,False,81.3919786512477,76.65395757827952,6.3,4
341,04510a2f-1362-4ea4-b4fe-400a2efdc8bd,2018-01-31,contact63@example.com,36-45,Strength,Placebo,0.1769901461614536,False,99.84897972178555,84.03283334364512,11.8,2
342,04510a2f-1362-4ea4-b4fe-400a2efdc8bd,2018-02-28,contact63@example.com,36-45,Memory,Placebo,0.4339817048930561,False,78.98134250489763,98.9426036697112,8.8,4
343,04510a2f-1362-4ea4-b4fe-400a2efdc8bd,2018-03-31,contact63@example.com,36-45,Focus,Omega-3,0.332744140273865,False,92.64227028457294,84.43419011312452,8.7,1
344,04510a2f-1362-4ea4-b4fe-400a2efdc8bd,2018-04-30,contact63@example.com,36-45,Sleep Quality,Vitamin C,0.4710534877924295,True,77.28269140266471,131.35923435521022,10.0,2
345,36cc1439-74af-4d33-bdfe-e713bac7fa89,2018-01-31,contact64@example.com,36-45,Strength,Omega-3,0.4096083691860324,False,91.85562890478836,81.08003792413686,10.5,2
346,36cc1439-74af-4d33-bdfe-e713bac7fa89,2018-01-31,contact64@example.com,36-45,Sleep Quality,Omega-3,0.2974067946899089,False,91.85562890478836,81.08003792413686,10.5,2
347,36cc1439-74af-4d33-bdfe-e713bac7fa89,2018-02-28,contact64@example.com,36-45,Recovery,Vitamin C,0.44419597711865944,False,83.81659206480434,101.89625750871645,9.3,4
348,36cc1439-74af-4d33-bdfe-e713bac7fa89,2018-03-31,contact64@example.com,36-45,Recovery,Omega-3,0.3717262159864014,False,95.46381766009594,112.3989468321913,5.0,1
349,36cc1439-74af-4d33-bdfe-e713bac7fa89,2018-04-30,contact64@example.com,36-45,,No intake,,,76.4377020940044,118.43047357125911,6.7,2
350,005dd64e-3863-49f3-93b0-1aea9a84d526,2018-01-31,user_65@myemail.com,26-35,Memory,Placebo,0.17098917652299297,False,84.17217679285915,96.81485588085548,11.4,2
351,005dd64e-3863-49f3-93b0-1aea9a84d526,2018-02-28,user_65@myemail.com,26-35,Sleep Quality,Magnesium,0.4949378000604461,False,85.20074722475309,130.836934810731,5.8,2
352,005dd64e-3863-49f3-93b0-1aea9a84d526,2018-03-31,user_65@myemail.com,26-35,Sleep Quality,Placebo,0.18459629744334008,False,76.69531767201893,109.78234057545478,7.0,1
353,005dd64e-3863-49f3-93b0-1aea9a84d526,2018-04-30,user_65@myemail.com,26-35,Endurance,Omega-3,0.3132561054442584,True,65.77248174749926,100.76554463132862,7.5,1
354,5e5f2e64-4b23-49f4-b639-db17155546f8,2018-01-31,user_66@example.com,36-45,Sleep Quality,Magnesium,0.41563606063856534,False,63.742376276493424,74.70684438364256,7.5,2
355,5e5f2e64-4b23-49f4-b639-db17155546f8,2018-02-28,user_66@example.com,36-45,,No intake,,,60.66686202398533,102.52826279116157,8.9,4
356,5e5f2e64-4b23-49f4-b639-db17155546f8,2018-03-31,user_66@example.com,36-45,Endurance,Omega-3,0.13920937623317275,False,94.94137056980858,127.45150885710112,11.5,4
357,5e5f2e64-4b23-49f4-b639-db17155546f8,2018-03-31,user_66@example.com,36-45,Recovery,Zinc,0.2701660641761985,True,94.94137056980858,127.45150885710112,11.5,4
358,5e5f2e64-4b23-49f4-b639-db17155546f8,2018-04-30,user_66@example.com,36-45,,No intake,,,69.45899648954779,113.01787127549208,5.9,2
359,a22bac7b-4364-4108-bedb-c80a9f86c21b,2018-01-31,contact_67@myemail.com,18-25,,No intake,,,68.46026997127072,128.25137176103829,5.0,1
360,a22bac7b-4364-4108-bedb-c80a9f86c21b,2018-02-28,contact_67@myemail.com,18-25,Focus,Magnesium,0.4511376601900099,False,89.44141601704263,104.58081694195138,5.6,2
361,a22bac7b-4364-4108-bedb-c80a9f86c21b,2018-03-31,contact_67@myemail.com,18-25,Strength,Placebo,0.34818749842059094,False,72.80064452349566,78.29231935661373,11.1,1
362,a22bac7b-4364-4108-bedb-c80a9f86c21b,2018-03-31,contact_67@myemail.com,18-25,Focus,Placebo,0.29448282595865205,False,72.80064452349566,78.29231935661373,11.1,1
363,a22bac7b-4364-4108-bedb-c80a9f86c21b,2018-04-30,contact_67@myemail.com,18-25,Strength,Placebo,0.3213779327790796,False,80.24178769647347,70.95478920851167,9.2,2
364,d33750bc-35ae-421b-b680-7b21337f3bfe,2018-01-31,user68@email.com,56-65,Memory,Placebo,0.3394940451316257,False,66.50044261189825,91.2253682703014,6.3,1
365,d33750bc-35ae-421b-b680-7b21337f3bfe,2018-02-28,user68@email.com,56-65,Memory,Omega-3,0.27772450618669414,False,98.38982885847878,118.85933300484548,10.5,3
366,d33750bc-35ae-421b-b680-7b21337f3bfe,2018-03-31,user68@email.com,56-65,,No intake,,,94.06325600068948,125.31819327591856,10.9,4
367,d33750bc-35ae-421b-b680-7b21337f3bfe,2018-04-30,user68@email.com,56-65,Focus,Placebo,0.20570395113986223,True,94.55158491860011,90.70269842342306,10.8,3
368,7cddb4ce-961c-4b04-9c3a-014facd2c65b,2018-01-31,user69@myemail.com,36-45,Strength,Placebo,0.3013511811776957,False,76.27094994288021,104.6957744618273,11.4,4
369,7cddb4ce-961c-4b04-9c3a-014facd2c65b,2018-01-31,user69@myemail.com,36-45,Memory,Placebo,0.2767185961770422,False,76.27094994288021,104.6957744618273,11.4,4
370,7cddb4ce-961c-4b04-9c3a-014facd2c65b,2018-02-28,user69@myemail.com,36-45,Recovery,Zinc,0.1492621895955162,False,90.49444854828693,99.47832331038572,6.0,1
371,7cddb4ce-961c-4b04-9c3a-014facd2c65b,2018-03-31,user69@myemail.com,36-45,Focus,Placebo,0.42242099207468775,True,65.75504621559121,98.73659490459995,10.0,3
372,7cddb4ce-961c-4b04-9c3a-014facd2c65b,2018-03-31,user69@myemail.com,36-45,Endurance,Omega-3,0.13673332314206416,False,65.75504621559121,98.73659490459995,10.0,3
373,7cddb4ce-961c-4b04-9c3a-014facd2c65b,2018-03-31,user69@myemail.com,36-45,Strength,Omega-3,0.26737358403091793,False,65.75504621559121,98.73659490459995,10.0,3
374,7cddb4ce-961c-4b04-9c3a-014facd2c65b,2018-04-30,user69@myemail.com,36-45,Endurance,Magnesium,0.15326125158251996,True,60.34476010367121,86.19440992401053,7.7,4
375,7cddb4ce-961c-4b04-9c3a-014facd2c65b,2018-04-30,user69@myemail.com,36-45,Strength,Placebo,0.44167857792222376,False,60.34476010367121,86.19440992401053,7.7,4
376,e9fa7e58-e673-42fd-914b-aa4fbf05e294,2018-01-31,hi_70@email.com,26-35,,No intake,,,60.79891730312112,79.54597735206208,10.7,2
377,e9fa7e58-e673-42fd-914b-aa4fbf05e294,2018-02-28,hi_70@email.com,26-35,,No intake,,,83.46406949618242,83.76819907618491,9.8,1
378,e9fa7e58-e673-42fd-914b-aa4fbf05e294,2018-03-31,hi_70@email.com,26-35,Endurance,Vitamin C,0.32373967673931175,False,78.21579620991763,73.87326710143422,10.2,1
379,e9fa7e58-e673-42fd-914b-aa4fbf05e294,2018-04-30,hi_70@email.com,26-35,Strength,Vitamin C,0.10703699519756596,False,80.7206139563408,83.86915192765039,9.2,2
380,c6dabe5d-c8f9-428c-88f5-069037fe6600,2018-01-31,hello_71@example.com,Over 65,,No intake,,,60.29852561668878,70.64406283377656,5.4,2
381,c6dabe5d-c8f9-428c-88f5-069037fe6600,2018-02-28,hello_71@example.com,Over 65,Memory,Zinc,0.4673654036388021,True,76.90746478629703,113.90808804451848,8.4,4
382,c6dabe5d-c8f9-428c-88f5-069037fe6600,2018-03-31,hello_71@example.com,Over 65,Recovery,Zinc,0.14795362863395478,True,88.72272644803444,92.1462785171378,11.9,1
383,c6dabe5d-c8f9-428c-88f5-069037fe6600,2018-03-31,hello_71@example.com,Over 65,Memory,Placebo,0.4889174336489332,False,88.72272644803444,92.1462785171378,11.9,1
384,c6dabe5d-c8f9-428c-88f5-069037fe6600,2018-04-30,hello_71@example.com,Over 65,Recovery,Zinc,0.16893116093629001,False,77.70774807869743,138.1201297998836,11.5,4
385,c6dabe5d-c8f9-428c-88f5-069037fe6600,2018-04-30,hello_71@example.com,Over 65,Sleep Quality,Omega-3,0.40063216611313524,False,77.70774807869743,138.1201297998836,11.5,4
386,c6dabe5d-c8f9-428c-88f5-069037fe6600,2018-04-30,hello_71@example.com,Over 65,Recovery,Omega-3,0.47259835735561934,False,77.70774807869743,138.1201297998836,11.5,4
387,5b34b1f2-4aad-410e-9e70-cd0e42a3783e,2018-01-31,contact72@email.com,18-25,,No intake,,,89.2887682524889,83.56019355434086,4.3,2
388,5b34b1f2-4aad-410e-9e70-cd0e42a3783e,2018-02-28,contact72@email.com,18-25,,No intake,,,69.32075857587338,94.20799992167156,5.3,1
389,5b34b1f2-4aad-410e-9e70-cd0e42a3783e,2018-03-31,contact72@email.com,18-25,Focus,Vitamin C,0.4716283659366842,False,92.52568017926902,95.04888110490732,5.1,2
390,5b34b1f2-4aad-410e-9e70-cd0e42a3783e,2018-04-30,contact72@email.com,18-25,,No intake,,,83.53724961813809,70.59160472437223,9.8,4
391,45c0000a-dada-457d-a5d8-849db6990b26,2018-01-31,contact73@myemail.com,18-25,Memory,Magnesium,0.1826691751156303,False,68.43052397719624,128.74455671276212,10.5,4
392,45c0000a-dada-457d-a5d8-849db6990b26,2018-02-28,contact73@myemail.com,18-25,,No intake,,,69.46881903415331,72.23961221010273,5.7,4
393,45c0000a-dada-457d-a5d8-849db6990b26,2018-03-31,contact73@myemail.com,18-25,Focus,Placebo,0.2942861517584029,False,85.12121858278148,135.8125884310469,8.0,1
394,45c0000a-dada-457d-a5d8-849db6990b26,2018-04-30,contact73@myemail.com,18-25,Focus,Zinc,0.46667253003213094,False,93.19758372849772,132.44520457655344,10.7,2
395,f246b285-2b6f-432f-bc27-7a11b6c33598,2018-01-31,user74@myemail.com,56-65,Endurance,Zinc,0.3708639831689283,False,76.6251112811662,107.48653412601745,9.9,2
396,f246b285-2b6f-432f-bc27-7a11b6c33598,2018-02-28,user74@myemail.com,56-65,,No intake,,,70.3320171651037,108.05169024379045,8.3,4
397,f246b285-2b6f-432f-bc27-7a11b6c33598,2018-03-31,user74@myemail.com,56-65,,No intake,,,94.68046427642402,115.76445460693094,8.7,4
398,f246b285-2b6f-432f-bc27-7a11b6c33598,2018-04-30,user74@myemail.com,56-65,Focus,Omega-3,0.38691843102937123,False,86.7707316700334,97.09350083544209,8.1,4
399,099af581-4359-4ba4-97e9-fa1085ec64b8,2018-01-31,hi75@myemail.com,36-45,Memory,Zinc,0.1530728186243398,False,77.92341949132306,115.30555983784988,6.4,4
400,099af581-4359-4ba4-97e9-fa1085ec64b8,2018-02-28,hi75@myemail.com,36-45,,No intake,,,79.51600781117207,73.13378720819408,8.5,3
401,099af581-4359-4ba4-97e9-fa1085ec64b8,2018-03-31,hi75@myemail.com,36-45,Memory,Magnesium,0.113701829450656,False,68.17025871745585,73.78333391448086,9.5,3
402,099af581-4359-4ba4-97e9-fa1085ec64b8,2018-04-30,hi75@myemail.com,36-45,Recovery,Zinc,0.14873564454179553,False,85.07210520259376,102.00612937336813,11.0,3
403,17712f2e-f8d8-4af4-9bbc-15dccb533b00,2018-01-31,hello76@myemail.com,56-65,Memory,Omega-3,0.4123230590999229,False,74.34970042171554,108.47356107742245,9.1,4
404,17712f2e-f8d8-4af4-9bbc-15dccb533b00,2018-02-28,hello76@myemail.com,56-65,,No intake,,,99.82580706697397,132.14723482350735,10.1,4
405,17712f2e-f8d8-4af4-9bbc-15dccb533b00,2018-03-31,hello76@myemail.com,56-65,,No intake,,,79.20734061047551,77.32624437355274,5.3,2
406,17712f2e-f8d8-4af4-9bbc-15dccb533b00,2018-04-30,hello76@myemail.com,56-65,,No intake,,,79.43542424758454,127.58535490357224,7.7,1
407,876e8d26-8d8a-49ad-b199-231d8bbf82ff,2018-01-31,user77@example.com,56-65,,No intake,,,82.63407149642688,84.70331361044487,4.1,2
408,876e8d26-8d8a-49ad-b199-231d8bbf82ff,2018-02-28,user77@example.com,56-65,,No intake,,,96.67024012474988,97.58585539570224,6.0,3
409,876e8d26-8d8a-49ad-b199-231d8bbf82ff,2018-03-31,user77@example.com,56-65,Endurance,Vitamin C,0.24854520759202758,False,92.03272399439,92.1621704379189,9.8,2
410,876e8d26-8d8a-49ad-b199-231d8bbf82ff,2018-04-30,user77@example.com,56-65,Recovery,Placebo,0.32010563914367124,False,78.04520279191365,98.01086910057792,11.9,4
411,a4c08982-b421-4536-880f-75bdd8979de6,2018-01-31,user_78@myemail.com,56-65,Strength,Magnesium,0.3682840913336302,False,88.74797063891184,80.53468486508099,4.8,3
412,a4c08982-b421-4536-880f-75bdd8979de6,2018-01-31,user_78@myemail.com,56-65,Sleep Quality,Omega-3,0.47770754835628815,True,88.74797063891184,80.53468486508099,4.8,3
413,a4c08982-b421-4536-880f-75bdd8979de6,2018-02-28,user_78@myemail.com,56-65,Endurance,Magnesium,0.16168909564785597,False,83.44941995123047,105.24990520824883,7.2,3
414,a4c08982-b421-4536-880f-75bdd8979de6,2018-02-28,user_78@myemail.com,56-65,Sleep Quality,Vitamin C,0.2394127128458761,False,83.44941995123047,105.24990520824883,7.2,3
415,a4c08982-b421-4536-880f-75bdd8979de6,2018-03-31,user_78@myemail.com,56-65,Sleep Quality,Magnesium,0.3151564331940047,False,79.69468194804996,126.11498128819572,10.4,1
416,a4c08982-b421-4536-880f-75bdd8979de6,2018-03-31,user_78@myemail.com,56-65,Memory,Magnesium,0.34891655033505664,False,79.69468194804996,126.11498128819572,10.4,1
417,a4c08982-b421-4536-880f-75bdd8979de6,2018-03-31,user_78@myemail.com,56-65,Endurance,Magnesium,0.2992593748938268,False,79.69468194804996,126.11498128819572,10.4,1
418,a4c08982-b421-4536-880f-75bdd8979de6,2018-03-31,user_78@myemail.com,56-65,Strength,Placebo,0.48610474766612527,False,79.69468194804996,126.11498128819572,10.4,1
419,a4c08982-b421-4536-880f-75bdd8979de6,2018-04-30,user_78@myemail.com,56-65,Sleep Quality,Zinc,0.4777939100373798,False,67.69263091137402,100.9073807265228,5.6,1
420,2f3526db-cc68-44ce-96e4-f31e79bc69d4,2018-01-31,hi_79@email.com,56-65,,No intake,,,78.55745053819564,104.34295031287394,8.4,3
421,2f3526db-cc68-44ce-96e4-f31e79bc69d4,2018-02-28,hi_79@email.com,56-65,Strength,Omega-3,0.3055684771605763,False,69.83274348090299,129.41373096969198,9.9,3
422,2f3526db-cc68-44ce-96e4-f31e79bc69d4,2018-02-28,hi_79@email.com,56-65,Strength,Omega-3,0.29605154453463867,True,69.83274348090299,129.41373096969198,9.9,3
423,2f3526db-cc68-44ce-96e4-f31e79bc69d4,2018-03-31,hi_79@email.com,56-65,Sleep Quality,Magnesium,0.22055935096687296,True,96.5936859940662,119.42406802466216,8.9,2
424,2f3526db-cc68-44ce-96e4-f31e79bc69d4,2018-03-31,hi_79@email.com,56-65,Sleep Quality,Placebo,0.17211771411448712,False,96.5936859940662,119.42406802466216,8.9,2
425,2f3526db-cc68-44ce-96e4-f31e79bc69d4,2018-03-31,hi_79@email.com,56-65,Strength,Omega-3,0.3828135552135346,True,96.5936859940662,119.42406802466216,8.9,2
426,2f3526db-cc68-44ce-96e4-f31e79bc69d4,2018-04-30,hi_79@email.com,56-65,Recovery,Zinc,0.2641192427325229,False,73.41627253985388,104.33180859638492,5.5,3
427,6cbab426-fb60-48bc-b8c4-260f701e008f,2018-01-31,hi_80@myemail.com,26-35,Sleep Quality,Placebo,0.144691130942425,False,98.0905605813349,88.03869537324258,6.8,4
428,6cbab426-fb60-48bc-b8c4-260f701e008f,2018-02-28,hi_80@myemail.com,26-35,,No intake,,,81.32221160378845,131.94487227914766,10.3,2
429,6cbab426-fb60-48bc-b8c4-260f701e008f,2018-03-31,hi_80@myemail.com,26-35,Endurance,Omega-3,0.2223432431979369,False,85.26177514704642,110.39142811833908,8.4,4
430,6cbab426-fb60-48bc-b8c4-260f701e008f,2018-04-30,hi_80@myemail.com,26-35,Endurance,Placebo,0.31395120302566226,True,81.71761777957312,85.48033270774854,4.0,4
431,6cbab426-fb60-48bc-b8c4-260f701e008f,2018-04-30,hi_80@myemail.com,26-35,Sleep Quality,Omega-3,0.3718563819998692,False,81.71761777957312,85.48033270774854,4.0,4
432,e210d58d-b466-4d09-a8ae-95493dd1c5ae,2018-01-31,user81@myemail.com,46-55,,No intake,,,65.17522467866803,88.83838268466073,10.1,4
433,e210d58d-b466-4d09-a8ae-95493dd1c5ae,2018-02-28,user81@myemail.com,46-55,,No intake,,,75.03284876031763,126.2193162255372,4.3,3
434,e210d58d-b466-4d09-a8ae-95493dd1c5ae,2018-03-31,user81@myemail.com,46-55,,No intake,,,63.96584449110496,73.09018934612189,10.0,1
435,e210d58d-b466-4d09-a8ae-95493dd1c5ae,2018-04-30,user81@myemail.com,46-55,Recovery,Zinc,0.4681505401285967,False,84.91816176733528,139.4464530920174,5.6,1
436,e210d58d-b466-4d09-a8ae-95493dd1c5ae,2018-04-30,user81@myemail.com,46-55,Sleep Quality,Zinc,0.40623602551642407,True,84.91816176733528,139.4464530920174,5.6,1
437,e210d58d-b466-4d09-a8ae-95493dd1c5ae,2018-04-30,user81@myemail.com,46-55,Focus,Placebo,0.2605469942868637,False,84.91816176733528,139.4464530920174,5.6,1
438,68ab927a-1a22-493b-9020-96780e5cf4b1,2018-01-31,hi_82@email.com,46-55,Focus,Magnesium,0.17973621370502904,False,77.87496780801756,79.12461758003542,11.7,4
439,68ab927a-1a22-493b-9020-96780e5cf4b1,2018-02-28,hi_82@email.com,46-55,Sleep Quality,Omega-3,0.17356418604938598,False,91.11939886283749,125.72479677778564,6.9,3
440,68ab927a-1a22-493b-9020-96780e5cf4b1,2018-02-28,hi_82@email.com,46-55,Memory,Magnesium,0.2793664831876221,False,91.11939886283749,125.72479677778564,6.9,3
441,68ab927a-1a22-493b-9020-96780e5cf4b1,2018-03-31,hi_82@email.com,46-55,Endurance,Omega-3,0.4525152030006544,False,68.8188192399748,97.6342721740178,6.6,2
442,68ab927a-1a22-493b-9020-96780e5cf4b1,2018-03-31,hi_82@email.com,46-55,Sleep Quality,Zinc,0.3161307468968221,False,68.8188192399748,97.6342721740178,6.6,2
443,68ab927a-1a22-493b-9020-96780e5cf4b1,2018-04-30,hi_82@email.com,46-55,,No intake,,,66.5826423371734,104.45513283012268,5.2,4
444,66a17ba3-37a4-4424-b7c4-d809f90c7fa4,2018-01-31,user_83@example.com,Unknown,Endurance,Placebo,0.45591883223695584,False,76.2532892385507,131.64554042252044,6.4,2
445,66a17ba3-37a4-4424-b7c4-d809f90c7fa4,2018-02-28,user_83@example.com,Unknown,Memory,Magnesium,0.17250331665195265,False,97.06341532873525,98.90378327124492,11.0,2
446,66a17ba3-37a4-4424-b7c4-d809f90c7fa4,2018-03-31,user_83@example.com,Unknown,Focus,Vitamin C,0.1502859631138705,False,88.41687260049648,107.6245627571264,12.0,3
447,66a17ba3-37a4-4424-b7c4-d809f90c7fa4,2018-04-30,user_83@example.com,Unknown,Recovery,Magnesium,0.23878759934800742,True,76.75694499171675,73.45097636864189,6.9,3
448,66c5000f-15fa-4eb5-8987-5b2bbda28789,2018-01-31,contact84@myemail.com,26-35,Focus,Vitamin C,0.2151623617589932,False,80.69088679017241,70.16432317072172,7.6,1
449,66c5000f-15fa-4eb5-8987-5b2bbda28789,2018-02-28,contact84@myemail.com,26-35,,No intake,,,63.36852044708393,87.13599111012081,9.8,1
450,66c5000f-15fa-4eb5-8987-5b2bbda28789,2018-03-31,contact84@myemail.com,26-35,Sleep Quality,Magnesium,0.1467485544881607,False,99.38303585504453,117.6408165043137,11.1,3
451,66c5000f-15fa-4eb5-8987-5b2bbda28789,2018-03-31,contact84@myemail.com,26-35,Endurance,Placebo,0.4350682517820736,False,99.38303585504453,117.6408165043137,11.1,3
452,66c5000f-15fa-4eb5-8987-5b2bbda28789,2018-04-30,contact84@myemail.com,26-35,Recovery,Placebo,0.1189522932224202,True,86.65629218779677,78.48854253513957,8.7,4
453,d6d123aa-38b6-403d-af0e-b3cf716bc7ff,2018-01-31,hello_85@myemail.com,36-45,,No intake,,,71.4161627385369,77.96333711631846,7.1,1
454,d6d123aa-38b6-403d-af0e-b3cf716bc7ff,2018-02-28,hello_85@myemail.com,36-45,Memory,Omega-3,0.3206349835792984,False,83.43233576860978,98.76724256251325,7.3,2
455,d6d123aa-38b6-403d-af0e-b3cf716bc7ff,2018-02-28,hello_85@myemail.com,36-45,Sleep Quality,Vitamin C,0.26912934515596837,False,83.43233576860978,98.76724256251325,7.3,2
456,d6d123aa-38b6-403d-af0e-b3cf716bc7ff,2018-03-31,hello_85@myemail.com,36-45,Sleep Quality,Magnesium,0.21147794172113024,False,64.37929464275976,115.34859270257586,9.6,4
457,d6d123aa-38b6-403d-af0e-b3cf716bc7ff,2018-04-30,hello_85@myemail.com,36-45,,No intake,,,98.63346675230336,119.84503945735514,4.0,2
458,7076f478-50d0-422a-a2c8-dc2d5785a56b,2018-01-31,user86@example.com,46-55,Strength,Magnesium,0.2802668482426925,False,66.99139951533463,82.49154718688624,9.0,3
459,7076f478-50d0-422a-a2c8-dc2d5785a56b,2018-01-31,user86@example.com,46-55,Sleep Quality,Omega-3,0.1577695662039106,False,66.99139951533463,82.49154718688624,9.0,3
460,7076f478-50d0-422a-a2c8-dc2d5785a56b,2018-02-28,user86@example.com,46-55,Sleep Quality,Zinc,0.29696431468614876,False,85.92121272220857,75.57117031604297,6.8,2
461,7076f478-50d0-422a-a2c8-dc2d5785a56b,2018-03-31,user86@example.com,46-55,Focus,Magnesium,0.4164638748360273,True,69.81817850155721,135.82779237618809,10.4,4
462,7076f478-50d0-422a-a2c8-dc2d5785a56b,2018-04-30,user86@example.com,46-55,,No intake,,,88.70245530594143,88.24664677934712,4.7,3
463,08c635b9-813c-4443-b0cf-df8dd4f84c34,2018-01-31,hello_87@email.com,36-45,Memory,Zinc,0.4526225044272004,False,91.07285468961123,129.73425483261067,8.7,4
464,08c635b9-813c-4443-b0cf-df8dd4f84c34,2018-02-28,hello_87@email.com,36-45,Focus,Placebo,0.12218627890601974,False,86.93678915645731,130.44440153239728,7.8,2
465,08c635b9-813c-4443-b0cf-df8dd4f84c34,2018-02-28,hello_87@email.com,36-45,Strength,Omega-3,0.23959604320566305,False,86.93678915645731,130.44440153239728,7.8,2
466,08c635b9-813c-4443-b0cf-df8dd4f84c34,2018-03-31,hello_87@email.com,36-45,,No intake,,,84.5799784102077,124.07658142337812,9.1,4
467,08c635b9-813c-4443-b0cf-df8dd4f84c34,2018-04-30,hello_87@email.com,36-45,Memory,Omega-3,0.19847494298450122,True,95.69876375808047,81.81835246567991,4.5,3
468,08c635b9-813c-4443-b0cf-df8dd4f84c34,2018-04-30,hello_87@email.com,36-45,Sleep Quality,Placebo,0.48279047588412427,False,95.69876375808047,81.81835246567991,4.5,3
469,b320598a-a65d-4790-a067-2e43c4685193,2018-01-31,hi88@myemail.com,26-35,,No intake,,,63.14506843959032,127.52610214779402,8.6,2
470,b320598a-a65d-4790-a067-2e43c4685193,2018-02-28,hi88@myemail.com,26-35,,No intake,,,73.2365906312078,123.84753914691106,8.5,2
471,b320598a-a65d-4790-a067-2e43c4685193,2018-03-31,hi88@myemail.com,26-35,,No intake,,,69.93149918523383,111.7706093074352,8.5,1
472,b320598a-a65d-4790-a067-2e43c4685193,2018-04-30,hi88@myemail.com,26-35,,No intake,,,99.52055848261686,93.6041424618267,8.8,1
473,c7aba1fb-1abd-4744-a3bb-f5f4393deb6d,2018-01-31,hi_89@example.com,56-65,,No intake,,,75.57559118667494,88.3756022986581,9.4,4
474,c7aba1fb-1abd-4744-a3bb-f5f4393deb6d,2018-02-28,hi_89@example.com,56-65,Strength,Magnesium,0.21533657111787438,False,89.30450796961594,78.53224484562513,10.4,1
475,c7aba1fb-1abd-4744-a3bb-f5f4393deb6d,2018-03-31,hi_89@example.com,56-65,Focus,Zinc,0.29609203258477407,False,87.38900655524019,105.682994683061,6.2,1
476,c7aba1fb-1abd-4744-a3bb-f5f4393deb6d,2018-04-30,hi_89@example.com,56-65,Focus,Vitamin C,0.49272688398593567,True,68.48324949909511,110.96826128568928,10.6,1
477,b87ef36d-f50b-468a-bcae-829df64d319b,2018-01-31,hi_90@myemail.com,26-35,,No intake,,,69.55990720846205,95.1537293361051,8.0,1
478,b87ef36d-f50b-468a-bcae-829df64d319b,2018-02-28,hi_90@myemail.com,26-35,Memory,Vitamin C,0.1912489613281313,False,71.25138254212136,103.2751347376608,4.6,3
479,b87ef36d-f50b-468a-bcae-829df64d319b,2018-03-31,hi_90@myemail.com,26-35,,No intake,,,76.44509113037518,95.44601201584868,4.5,3
480,b87ef36d-f50b-468a-bcae-829df64d319b,2018-04-30,hi_90@myemail.com,26-35,Strength,Omega-3,0.49119044774118703,True,69.37300262602108,114.87042401244908,6.7,1
481,b87ef36d-f50b-468a-bcae-829df64d319b,2018-04-30,hi_90@myemail.com,26-35,Focus,Vitamin C,0.19664970870495366,False,69.37300262602108,114.87042401244908,6.7,1
482,b87ef36d-f50b-468a-bcae-829df64d319b,2018-04-30,hi_90@myemail.com,26-35,Recovery,Omega-3,0.10524667030939376,True,69.37300262602108,114.87042401244908,6.7,1
483,08c07877-96fd-4d09-a3f3-08e851d20b43,2018-01-31,hi91@example.com,56-65,Endurance,Omega-3,0.1736721845938506,False,60.78605930987391,133.08814454575943,10.3,4
484,08c07877-96fd-4d09-a3f3-08e851d20b43,2018-01-31,hi91@example.com,56-65,Sleep Quality,Vitamin C,0.4440481765589653,False,60.78605930987391,133.08814454575943,10.3,4
485,08c07877-96fd-4d09-a3f3-08e851d20b43,2018-02-28,hi91@example.com,56-65,,No intake,,,95.17572227228784,81.47441834328615,9.7,3
486,08c07877-96fd-4d09-a3f3-08e851d20b43,2018-03-31,hi91@example.com,56-65,,No intake,,,98.62439325523536,96.69861669321864,10.3,1
487,08c07877-96fd-4d09-a3f3-08e851d20b43,2018-04-30,hi91@example.com,56-65,Sleep Quality,Zinc,0.13063453754464596,True,73.66281548126273,79.86080227656029,8.1,3
488,08c07877-96fd-4d09-a3f3-08e851d20b43,2018-04-30,hi91@example.com,56-65,Sleep Quality,Zinc,0.3612925075227381,False,73.66281548126273,79.86080227656029,8.1,3
489,796f7568-868f-4423-8d46-be4d07df9701,2018-01-31,hello_92@myemail.com,36-45,Sleep Quality,Vitamin C,0.4650641583602223,False,73.54027517701891,113.74606392854824,7.5,2
490,796f7568-868f-4423-8d46-be4d07df9701,2018-02-28,hello_92@myemail.com,36-45,Recovery,Zinc,0.3795019155530167,True,60.28367251097484,121.0209356642017,5.2,3
491,796f7568-868f-4423-8d46-be4d07df9701,2018-03-31,hello_92@myemail.com,36-45,Focus,Vitamin C,0.10420319923983512,True,87.21002753321497,135.2338912818219,6.6,3
492,796f7568-868f-4423-8d46-be4d07df9701,2018-04-30,hello_92@myemail.com,36-45,Strength,Omega-3,0.208566003007869,True,93.01759582994517,89.52103483826754,7.5,4
493,5001f120-f5dc-4f6c-b15f-9d491e094e3f,2018-01-31,contact93@myemail.com,36-45,,No intake,,,65.86433201440013,136.5147844105801,4.7,3
494,5001f120-f5dc-4f6c-b15f-9d491e094e3f,2018-02-28,contact93@myemail.com,36-45,Sleep Quality,Zinc,0.2578156832969702,True,66.38665397468603,74.42838702744723,5.8,4
495,5001f120-f5dc-4f6c-b15f-9d491e094e3f,2018-03-31,contact93@myemail.com,36-45,Memory,Zinc,0.48971502240504,False,91.6033299988575,112.21097043552118,8.8,2
496,5001f120-f5dc-4f6c-b15f-9d491e094e3f,2018-04-30,contact93@myemail.com,36-45,,No intake,,,84.65162993416578,73.99929035403309,9.9,1
497,05cd7ca6-434a-4e7e-b9bb-b46630292995,2018-01-31,hello94@email.com,Unknown,,No intake,,,61.79442230510868,132.56419314333613,12.0,4
498,05cd7ca6-434a-4e7e-b9bb-b46630292995,2018-02-28,hello94@email.com,Unknown,,No intake,,,84.90187961849126,107.0866339949038,11.5,3
499,05cd7ca6-434a-4e7e-b9bb-b46630292995,2018-03-31,hello94@email.com,Unknown,,No intake,,,72.35670891375064,116.85438455339572,9.1,3
500,05cd7ca6-434a-4e7e-b9bb-b46630292995,2018-04-30,hello94@email.com,Unknown,,No intake,,,74.74900621883384,128.21017481373167,7.4,4
501,2fbfadfe-308e-447a-a57f-cf5fb8906539,2018-01-31,user_95@example.com,Unknown,Strength,Vitamin C,0.1409666870711036,False,90.7892567318752,80.52174357387781,9.1,2
502,2fbfadfe-308e-447a-a57f-cf5fb8906539,2018-02-28,user_95@example.com,Unknown,Recovery,Vitamin C,0.3264190291696737,False,92.43740770690442,72.70140933566937,10.3,1
503,2fbfadfe-308e-447a-a57f-cf5fb8906539,2018-03-31,user_95@example.com,Unknown,Focus,Magnesium,0.21406251549667388,False,76.01426507359322,131.52168021389966,4.9,3
504,2fbfadfe-308e-447a-a57f-cf5fb8906539,2018-04-30,user_95@example.com,Unknown,Memory,Placebo,0.4894028734294278,False,97.8861174402542,92.04532592212529,7.3,2
505,8847bfd5-7785-4ded-9adb-8d19af4dade2,2018-01-31,hello96@example.com,26-35,,No intake,,,76.2585087180829,79.02852355490157,10.7,1
506,8847bfd5-7785-4ded-9adb-8d19af4dade2,2018-02-28,hello96@example.com,26-35,Memory,Vitamin C,0.44331188914238195,False,90.8734414092044,102.79228659609606,7.1,1
507,8847bfd5-7785-4ded-9adb-8d19af4dade2,2018-02-28,hello96@example.com,26-35,Endurance,Omega-3,0.29291058379463153,True,90.8734414092044,102.79228659609606,7.1,1
508,8847bfd5-7785-4ded-9adb-8d19af4dade2,2018-03-31,hello96@example.com,26-35,,No intake,,,79.35509058257037,111.88142529872133,8.6,3
509,8847bfd5-7785-4ded-9adb-8d19af4dade2,2018-04-30,hello96@example.com,26-35,Memory,Magnesium,0.440735790745121,False,95.90129306088336,72.16794223957571,8.7,4
510,bb412365-9a4d-4ab1-8f27-6d833f66fff6,2018-01-31,hi97@email.com,26-35,Focus,Zinc,0.13420980703044322,False,96.31044974600717,89.24269607799614,5.5,3
511,bb412365-9a4d-4ab1-8f27-6d833f66fff6,2018-02-28,hi97@email.com,26-35,,No intake,,,63.49667231484335,72.29599119938273,6.9,3
512,bb412365-9a4d-4ab1-8f27-6d833f66fff6,2018-03-31,hi97@email.com,26-35,Memory,Vitamin C,0.16761500654502043,False,97.45973325240902,99.42347724368491,6.7,3
513,bb412365-9a4d-4ab1-8f27-6d833f66fff6,2018-04-30,hi97@email.com,26-35,,No intake,,,93.02139366081664,132.65700203463712,4.2,2
514,85cfe587-a90b-4e29-ba61-76f7ba1d48bd,2018-01-31,contact_98@email.com,36-45,Strength,Vitamin C,0.21987670634982584,False,91.65242857250668,138.78566880454986,4.2,4
515,85cfe587-a90b-4e29-ba61-76f7ba1d48bd,2018-01-31,contact_98@email.com,36-45,Recovery,Vitamin C,0.21678678426034745,False,91.65242857250668,138.78566880454986,4.2,4
516,85cfe587-a90b-4e29-ba61-76f7ba1d48bd,2018-02-28,contact_98@email.com,36-45,,No intake,,,68.0364535874209,114.59332874525391,10.7,2
517,85cfe587-a90b-4e29-ba61-76f7ba1d48bd,2018-03-31,contact_98@email.com,36-45,,No intake,,,92.2047683501866,81.31463856492142,6.2,3
518,85cfe587-a90b-4e29-ba61-76f7ba1d48bd,2018-04-30,contact_98@email.com,36-45,Strength,Placebo,0.3439462191604383,False,94.00530938740148,133.4094572999514,8.1,4
519,85cfe587-a90b-4e29-ba61-76f7ba1d48bd,2018-04-30,contact_98@email.com,36-45,Recovery,Omega-3,0.21743425536971284,False,94.00530938740148,133.4094572999514,8.1,4
520,8095d762-fc56-42fc-84d5-79af8b6dc5cf,2018-01-31,hello99@myemail.com,36-45,,No intake,,,71.56601337816603,106.13734762400424,6.4,1
521,8095d762-fc56-42fc-84d5-79af8b6dc5cf,2018-02-28,hello99@myemail.com,36-45,,No intake,,,98.09040313449296,80.76245184720426,11.5,4
522,8095d762-fc56-42fc-84d5-79af8b6dc5cf,2018-03-31,hello99@myemail.com,36-45,Focus,Omega-3,0.2692235236786899,False,61.99440585596657,134.5208668616163,6.1,3
523,8095d762-fc56-42fc-84d5-79af8b6dc5cf,2018-04-30,hello99@myemail.com,36-45,Focus,Vitamin C,0.40027568739548874,False,65.99637012988559,123.0228335506172,7.4,4
524,1860823a-3385-4b1d-b2fb-399093811b8d,2018-01-31,hello_100@email.com,18-25,,No intake,,,81.50324552206058,121.2193690906206,11.0,1
525,1860823a-3385-4b1d-b2fb-399093811b8d,2018-02-28,hello_100@email.com,18-25,,No intake,,,83.03169884489239,119.64264926560833,10.7,1
526,1860823a-3385-4b1d-b2fb-399093811b8d,2018-03-31,hello_100@email.com,18-25,Endurance,Omega-3,0.2123749753368875,True,85.80600333203614,84.02378747675097,5.5,4
527,1860823a-3385-4b1d-b2fb-399093811b8d,2018-04-30,hello_100@email.com,18-25,,No intake,,,60.67876517261866,84.77046841952682,10.4,1
528,1abeb80c-f87d-4d59-a4b8-fc141a673c0b,2018-01-31,hi_101@example.com,26-35,Recovery,Placebo,0.2543522936771866,False,98.41467098488522,118.18050988990784,7.7,2
529,1abeb80c-f87d-4d59-a4b8-fc141a673c0b,2018-01-31,hi_101@example.com,26-35,Memory,Magnesium,0.4220382010496358,False,98.41467098488522,118.18050988990784,7.7,2
530,1abeb80c-f87d-4d59-a4b8-fc141a673c0b,2018-01-31,hi_101@example.com,26-35,Memory,Omega-3,0.2359370860599227,True,98.41467098488522,118.18050988990784,7.7,2
531,1abeb80c-f87d-4d59-a4b8-fc141a673c0b,2018-02-28,hi_101@example.com,26-35,,No intake,,,61.78352370936576,85.38059250772778,7.9,4
532,1abeb80c-f87d-4d59-a4b8-fc141a673c0b,2018-03-31,hi_101@example.com,26-35,Recovery,Omega-3,0.38217954708253477,False,65.7224781089361,100.70701877621342,5.1,1
533,1abeb80c-f87d-4d59-a4b8-fc141a673c0b,2018-04-30,hi_101@example.com,26-35,,No intake,,,60.56058070104228,124.7401277915759,4.6,1
534,696210c2-9afc-4ea4-b272-9ade6faebb2c,2018-01-31,hi_102@email.com,18-25,,No intake,,,82.67433733176378,124.87667626684888,9.8,4
535,696210c2-9afc-4ea4-b272-9ade6faebb2c,2018-02-28,hi_102@email.com,18-25,Endurance,Placebo,0.2703892128879653,False,97.29067535683888,101.72832407681015,8.0,2
536,696210c2-9afc-4ea4-b272-9ade6faebb2c,2018-03-31,hi_102@email.com,18-25,Sleep Quality,Omega-3,0.35130263752400176,False,86.63788664321856,125.45329567926716,7.5,4
537,696210c2-9afc-4ea4-b272-9ade6faebb2c,2018-03-31,hi_102@email.com,18-25,Sleep Quality,Placebo,0.4639718795908865,True,86.63788664321856,125.45329567926716,7.5,4
538,696210c2-9afc-4ea4-b272-9ade6faebb2c,2018-04-30,hi_102@email.com,18-25,,No intake,,,92.90629873921708,128.70352573386398,9.8,1
539,3abd659a-23b3-441a-ae98-f8caff62b5ae,2018-01-31,user103@example.com,56-65,Strength,Zinc,0.17377340223872123,False,60.5312481383432,115.8343025898982,10.1,4
540,3abd659a-23b3-441a-ae98-f8caff62b5ae,2018-01-31,user103@example.com,56-65,Endurance,Placebo,0.32981508581048236,False,60.5312481383432,115.8343025898982,10.1,4
541,3abd659a-23b3-441a-ae98-f8caff62b5ae,2018-02-28,user103@example.com,56-65,,No intake,,,81.68061193918905,85.98980966158942,5.3,1
542,3abd659a-23b3-441a-ae98-f8caff62b5ae,2018-03-31,user103@example.com,56-65,,No intake,,,78.38251910022088,89.18082462698833,8.9,3
543,3abd659a-23b3-441a-ae98-f8caff62b5ae,2018-04-30,user103@example.com,56-65,Memory,Placebo,0.3150930283132804,False,79.95871776883172,92.03888087861148,5.1,4
544,3abd659a-23b3-441a-ae98-f8caff62b5ae,2018-04-30,user103@example.com,56-65,Sleep Quality,Magnesium,0.33770142687996746,False,79.95871776883172,92.03888087861148,5.1,4
545,5f6f58e5-581b-43dd-9f7c-c4e6537a4eaf,2018-01-31,user104@myemail.com,56-65,Strength,Magnesium,0.4597428782597457,False,62.88852741340752,78.17628754137664,10.0,4
546,5f6f58e5-581b-43dd-9f7c-c4e6537a4eaf,2018-02-28,user104@myemail.com,56-65,,No intake,,,87.3774144427723,89.12117342589616,9.3,1
547,5f6f58e5-581b-43dd-9f7c-c4e6537a4eaf,2018-03-31,user104@myemail.com,56-65,Recovery,Omega-3,0.24083059192363945,False,80.12881659434538,84.66634570187725,11.7,1
548,5f6f58e5-581b-43dd-9f7c-c4e6537a4eaf,2018-04-30,user104@myemail.com,56-65,Recovery,Vitamin C,0.3874406651368568,False,90.60595399445056,101.87301248660216,4.6,1
549,5f6f58e5-581b-43dd-9f7c-c4e6537a4eaf,2018-04-30,user104@myemail.com,56-65,Focus,Omega-3,0.23891089395050802,False,90.60595399445056,101.87301248660216,4.6,1
550,5f6f58e5-581b-43dd-9f7c-c4e6537a4eaf,2018-04-30,user104@myemail.com,56-65,Sleep Quality,Placebo,0.11492746543002576,False,90.60595399445056,101.87301248660216,4.6,1
551,22d34f54-f68f-4cfd-b4b6-daf11c6329de,2018-01-31,hello105@example.com,26-35,Recovery,Magnesium,0.105634564865148,False,79.41162536246861,133.59062835105854,4.5,1
552,22d34f54-f68f-4cfd-b4b6-daf11c6329de,2018-02-28,hello105@example.com,26-35,Memory,Vitamin C,0.12493659516377896,False,65.97526544905729,77.31362217277706,6.3,4
553,22d34f54-f68f-4cfd-b4b6-daf11c6329de,2018-02-28,hello105@example.com,26-35,Sleep Quality,Placebo,0.3232565973611769,False,65.97526544905729,77.31362217277706,6.3,4
554,22d34f54-f68f-4cfd-b4b6-daf11c6329de,2018-02-28,hello105@example.com,26-35,Focus,Zinc,0.31495817009334587,False,65.97526544905729,77.31362217277706,6.3,4
555,22d34f54-f68f-4cfd-b4b6-daf11c6329de,2018-02-28,hello105@example.com,26-35,Sleep Quality,Vitamin C,0.26301375206145805,False,65.97526544905729,77.31362217277706,6.3,4
556,22d34f54-f68f-4cfd-b4b6-daf11c6329de,2018-03-31,hello105@example.com,26-35,Sleep Quality,Magnesium,0.10787572479030044,False,85.93027816311289,120.41875467631768,6.1,1
557,22d34f54-f68f-4cfd-b4b6-daf11c6329de,2018-04-30,hello105@example.com,26-35,,No intake,,,66.89545448420665,118.10981030891894,6.0,4
558,b8afdb82-4873-4845-8850-31e7f4b1a283,2018-01-31,contact_106@example.com,56-65,Recovery,Magnesium,0.36890940688068874,False,94.8957825341926,76.70279390643503,11.3,2
559,b8afdb82-4873-4845-8850-31e7f4b1a283,2018-01-31,contact_106@example.com,56-65,Memory,Vitamin C,0.32197715570045465,False,94.8957825341926,76.70279390643503,11.3,2
560,b8afdb82-4873-4845-8850-31e7f4b1a283,2018-01-31,contact_106@example.com,56-65,Sleep Quality,Vitamin C,0.29759395387683424,False,94.8957825341926,76.70279390643503,11.3,2
561,b8afdb82-4873-4845-8850-31e7f4b1a283,2018-01-31,contact_106@example.com,56-65,Strength,Magnesium,0.3180694028930479,True,94.8957825341926,76.70279390643503,11.3,2
562,b8afdb82-4873-4845-8850-31e7f4b1a283,2018-02-28,contact_106@example.com,56-65,,No intake,,,84.52464956276967,134.580068343406,6.0,4
563,b8afdb82-4873-4845-8850-31e7f4b1a283,2018-03-31,contact_106@example.com,56-65,Strength,Omega-3,0.16622540603414163,False,66.28815534227817,109.79305415097735,6.2,1
564,b8afdb82-4873-4845-8850-31e7f4b1a283,2018-04-30,contact_106@example.com,56-65,Memory,Omega-3,0.11806710259899109,True,98.49352229924828,95.4607864794979,10.1,1
565,5f565e29-a773-47cb-82aa-c0931b4d694d,2018-01-31,user107@myemail.com,46-55,Focus,Omega-3,0.42851007091446774,True,80.73461853341283,122.95770084467146,7.6,2
566,5f565e29-a773-47cb-82aa-c0931b4d694d,2018-02-28,user107@myemail.com,46-55,Memory,Placebo,0.1344218178744405,False,62.9159380748662,88.01558208811439,10.2,4
567,5f565e29-a773-47cb-82aa-c0931b4d694d,2018-02-28,user107@myemail.com,46-55,Memory,Zinc,0.323532927021927,True,62.9159380748662,88.01558208811439,10.2,4
568,5f565e29-a773-47cb-82aa-c0931b4d694d,2018-03-31,user107@myemail.com,46-55,Sleep Quality,Omega-3,0.1754526040463951,False,85.07331617660269,118.54568859324245,4.5,2
569,5f565e29-a773-47cb-82aa-c0931b4d694d,2018-04-30,user107@myemail.com,46-55,,No intake,,,70.12795628051241,72.7797845300573,7.9,4
570,ed42f77c-7f99-41fd-ac00-63e8e518ec01,2018-01-31,hi_108@email.com,56-65,,No intake,,,92.1477380750921,128.75856263264905,4.3,1
571,ed42f77c-7f99-41fd-ac00-63e8e518ec01,2018-02-28,hi_108@email.com,56-65,Focus,Vitamin C,0.37332146104160857,True,92.71288294264762,101.37195929149227,4.5,4
572,ed42f77c-7f99-41fd-ac00-63e8e518ec01,2018-02-28,hi_108@email.com,56-65,Strength,Placebo,0.41419657328570747,False,92.71288294264762,101.37195929149227,4.5,4
573,ed42f77c-7f99-41fd-ac00-63e8e518ec01,2018-03-31,hi_108@email.com,56-65,Endurance,Omega-3,0.45283419154862736,False,99.15789423418649,114.56850400505591,11.3,1
574,ed42f77c-7f99-41fd-ac00-63e8e518ec01,2018-04-30,hi_108@email.com,56-65,Focus,Omega-3,0.23855742722004358,False,80.07478124098014,85.48664738646785,5.1,1
575,94af5faf-a32d-42f1-af4e-47b74d992108,2018-01-31,hello_109@myemail.com,36-45,Memory,Vitamin C,0.3094638648251515,False,78.19827518910948,117.39515988609136,8.3,3
576,94af5faf-a32d-42f1-af4e-47b74d992108,2018-01-31,hello_109@myemail.com,36-45,Recovery,Magnesium,0.3529290583776999,False,78.19827518910948,117.39515988609136,8.3,3
577,94af5faf-a32d-42f1-af4e-47b74d992108,2018-02-28,hello_109@myemail.com,36-45,,No intake,,,90.13902421785924,124.05681931252936,7.3,3
578,94af5faf-a32d-42f1-af4e-47b74d992108,2018-03-31,hello_109@myemail.com,36-45,Recovery,Zinc,0.2788881140809457,False,65.29882625367706,103.12492308190792,6.8,4
579,94af5faf-a32d-42f1-af4e-47b74d992108,2018-03-31,hello_109@myemail.com,36-45,Strength,Zinc,0.11094827685348081,False,65.29882625367706,103.12492308190792,6.8,4
580,94af5faf-a32d-42f1-af4e-47b74d992108,2018-04-30,hello_109@myemail.com,36-45,Memory,Magnesium,0.24506374651424864,False,81.87662055172497,113.2408846843256,11.2,1
581,4e6db808-94c7-4363-b01c-ae7bd6cdc42c,2018-01-31,user110@email.com,46-55,,No intake,,,81.84990400523404,101.9428146675679,4.2,2
582,4e6db808-94c7-4363-b01c-ae7bd6cdc42c,2018-02-28,user110@email.com,46-55,Memory,Zinc,0.45133592801735134,False,63.57892491241549,132.5863958480492,9.3,1
583,4e6db808-94c7-4363-b01c-ae7bd6cdc42c,2018-02-28,user110@email.com,46-55,Memory,Zinc,0.4581195350835788,False,63.57892491241549,132.5863958480492,9.3,1
584,4e6db808-94c7-4363-b01c-ae7bd6cdc42c,2018-03-31,user110@email.com,46-55,Strength,Magnesium,0.1608465612035359,False,76.71936342027655,104.85084263600234,11.7,2
585,4e6db808-94c7-4363-b01c-ae7bd6cdc42c,2018-04-30,user110@email.com,46-55,Memory,Zinc,0.2715046030814016,True,94.13139194268808,128.92660963201732,8.5,4
586,291def00-1c63-4a0f-9e65-ef4cc691ff6a,2018-01-31,hi111@example.com,56-65,,No intake,,,94.2461448797864,126.0946440789174,11.5,4
587,291def00-1c63-4a0f-9e65-ef4cc691ff6a,2018-02-28,hi111@example.com,56-65,Recovery,Omega-3,0.4085012449518196,False,63.96950659678724,98.73533749438496,4.4,2
588,291def00-1c63-4a0f-9e65-ef4cc691ff6a,2018-02-28,hi111@example.com,56-65,Sleep Quality,Zinc,0.13048547391207957,False,63.96950659678724,98.73533749438496,4.4,2
589,291def00-1c63-4a0f-9e65-ef4cc691ff6a,2018-03-31,hi111@example.com,56-65,Sleep Quality,Zinc,0.22663778136391188,True,63.62883530991324,86.10591443002325,7.4,2
590,291def00-1c63-4a0f-9e65-ef4cc691ff6a,2018-03-31,hi111@example.com,56-65,Memory,Omega-3,0.4482529394927968,False,63.62883530991324,86.10591443002325,7.4,2
591,291def00-1c63-4a0f-9e65-ef4cc691ff6a,2018-04-30,hi111@example.com,56-65,Strength,Omega-3,0.4428336711256922,False,70.50781908007741,98.42574927918398,6.1,1
592,587762d4-7be7-4894-8fa3-0c33e6676881,2018-01-31,contact112@email.com,18-25,,No intake,,,94.99064250215974,127.8352163042654,9.8,4
593,587762d4-7be7-4894-8fa3-0c33e6676881,2018-02-28,contact112@email.com,18-25,Endurance,Zinc,0.30823992672119244,False,65.15610340293996,85.93427750735746,11.9,1
594,587762d4-7be7-4894-8fa3-0c33e6676881,2018-03-31,contact112@email.com,18-25,Strength,Zinc,0.2619588785756658,True,88.79987210509785,106.71054421004246,6.1,2
595,587762d4-7be7-4894-8fa3-0c33e6676881,2018-03-31,contact112@email.com,18-25,Memory,Magnesium,0.31278906344678115,False,88.79987210509785,106.71054421004246,6.1,2
596,587762d4-7be7-4894-8fa3-0c33e6676881,2018-03-31,contact112@email.com,18-25,Strength,Zinc,0.3107944873305712,False,88.79987210509785,106.71054421004246,6.1,2
597,587762d4-7be7-4894-8fa3-0c33e6676881,2018-03-31,contact112@email.com,18-25,Endurance,Omega-3,0.4113062979175115,False,88.79987210509785,106.71054421004246,6.1,2
598,587762d4-7be7-4894-8fa3-0c33e6676881,2018-04-30,contact112@email.com,18-25,,No intake,,,64.04662478452413,126.42677235725232,9.2,3
599,5ecf0290-257c-4683-b27c-24b49b3ffc24,2018-01-31,contact_113@myemail.com,56-65,Recovery,Omega-3,0.11379753154743755,False,84.92551414991301,94.74342325898652,5.6,3
600,5ecf0290-257c-4683-b27c-24b49b3ffc24,2018-02-28,contact_113@myemail.com,56-65,Recovery,Zinc,0.2460867820535941,False,74.2426919647658,114.95467459018882,8.5,3
601,5ecf0290-257c-4683-b27c-24b49b3ffc24,2018-02-28,contact_113@myemail.com,56-65,Endurance,Zinc,0.4871550599737674,False,74.2426919647658,114.95467459018882,8.5,3
602,5ecf0290-257c-4683-b27c-24b49b3ffc24,2018-02-28,contact_113@myemail.com,56-65,Focus,Placebo,0.26629962101286636,False,74.2426919647658,114.95467459018882,8.5,3
603,5ecf0290-257c-4683-b27c-24b49b3ffc24,2018-03-31,contact_113@myemail.com,56-65,Recovery,Magnesium,0.3179207913103908,True,91.55655851863467,87.19421018341701,7.7,2
604,5ecf0290-257c-4683-b27c-24b49b3ffc24,2018-03-31,contact_113@myemail.com,56-65,Strength,Magnesium,0.4506999452526521,False,91.55655851863467,87.19421018341701,7.7,2
605,5ecf0290-257c-4683-b27c-24b49b3ffc24,2018-03-31,contact_113@myemail.com,56-65,Recovery,Vitamin C,0.32480586181720966,False,91.55655851863467,87.19421018341701,7.7,2
606,5ecf0290-257c-4683-b27c-24b49b3ffc24,2018-04-30,contact_113@myemail.com,56-65,Focus,Vitamin C,0.4454785836010769,False,69.34761795301455,77.6495611757712,11.8,1
607,5ecf0290-257c-4683-b27c-24b49b3ffc24,2018-04-30,contact_113@myemail.com,56-65,Endurance,Omega-3,0.33739440215866806,False,69.34761795301455,77.6495611757712,11.8,1
608,5ecf0290-257c-4683-b27c-24b49b3ffc24,2018-04-30,contact_113@myemail.com,56-65,Recovery,Magnesium,0.43211384254499186,False,69.34761795301455,77.6495611757712,11.8,1
609,7e4de38b-b75d-43cf-802a-124fe947d519,2018-01-31,contact114@email.com,Over 65,,No intake,,,85.56807317559839,125.60689575649994,8.9,4
610,7e4de38b-b75d-43cf-802a-124fe947d519,2018-02-28,contact114@email.com,Over 65,Sleep Quality,Magnesium,0.27749414502344183,True,69.4273013830354,76.92780363860948,6.8,2
611,7e4de38b-b75d-43cf-802a-124fe947d519,2018-03-31,contact114@email.com,Over 65,,No intake,,,88.54641132448614,88.99669765557093,4.9,3
612,7e4de38b-b75d-43cf-802a-124fe947d519,2018-04-30,contact114@email.com,Over 65,Memory,Magnesium,0.10800587726917313,False,94.94712138242994,129.85765953982082,5.2,1
613,98ae494a-ac51-47c1-8994-60c2aa55f75e,2018-01-31,hello_115@example.com,56-65,Endurance,Zinc,0.415509694550172,False,65.0720719650704,94.2528500955067,5.8,4
614,98ae494a-ac51-47c1-8994-60c2aa55f75e,2018-02-28,hello_115@example.com,56-65,Memory,Placebo,0.3438925412759683,False,94.66382754382012,138.11317446599128,6.0,4
615,98ae494a-ac51-47c1-8994-60c2aa55f75e,2018-02-28,hello_115@example.com,56-65,Memory,Omega-3,0.20265072156609115,False,94.66382754382012,138.11317446599128,6.0,4
616,98ae494a-ac51-47c1-8994-60c2aa55f75e,2018-03-31,hello_115@example.com,56-65,Sleep Quality,Zinc,0.18517581905293715,False,83.74301017657191,138.58140343417017,10.8,2
617,98ae494a-ac51-47c1-8994-60c2aa55f75e,2018-04-30,hello_115@example.com,56-65,,No intake,,,65.08441963468096,88.77932143174897,8.5,2
618,2002b317-50c1-474b-ac3f-5d0682ae2217,2018-01-31,contact_116@example.com,Unknown,Endurance,Zinc,0.10979869270064747,False,77.10167421438848,72.86847555749233,8.2,4
619,2002b317-50c1-474b-ac3f-5d0682ae2217,2018-02-28,contact_116@example.com,Unknown,Sleep Quality,Placebo,0.32576117020424,True,66.43441173940391,119.35442989437654,4.9,4
620,2002b317-50c1-474b-ac3f-5d0682ae2217,2018-02-28,contact_116@example.com,Unknown,Recovery,Zinc,0.2528576751679553,True,66.43441173940391,119.35442989437654,4.9,4
621,2002b317-50c1-474b-ac3f-5d0682ae2217,2018-03-31,contact_116@example.com,Unknown,Sleep Quality,Vitamin C,0.45855595523441045,False,88.01391555466279,101.56905518538406,10.9,3
622,2002b317-50c1-474b-ac3f-5d0682ae2217,2018-04-30,contact_116@example.com,Unknown,,No intake,,,90.354725376718,77.05269907717035,9.8,4
623,4c2b3b84-67d9-4c58-aa03-c47a1e9ede03,2018-01-31,hello117@example.com,56-65,Focus,Placebo,0.3506185286990789,False,64.23186081091195,119.526597328463,4.5,2
624,4c2b3b84-67d9-4c58-aa03-c47a1e9ede03,2018-01-31,hello117@example.com,56-65,Recovery,Magnesium,0.359084533947266,False,64.23186081091195,119.526597328463,4.5,2
625,4c2b3b84-67d9-4c58-aa03-c47a1e9ede03,2018-01-31,hello117@example.com,56-65,Recovery,Vitamin C,0.2878218855974132,False,64.23186081091195,119.526597328463,4.5,2
626,4c2b3b84-67d9-4c58-aa03-c47a1e9ede03,2018-02-28,hello117@example.com,56-65,Endurance,Vitamin C,0.2077474180810776,False,80.24559410778578,72.18224363783449,9.7,1
627,4c2b3b84-67d9-4c58-aa03-c47a1e9ede03,2018-02-28,hello117@example.com,56-65,Sleep Quality,Omega-3,0.18619424877719387,False,80.24559410778578,72.18224363783449,9.7,1
628,4c2b3b84-67d9-4c58-aa03-c47a1e9ede03,2018-03-31,hello117@example.com,56-65,,No intake,,,92.58500224103668,130.91376833445696,8.3,3
629,4c2b3b84-67d9-4c58-aa03-c47a1e9ede03,2018-04-30,hello117@example.com,56-65,Strength,Omega-3,0.3448438310003433,False,97.44652166203986,79.70567703793127,4.7,3
630,4c2b3b84-67d9-4c58-aa03-c47a1e9ede03,2018-04-30,hello117@example.com,56-65,Memory,Magnesium,0.32639793530767675,True,97.44652166203986,79.70567703793127,4.7,3
631,4c2b3b84-67d9-4c58-aa03-c47a1e9ede03,2018-04-30,hello117@example.com,56-65,Strength,Zinc,0.19509174491130143,False,97.44652166203986,79.70567703793127,4.7,3
632,d0fba472-8182-4482-b83c-de937d847b67,2018-01-31,user_118@email.com,56-65,Sleep Quality,Vitamin C,0.28942153341889526,False,80.5407146696708,78.91183151227075,7.7,4
633,d0fba472-8182-4482-b83c-de937d847b67,2018-02-28,user_118@email.com,56-65,Focus,Omega-3,0.4139996697694334,False,98.01116894445629,82.29706085780091,7.9,1
634,d0fba472-8182-4482-b83c-de937d847b67,2018-03-31,user_118@email.com,56-65,,No intake,,,81.4275588182412,137.21864509444464,5.3,3
635,d0fba472-8182-4482-b83c-de937d847b67,2018-04-30,user_118@email.com,56-65,,No intake,,,75.76761978399632,118.52185521776924,11.6,2
636,b653cfeb-c8f4-4608-a356-bf401aeb87fb,2018-01-31,hi_119@email.com,46-55,,No intake,,,93.92812514211582,126.09600748245455,10.8,4
637,b653cfeb-c8f4-4608-a356-bf401aeb87fb,2018-02-28,hi_119@email.com,46-55,Sleep Quality,Placebo,0.48790398850354055,True,79.71930841832356,97.83444900129273,9.4,2
638,b653cfeb-c8f4-4608-a356-bf401aeb87fb,2018-02-28,hi_119@email.com,46-55,Focus,Omega-3,0.21997730272551652,False,79.71930841832356,97.83444900129273,9.4,2
639,b653cfeb-c8f4-4608-a356-bf401aeb87fb,2018-03-31,hi_119@email.com,46-55,,No intake,,,78.87610042258092,93.54189092534688,7.7,4
640,b653cfeb-c8f4-4608-a356-bf401aeb87fb,2018-04-30,hi_119@email.com,46-55,,No intake,,,79.61249957639313,86.4138804748219,7.3,3
641,7e64bd56-ea40-4f6e-a241-022a30a5f4ab,2018-01-31,contact120@example.com,18-25,Recovery,Placebo,0.2898582893103554,True,93.87140007478982,103.64536198186865,9.2,4
642,7e64bd56-ea40-4f6e-a241-022a30a5f4ab,2018-02-28,contact120@example.com,18-25,,No intake,,,93.27766166752208,108.6280113473918,8.4,1
643,7e64bd56-ea40-4f6e-a241-022a30a5f4ab,2018-03-31,contact120@example.com,18-25,Recovery,Magnesium,0.1524148901462193,False,76.14079969760844,114.22423905569288,4.5,2
644,7e64bd56-ea40-4f6e-a241-022a30a5f4ab,2018-03-31,contact120@example.com,18-25,Endurance,Vitamin C,0.22451990912760358,False,76.14079969760844,114.22423905569288,4.5,2
645,7e64bd56-ea40-4f6e-a241-022a30a5f4ab,2018-04-30,contact120@example.com,18-25,Memory,Placebo,0.32751427306166997,False,73.331994394821,87.99829527990862,8.1,1
646,544b29b6-d92e-4777-a76d-5fa14be6ad35,2018-01-31,hi121@example.com,Over 65,,No intake,,,79.67712096156518,136.40578566320934,10.5,2
647,544b29b6-d92e-4777-a76d-5fa14be6ad35,2018-02-28,hi121@example.com,Over 65,Recovery,Zinc,0.4841749215754228,False,82.91090038948437,81.8830948744995,7.7,2
648,544b29b6-d92e-4777-a76d-5fa14be6ad35,2018-03-31,hi121@example.com,Over 65,,No intake,,,69.53348842511988,137.59572223364887,4.4,4
649,544b29b6-d92e-4777-a76d-5fa14be6ad35,2018-04-30,hi121@example.com,Over 65,,No intake,,,91.75820338862364,71.03992857552527,10.3,3
650,7dce87b8-613e-48a9-b946-a145eaaf50fa,2018-01-31,hello_122@example.com,36-45,Sleep Quality,Placebo,0.23821430013945047,False,79.45931062929691,103.6787984271792,5.6,3
651,7dce87b8-613e-48a9-b946-a145eaaf50fa,2018-01-31,hello_122@example.com,36-45,Endurance,Magnesium,0.32873571594261664,False,79.45931062929691,103.6787984271792,5.6,3
652,7dce87b8-613e-48a9-b946-a145eaaf50fa,2018-02-28,hello_122@example.com,36-45,Endurance,Placebo,0.2256309505679388,False,73.36182193679838,93.3357486681594,6.1,1
653,7dce87b8-613e-48a9-b946-a145eaaf50fa,2018-02-28,hello_122@example.com,36-45,Sleep Quality,Magnesium,0.32375809785538795,False,73.36182193679838,93.3357486681594,6.1,1
654,7dce87b8-613e-48a9-b946-a145eaaf50fa,2018-03-31,hello_122@example.com,36-45,,No intake,,,64.27283971855962,101.43863897511756,5.3,4
655,7dce87b8-613e-48a9-b946-a145eaaf50fa,2018-04-30,hello_122@example.com,36-45,Endurance,Zinc,0.24438858239450872,False,69.55380641614428,109.94652052865524,6.6,3
656,7dce87b8-613e-48a9-b946-a145eaaf50fa,2018-04-30,hello_122@example.com,36-45,Strength,Vitamin C,0.19320019592359852,False,69.55380641614428,109.94652052865524,6.6,3
657,7dce87b8-613e-48a9-b946-a145eaaf50fa,2018-04-30,hello_122@example.com,36-45,Sleep Quality,Zinc,0.2709319303896032,False,69.55380641614428,109.94652052865524,6.6,3
658,0f46ea22-7117-4083-8a14-39e38ba7bb8a,2018-01-31,contact123@example.com,46-55,Strength,Placebo,0.3839319169128259,False,97.97124687023936,100.49124106088964,10.1,2
659,0f46ea22-7117-4083-8a14-39e38ba7bb8a,2018-02-28,contact123@example.com,46-55,,No intake,,,72.20398747278107,99.03927952111164,8.2,2
660,0f46ea22-7117-4083-8a14-39e38ba7bb8a,2018-03-31,contact123@example.com,46-55,,No intake,,,66.75437157468141,121.29063907893146,5.6,4
661,0f46ea22-7117-4083-8a14-39e38ba7bb8a,2018-04-30,contact123@example.com,46-55,Sleep Quality,Vitamin C,0.1957760373601577,False,78.42691166619973,118.01133925605252,11.0,1
662,64f4ff48-bec1-4aa9-b35a-cdd30d1489d5,2018-01-31,user_124@email.com,56-65,,No intake,,,72.28350973440995,128.32898974250935,11.0,4
663,64f4ff48-bec1-4aa9-b35a-cdd30d1489d5,2018-02-28,user_124@email.com,56-65,,No intake,,,61.406370010847766,87.49712868676468,11.0,1
664,64f4ff48-bec1-4aa9-b35a-cdd30d1489d5,2018-03-31,user_124@email.com,56-65,Memory,Zinc,0.11772387288345211,False,72.92580869117668,112.66699568278446,5.9,4
665,64f4ff48-bec1-4aa9-b35a-cdd30d1489d5,2018-04-30,user_124@email.com,56-65,,No intake,,,81.76434495757874,110.96363497749977,7.6,2
666,1179b9ca-efba-4a4e-b7a9-cae3ca23eb14,2018-01-31,contact_125@email.com,18-25,,No intake,,,82.06849488079868,95.8816467610882,11.9,4
667,1179b9ca-efba-4a4e-b7a9-cae3ca23eb14,2018-02-28,contact_125@email.com,18-25,,No intake,,,74.26235684707555,104.02402793318764,10.2,3
668,1179b9ca-efba-4a4e-b7a9-cae3ca23eb14,2018-03-31,contact_125@email.com,18-25,Recovery,Placebo,0.1907032987777647,False,77.89211025010403,91.964750031401,4.2,3
669,1179b9ca-efba-4a4e-b7a9-cae3ca23eb14,2018-04-30,contact_125@email.com,18-25,,No intake,,,98.62071672939068,79.92910783318897,4.5,4
670,97bbfd14-d018-4229-b088-9ce7bb697ebd,2018-01-31,hi_126@example.com,Unknown,,No intake,,,75.09393908921247,84.9660847463913,7.7,1
671,97bbfd14-d018-4229-b088-9ce7bb697ebd,2018-02-28,hi_126@example.com,Unknown,,No intake,,,70.32907253039932,77.38595524808407,11.3,1
672,97bbfd14-d018-4229-b088-9ce7bb697ebd,2018-03-31,hi_126@example.com,Unknown,,No intake,,,69.73868176267041,117.81487026330868,8.3,2
673,97bbfd14-d018-4229-b088-9ce7bb697ebd,2018-04-30,hi_126@example.com,Unknown,,No intake,,,78.31058450816536,116.2509175176406,8.0,2
674,8d4f8bd5-13b8-4344-a01c-d1317acd118a,2018-01-31,hello_127@example.com,46-55,Focus,Omega-3,0.23302518096280728,False,90.38080594867776,136.5424460105911,4.8,1
675,8d4f8bd5-13b8-4344-a01c-d1317acd118a,2018-01-31,hello_127@example.com,46-55,Memory,Magnesium,0.26241756363964963,True,90.38080594867776,136.5424460105911,4.8,1
676,8d4f8bd5-13b8-4344-a01c-d1317acd118a,2018-01-31,hello_127@example.com,46-55,Focus,Omega-3,0.2867688710254861,True,90.38080594867776,136.5424460105911,4.8,1
677,8d4f8bd5-13b8-4344-a01c-d1317acd118a,2018-02-28,hello_127@example.com,46-55,,No intake,,,68.23952736753893,121.07748895530688,9.3,4
678,8d4f8bd5-13b8-4344-a01c-d1317acd118a,2018-03-31,hello_127@example.com,46-55,Memory,Placebo,0.4791558636584722,True,88.37184508563072,73.64320871292921,10.6,2
679,8d4f8bd5-13b8-4344-a01c-d1317acd118a,2018-04-30,hello_127@example.com,46-55,Memory,Zinc,0.4687414695143639,False,60.84599293397665,131.89716217502678,7.0,1
680,7e535de7-e843-4ec8-a3d8-13659387861d,2018-01-31,user128@myemail.com,36-45,Strength,Zinc,0.3344882846108981,False,76.75731911935785,130.38726140620082,10.2,1
681,7e535de7-e843-4ec8-a3d8-13659387861d,2018-02-28,user128@myemail.com,36-45,,No intake,,,91.03460260811148,101.0324224540889,11.7,4
682,7e535de7-e843-4ec8-a3d8-13659387861d,2018-03-31,user128@myemail.com,36-45,Endurance,Magnesium,0.3189953732597885,True,73.54931823097726,111.0104135369545,5.6,3
683,7e535de7-e843-4ec8-a3d8-13659387861d,2018-04-30,user128@myemail.com,36-45,Recovery,Omega-3,0.3822414165457366,False,82.54948405781597,138.32548327307632,8.2,1
684,523b57b5-a29f-4ab4-9109-f17ee4e446db,2018-01-31,hello129@email.com,36-45,Focus,Magnesium,0.2593241471454285,False,68.19916931303644,107.26130546937164,6.3,2
685,523b57b5-a29f-4ab4-9109-f17ee4e446db,2018-02-28,hello129@email.com,36-45,Strength,Placebo,0.18895657420481288,False,89.67981564504689,133.37252798632628,10.3,4
686,523b57b5-a29f-4ab4-9109-f17ee4e446db,2018-02-28,hello129@email.com,36-45,Endurance,Placebo,0.34496116324118886,False,89.67981564504689,133.37252798632628,10.3,4
687,523b57b5-a29f-4ab4-9109-f17ee4e446db,2018-03-31,hello129@email.com,36-45,Focus,Placebo,0.30048430054987657,True,62.09116413075039,75.81271304671306,8.6,4
688,523b57b5-a29f-4ab4-9109-f17ee4e446db,2018-04-30,hello129@email.com,36-45,Sleep Quality,Zinc,0.12264098624218611,True,94.10170579502002,83.3736308096078,9.1,4
689,383d60c4-a189-4a7f-bd42-67331c991fad,2018-01-31,hi130@email.com,18-25,,No intake,,,67.92785545686672,100.85284604089225,10.4,3
690,383d60c4-a189-4a7f-bd42-67331c991fad,2018-02-28,hi130@email.com,18-25,Sleep Quality,Zinc,0.16723897910664393,False,94.97592126833322,110.93297658361132,7.2,3
691,383d60c4-a189-4a7f-bd42-67331c991fad,2018-03-31,hi130@email.com,18-25,Strength,Placebo,0.3695256583054723,False,74.1011696520207,127.135949630396,11.3,2
692,383d60c4-a189-4a7f-bd42-67331c991fad,2018-03-31,hi130@email.com,18-25,Focus,Placebo,0.2406030176037208,False,74.1011696520207,127.135949630396,11.3,2
693,383d60c4-a189-4a7f-bd42-67331c991fad,2018-04-30,hi130@email.com,18-25,,No intake,,,88.90734297897947,139.1783480600231,8.3,2
694,a675f45b-4a4d-483e-8c9c-99bdad00f13f,2018-01-31,hello_131@email.com,18-25,Focus,Zinc,0.3476637490880803,False,72.76901191144754,97.21960475318816,5.3,4
695,a675f45b-4a4d-483e-8c9c-99bdad00f13f,2018-01-31,hello_131@email.com,18-25,Strength,Omega-3,0.3142071273547633,False,72.76901191144754,97.21960475318816,5.3,4
696,a675f45b-4a4d-483e-8c9c-99bdad00f13f,2018-02-28,hello_131@email.com,18-25,,No intake,,,96.2364668493859,73.31909452980594,9.6,2
697,a675f45b-4a4d-483e-8c9c-99bdad00f13f,2018-03-31,hello_131@email.com,18-25,Recovery,Zinc,0.21705507268887028,False,65.06548502073497,126.08200523067272,10.3,1
698,a675f45b-4a4d-483e-8c9c-99bdad00f13f,2018-04-30,hello_131@email.com,18-25,,No intake,,,67.14079157090394,112.30665033579658,6.5,3
699,9fbc9ad5-5c0c-480e-b445-3b9c69752163,2018-01-31,hello_132@myemail.com,56-65,Focus,Omega-3,0.37834544663947967,False,79.7212050063521,83.89800012077411,10.9,4
700,9fbc9ad5-5c0c-480e-b445-3b9c69752163,2018-02-28,hello_132@myemail.com,56-65,,No intake,,,63.27753756152585,104.63799196349942,11.2,4
701,9fbc9ad5-5c0c-480e-b445-3b9c69752163,2018-03-31,hello_132@myemail.com,56-65,Sleep Quality,Placebo,0.2610805144927855,True,67.83920738807048,121.9617171873607,6.2,1
702,9fbc9ad5-5c0c-480e-b445-3b9c69752163,2018-04-30,hello_132@myemail.com,56-65,Recovery,Zinc,0.2609722902591168,False,97.75065528848056,123.92882509480506,11.9,1
703,9fbc9ad5-5c0c-480e-b445-3b9c69752163,2018-04-30,hello_132@myemail.com,56-65,Sleep Quality,Placebo,0.18659688419946802,False,97.75065528848056,123.92882509480506,11.9,1
704,9fbc9ad5-5c0c-480e-b445-3b9c69752163,2018-04-30,hello_132@myemail.com,56-65,Strength,Zinc,0.36298933407665035,False,97.75065528848056,123.92882509480506,11.9,1
705,9fbc9ad5-5c0c-480e-b445-3b9c69752163,2018-04-30,hello_132@myemail.com,56-65,Strength,Omega-3,0.24366943515150244,False,97.75065528848056,123.92882509480506,11.9,1
706,7f6d7c59-6b35-41a5-9c42-838d220bce13,2018-01-31,contact_133@myemail.com,18-25,Strength,Omega-3,0.1775075179564903,False,99.05958644591549,104.97328883991334,5.1,1
707,7f6d7c59-6b35-41a5-9c42-838d220bce13,2018-01-31,contact_133@myemail.com,18-25,Endurance,Omega-3,0.23091007733257998,True,99.05958644591549,104.97328883991334,5.1,1
708,7f6d7c59-6b35-41a5-9c42-838d220bce13,2018-02-28,contact_133@myemail.com,18-25,,No intake,,,75.05037317321688,91.36501710902014,5.6,1
709,7f6d7c59-6b35-41a5-9c42-838d220bce13,2018-03-31,contact_133@myemail.com,18-25,Focus,Omega-3,0.2937012224920087,False,96.93144084055744,138.16198074269454,5.5,4
710,7f6d7c59-6b35-41a5-9c42-838d220bce13,2018-04-30,contact_133@myemail.com,18-25,,No intake,,,81.79298702693727,116.43538276695448,11.2,3
711,6a135c97-1d81-42b4-ad2d-1b23d09e9762,2018-01-31,contact134@myemail.com,46-55,Sleep Quality,Zinc,0.21268659013328436,False,70.78969863495068,98.57662635424091,9.2,3
712,6a135c97-1d81-42b4-ad2d-1b23d09e9762,2018-02-28,contact134@myemail.com,46-55,Recovery,Zinc,0.31312994452504406,False,88.09594884322394,89.63242569432566,5.2,1
713,6a135c97-1d81-42b4-ad2d-1b23d09e9762,2018-03-31,contact134@myemail.com,46-55,Memory,Placebo,0.1414388599989918,True,86.35607226299429,121.17720881024934,7.5,2
714,6a135c97-1d81-42b4-ad2d-1b23d09e9762,2018-04-30,contact134@myemail.com,46-55,,No intake,,,99.56501276434932,86.95284119156373,8.9,4
715,ab62756b-c6ec-41ea-81db-271395a4ea02,2018-01-31,user135@myemail.com,Unknown,Focus,Vitamin C,0.4839008417601426,False,70.60189149637134,82.01969922815817,4.7,3
716,ab62756b-c6ec-41ea-81db-271395a4ea02,2018-02-28,user135@myemail.com,Unknown,Memory,Vitamin C,0.15220855976901188,False,86.88238010646941,107.08837222734492,11.1,1
717,ab62756b-c6ec-41ea-81db-271395a4ea02,2018-03-31,user135@myemail.com,Unknown,Sleep Quality,Zinc,0.14266202785187623,False,62.08095020117788,90.29911748508994,10.4,2
718,ab62756b-c6ec-41ea-81db-271395a4ea02,2018-04-30,user135@myemail.com,Unknown,Focus,Vitamin C,0.3583243520204831,False,64.54584154786878,114.02336014465304,8.0,2
719,ab62756b-c6ec-41ea-81db-271395a4ea02,2018-04-30,user135@myemail.com,Unknown,Recovery,Magnesium,0.32889735838738055,False,64.54584154786878,114.02336014465304,8.0,2
720,6c6bd725-d158-47a6-8f55-d8f8f9bf2fdd,2018-01-31,hello136@example.com,46-55,,No intake,,,60.15673499804373,78.25570724119635,11.7,1
721,6c6bd725-d158-47a6-8f55-d8f8f9bf2fdd,2018-02-28,hello136@example.com,46-55,Recovery,Placebo,0.3873161095640972,False,99.97842724238691,115.84587731971251,7.3,4
722,6c6bd725-d158-47a6-8f55-d8f8f9bf2fdd,2018-03-31,hello136@example.com,46-55,Focus,Magnesium,0.16498021113786593,False,92.09094788589913,89.83075695983916,11.9,3
723,6c6bd725-d158-47a6-8f55-d8f8f9bf2fdd,2018-04-30,hello136@example.com,46-55,Strength,Vitamin C,0.2702486249675261,False,91.46892058934164,70.01700541041589,9.3,2
724,7c947a66-5c30-4828-b2a4-40fe77a88893,2018-01-31,contact_137@email.com,46-55,Recovery,Placebo,0.15731933720573008,False,80.38904301152719,78.88552403719234,9.1,3
725,7c947a66-5c30-4828-b2a4-40fe77a88893,2018-02-28,contact_137@email.com,46-55,,No intake,,,72.0026833162176,135.3530764484566,5.3,3
726,7c947a66-5c30-4828-b2a4-40fe77a88893,2018-03-31,contact_137@email.com,46-55,Endurance,Vitamin C,0.4730929081681447,True,66.05057137850704,130.71482473807504,11.1,2
727,7c947a66-5c30-4828-b2a4-40fe77a88893,2018-03-31,contact_137@email.com,46-55,Recovery,Zinc,0.3241832818233321,False,66.05057137850704,130.71482473807504,11.1,2
728,7c947a66-5c30-4828-b2a4-40fe77a88893,2018-03-31,contact_137@email.com,46-55,Sleep Quality,Placebo,0.2214163631989196,False,66.05057137850704,130.71482473807504,11.1,2
729,7c947a66-5c30-4828-b2a4-40fe77a88893,2018-03-31,contact_137@email.com,46-55,Recovery,Placebo,0.3143311357797769,False,66.05057137850704,130.71482473807504,11.1,2
730,7c947a66-5c30-4828-b2a4-40fe77a88893,2018-04-30,contact_137@email.com,46-55,Focus,Omega-3,0.2322811153597244,False,71.38698955385854,86.35263224253657,7.4,1
731,6a201510-8656-4c29-adea-5617570daa8d,2018-01-31,hello138@email.com,36-45,,No intake,,,75.03884887716556,124.48603331818438,5.3,2
732,6a201510-8656-4c29-adea-5617570daa8d,2018-02-28,hello138@email.com,36-45,,No intake,,,90.25240387921176,112.6000115221782,4.1,2
733,6a201510-8656-4c29-adea-5617570daa8d,2018-03-31,hello138@email.com,36-45,,No intake,,,81.5864715561261,137.96332980149086,8.5,4
734,6a201510-8656-4c29-adea-5617570daa8d,2018-04-30,hello138@email.com,36-45,Strength,Omega-3,0.48017672101933767,True,63.09934506221931,96.15239616738414,8.2,3
735,6a201510-8656-4c29-adea-5617570daa8d,2018-04-30,hello138@email.com,36-45,Memory,Vitamin C,0.30487779070384236,True,63.09934506221931,96.15239616738414,8.2,3
736,18fd91a6-66e8-4fdc-93c9-34b97e44232c,2018-01-31,contact139@myemail.com,26-35,,No intake,,,60.72116035835649,117.70224287620198,9.8,1
737,18fd91a6-66e8-4fdc-93c9-34b97e44232c,2018-02-28,contact139@myemail.com,26-35,,No intake,,,64.09328718136253,74.4475005696743,11.1,3
738,18fd91a6-66e8-4fdc-93c9-34b97e44232c,2018-03-31,contact139@myemail.com,26-35,Strength,Magnesium,0.4435701554122772,False,76.41994854789517,97.7373142771484,4.6,2
739,18fd91a6-66e8-4fdc-93c9-34b97e44232c,2018-04-30,contact139@myemail.com,26-35,,No intake,,,97.32771668196074,137.46723628317264,9.9,1
740,eabb62b4-87b7-4e98-9181-3e11d31437b2,2018-01-31,hello_140@example.com,18-25,Endurance,Magnesium,0.3618703522288912,True,85.49609924836886,107.72866121150844,5.5,1
741,eabb62b4-87b7-4e98-9181-3e11d31437b2,2018-02-28,hello_140@example.com,18-25,,No intake,,,92.0730359950206,90.15156523343911,10.9,1
742,eabb62b4-87b7-4e98-9181-3e11d31437b2,2018-03-31,hello_140@example.com,18-25,Recovery,Vitamin C,0.4238787748242351,False,78.65498378018194,78.41896741900248,10.6,1
743,eabb62b4-87b7-4e98-9181-3e11d31437b2,2018-04-30,hello_140@example.com,18-25,,No intake,,,74.4666433278017,119.24698381270711,8.3,4
744,04e26f96-90bc-4248-941f-c4e48b262367,2018-01-31,user141@myemail.com,Over 65,,No intake,,,64.33601490866491,115.13992304008087,9.7,1
745,04e26f96-90bc-4248-941f-c4e48b262367,2018-02-28,user141@myemail.com,Over 65,,No intake,,,95.0373208874482,96.17570995226424,6.5,2
746,04e26f96-90bc-4248-941f-c4e48b262367,2018-03-31,user141@myemail.com,Over 65,,No intake,,,91.32640116111612,136.5658946306084,7.8,4
747,04e26f96-90bc-4248-941f-c4e48b262367,2018-04-30,user141@myemail.com,Over 65,Focus,Vitamin C,0.15090059191358232,True,66.72472390390901,71.55419690914952,10.6,2
748,0ea1952d-fa9c-4121-b7bd-a7c366838888,2018-01-31,hello142@example.com,46-55,,No intake,,,80.49042255505043,91.2606696142278,7.7,2
749,0ea1952d-fa9c-4121-b7bd-a7c366838888,2018-02-28,hello142@example.com,46-55,Recovery,Vitamin C,0.1629350823200191,False,79.49499231684979,134.47486404097071,6.9,3
750,0ea1952d-fa9c-4121-b7bd-a7c366838888,2018-02-28,hello142@example.com,46-55,Recovery,Placebo,0.2094337071257483,True,79.49499231684979,134.47486404097071,6.9,3
751,0ea1952d-fa9c-4121-b7bd-a7c366838888,2018-03-31,hello142@example.com,46-55,Recovery,Zinc,0.300872456615651,False,85.00366210746114,92.46548068236083,8.0,1
752,0ea1952d-fa9c-4121-b7bd-a7c366838888,2018-03-31,hello142@example.com,46-55,Focus,Placebo,0.4053356212970839,False,85.00366210746114,92.46548068236083,8.0,1
753,0ea1952d-fa9c-4121-b7bd-a7c366838888,2018-03-31,hello142@example.com,46-55,Memory,Placebo,0.37779189678135716,True,85.00366210746114,92.46548068236083,8.0,1
754,0ea1952d-fa9c-4121-b7bd-a7c366838888,2018-04-30,hello142@example.com,46-55,Recovery,Zinc,0.13150437321854797,True,97.84747575965044,87.65769836986192,10.6,1
755,0ea1952d-fa9c-4121-b7bd-a7c366838888,2018-04-30,hello142@example.com,46-55,Strength,Omega-3,0.429491952053668,False,97.84747575965044,87.65769836986192,10.6,1
756,26442c58-dc39-4d30-a2a0-edf58e72f540,2018-01-31,contact143@myemail.com,56-65,,No intake,,,83.19085767049918,107.39542869518732,6.7,2
757,26442c58-dc39-4d30-a2a0-edf58e72f540,2018-02-28,contact143@myemail.com,56-65,Memory,Vitamin C,0.49803801704527245,False,81.60869067114474,127.66612249443764,5.4,1
758,26442c58-dc39-4d30-a2a0-edf58e72f540,2018-03-31,contact143@myemail.com,56-65,Focus,Vitamin C,0.4725194210384447,False,62.01291731738656,77.22027326148527,9.7,4
759,26442c58-dc39-4d30-a2a0-edf58e72f540,2018-03-31,contact143@myemail.com,56-65,Recovery,Magnesium,0.3844090870408977,True,62.01291731738656,77.22027326148527,9.7,4
760,26442c58-dc39-4d30-a2a0-edf58e72f540,2018-03-31,contact143@myemail.com,56-65,Recovery,Omega-3,0.40994610700044304,False,62.01291731738656,77.22027326148527,9.7,4
761,26442c58-dc39-4d30-a2a0-edf58e72f540,2018-04-30,contact143@myemail.com,56-65,Focus,Magnesium,0.22980191224800384,False,62.51629904072096,136.01144967520153,10.6,3
762,626de8cb-4ac3-4d39-820c-3d1d41e4e7c0,2018-01-31,contact_144@myemail.com,46-55,Memory,Magnesium,0.10598319783737421,False,67.49387165307155,125.65510168268148,4.8,1
763,626de8cb-4ac3-4d39-820c-3d1d41e4e7c0,2018-01-31,contact_144@myemail.com,46-55,Strength,Zinc,0.41624247932242986,False,67.49387165307155,125.65510168268148,4.8,1
764,626de8cb-4ac3-4d39-820c-3d1d41e4e7c0,2018-01-31,contact_144@myemail.com,46-55,Memory,Zinc,0.4096627169988664,False,67.49387165307155,125.65510168268148,4.8,1
765,626de8cb-4ac3-4d39-820c-3d1d41e4e7c0,2018-02-28,contact_144@myemail.com,46-55,,No intake,,,61.298830867669935,82.68751788860864,5.9,1
766,626de8cb-4ac3-4d39-820c-3d1d41e4e7c0,2018-03-31,contact_144@myemail.com,46-55,,No intake,,,89.7341158228005,119.8405572838714,5.1,4
767,626de8cb-4ac3-4d39-820c-3d1d41e4e7c0,2018-04-30,contact_144@myemail.com,46-55,Memory,Magnesium,0.3372950886261669,True,88.93321215975853,96.947110584629,6.8,3
768,1783fa4b-985e-49b6-be0c-a6f25c3a16bc,2018-01-31,user_145@myemail.com,46-55,Strength,Placebo,0.44577105140884127,False,65.44224937726571,98.16062746534232,7.6,4
769,1783fa4b-985e-49b6-be0c-a6f25c3a16bc,2018-02-28,user_145@myemail.com,46-55,Strength,Zinc,0.41599261972507007,False,93.44315603181124,124.83030647072064,10.0,2
770,1783fa4b-985e-49b6-be0c-a6f25c3a16bc,2018-03-31,user_145@myemail.com,46-55,,No intake,,,66.19144139384449,137.39493655865124,9.2,2
771,1783fa4b-985e-49b6-be0c-a6f25c3a16bc,2018-04-30,user_145@myemail.com,46-55,,No intake,,,72.04702347989435,78.86591109930357,9.0,1
772,40c9f075-8496-48cb-b8a9-b22d9cffcdca,2018-01-31,hi_146@myemail.com,36-45,,No intake,,,69.9590759664546,99.44411658151736,6.8,3
773,40c9f075-8496-48cb-b8a9-b22d9cffcdca,2018-02-28,hi_146@myemail.com,36-45,Sleep Quality,Omega-3,0.4310878991164033,False,74.8922839429219,103.66591256590124,10.7,2
774,40c9f075-8496-48cb-b8a9-b22d9cffcdca,2018-02-28,hi_146@myemail.com,36-45,Focus,Vitamin C,0.37740556942998765,False,74.8922839429219,103.66591256590124,10.7,2
775,40c9f075-8496-48cb-b8a9-b22d9cffcdca,2018-03-31,hi_146@myemail.com,36-45,Focus,Placebo,0.36527833013933586,False,70.18655063559848,96.34182718684984,7.8,4
776,40c9f075-8496-48cb-b8a9-b22d9cffcdca,2018-04-30,hi_146@myemail.com,36-45,,No intake,,,79.55803705753809,95.42323866013577,11.8,2
777,26f40bed-a2b6-4587-832d-cd667f586244,2018-01-31,contact_147@myemail.com,46-55,Focus,Vitamin C,0.35545750401382165,False,76.29631525418742,73.65880672931176,9.1,2
778,26f40bed-a2b6-4587-832d-cd667f586244,2018-01-31,contact_147@myemail.com,46-55,Endurance,Zinc,0.2052151196340133,False,76.29631525418742,73.65880672931176,9.1,2
779,26f40bed-a2b6-4587-832d-cd667f586244,2018-01-31,contact_147@myemail.com,46-55,Endurance,Zinc,0.4469803821555441,True,76.29631525418742,73.65880672931176,9.1,2
780,26f40bed-a2b6-4587-832d-cd667f586244,2018-02-28,contact_147@myemail.com,46-55,,No intake,,,99.46277963117306,117.98770343938364,5.0,4
781,26f40bed-a2b6-4587-832d-cd667f586244,2018-03-31,contact_147@myemail.com,46-55,Memory,Magnesium,0.2832987367737167,False,62.23705400512903,100.53500919840316,9.4,1
782,26f40bed-a2b6-4587-832d-cd667f586244,2018-03-31,contact_147@myemail.com,46-55,Focus,Omega-3,0.4624430399447496,False,62.23705400512903,100.53500919840316,9.4,1
783,26f40bed-a2b6-4587-832d-cd667f586244,2018-04-30,contact_147@myemail.com,46-55,,No intake,,,65.68725505549406,83.63556618507488,6.6,3
784,17dbb3c0-6003-4469-9246-5dff1d295c27,2018-01-31,contact_148@example.com,18-25,Memory,Placebo,0.37570975298464576,False,62.1130357563441,127.12234516114478,9.5,1
785,17dbb3c0-6003-4469-9246-5dff1d295c27,2018-01-31,contact_148@example.com,18-25,Focus,Magnesium,0.2377467553273016,True,62.1130357563441,127.12234516114478,9.5,1
786,17dbb3c0-6003-4469-9246-5dff1d295c27,2018-02-28,contact_148@example.com,18-25,Strength,Zinc,0.3467604516158949,False,85.03364779929504,126.17925237061397,4.6,4
787,17dbb3c0-6003-4469-9246-5dff1d295c27,2018-02-28,contact_148@example.com,18-25,Sleep Quality,Vitamin C,0.3385439032877472,False,85.03364779929504,126.17925237061397,4.6,4
788,17dbb3c0-6003-4469-9246-5dff1d295c27,2018-02-28,contact_148@example.com,18-25,Recovery,Vitamin C,0.4707155132457706,False,85.03364779929504,126.17925237061397,4.6,4
789,17dbb3c0-6003-4469-9246-5dff1d295c27,2018-03-31,contact_148@example.com,18-25,Recovery,Vitamin C,0.17125303879867995,False,62.18037109654878,104.04741396622256,5.4,2
790,17dbb3c0-6003-4469-9246-5dff1d295c27,2018-04-30,contact_148@example.com,18-25,,No intake,,,93.45758949504494,90.89154628034323,10.8,3
791,cad44536-26e0-471e-babd-358f73102e50,2018-01-31,user149@myemail.com,18-25,Memory,Omega-3,0.3580548163277033,False,80.47754522727712,114.66649080575166,5.8,1
792,cad44536-26e0-471e-babd-358f73102e50,2018-02-28,user149@myemail.com,18-25,Strength,Magnesium,0.29959240207750465,True,81.08030498326136,90.1706495044182,10.7,4
793,cad44536-26e0-471e-babd-358f73102e50,2018-02-28,user149@myemail.com,18-25,Strength,Omega-3,0.2940440558872691,False,81.08030498326136,90.1706495044182,10.7,4
794,cad44536-26e0-471e-babd-358f73102e50,2018-02-28,user149@myemail.com,18-25,Focus,Placebo,0.48521631309424906,False,81.08030498326136,90.1706495044182,10.7,4
795,cad44536-26e0-471e-babd-358f73102e50,2018-03-31,user149@myemail.com,18-25,Endurance,Omega-3,0.47973452340996964,False,82.46378030848777,86.52055512265984,6.2,2
796,cad44536-26e0-471e-babd-358f73102e50,2018-03-31,user149@myemail.com,18-25,Strength,Zinc,0.24684570261344396,True,82.46378030848777,86.52055512265984,6.2,2
797,cad44536-26e0-471e-babd-358f73102e50,2018-04-30,user149@myemail.com,18-25,Focus,Magnesium,0.3971218749039386,False,66.83254825224843,121.13602578184287,9.1,2
798,cad44536-26e0-471e-babd-358f73102e50,2018-04-30,user149@myemail.com,18-25,Strength,Placebo,0.29601700806783093,True,66.83254825224843,121.13602578184287,9.1,2
799,bd83a6d3-dfc2-4ce8-ae42-7c2712482feb,2018-01-31,user_150@example.com,36-45,Strength,Magnesium,0.2521515748153893,False,67.9076121245795,72.82276678046655,9.6,1
800,bd83a6d3-dfc2-4ce8-ae42-7c2712482feb,2018-01-31,user_150@example.com,36-45,Focus,Magnesium,0.18828015986222688,False,67.9076121245795,72.82276678046655,9.6,1
801,bd83a6d3-dfc2-4ce8-ae42-7c2712482feb,2018-02-28,user_150@example.com,36-45,,No intake,,,72.75269291492019,76.63379297242157,8.1,4
802,bd83a6d3-dfc2-4ce8-ae42-7c2712482feb,2018-03-31,user_150@example.com,36-45,Focus,Omega-3,0.4166871526254113,False,83.73985663287405,70.47517218165129,6.4,2
803,bd83a6d3-dfc2-4ce8-ae42-7c2712482feb,2018-04-30,user_150@example.com,36-45,,No intake,,,68.40471103760858,80.70602305327984,5.7,2
804,5da09fc6-b412-42ea-adf8-7d3cc84ec5c4,2018-01-31,contact151@example.com,36-45,Endurance,Zinc,0.3531082964787488,False,64.65326908533045,74.82930060973216,4.3,3
805,5da09fc6-b412-42ea-adf8-7d3cc84ec5c4,2018-01-31,contact151@example.com,36-45,Memory,Magnesium,0.3321717009373649,False,64.65326908533045,74.82930060973216,4.3,3
806,5da09fc6-b412-42ea-adf8-7d3cc84ec5c4,2018-02-28,contact151@example.com,36-45,Sleep Quality,Magnesium,0.2222124665379536,False,98.80467545673729,139.7061657445943,6.4,2
807,5da09fc6-b412-42ea-adf8-7d3cc84ec5c4,2018-03-31,contact151@example.com,36-45,,No intake,,,60.87927259238492,90.21669789678629,9.2,1
808,5da09fc6-b412-42ea-adf8-7d3cc84ec5c4,2018-04-30,contact151@example.com,36-45,Memory,Vitamin C,0.3320687479965215,False,92.10789621344088,80.44876088684731,11.5,4
809,5da09fc6-b412-42ea-adf8-7d3cc84ec5c4,2018-04-30,contact151@example.com,36-45,Strength,Magnesium,0.32535158329024605,False,92.10789621344088,80.44876088684731,11.5,4
810,5da09fc6-b412-42ea-adf8-7d3cc84ec5c4,2018-04-30,contact151@example.com,36-45,Strength,Placebo,0.28493435186537874,False,92.10789621344088,80.44876088684731,11.5,4
811,d32c47f1-95a2-4b5d-bb35-0d467012da57,2018-01-31,user152@email.com,26-35,Sleep Quality,Placebo,0.43165281185935933,False,91.52140598300088,86.86973805971425,11.0,4
812,d32c47f1-95a2-4b5d-bb35-0d467012da57,2018-02-28,user152@email.com,26-35,,No intake,,,71.88856455380383,135.52879000780942,10.1,3
813,d32c47f1-95a2-4b5d-bb35-0d467012da57,2018-03-31,user152@email.com,26-35,Recovery,Zinc,0.49474468101208646,True,65.42506464029253,106.41121561170768,10.3,4
814,d32c47f1-95a2-4b5d-bb35-0d467012da57,2018-04-30,user152@email.com,26-35,Memory,Vitamin C,0.2306015357882223,False,65.82514586821694,95.53726674154998,9.3,1
815,d32c47f1-95a2-4b5d-bb35-0d467012da57,2018-04-30,user152@email.com,26-35,Memory,Zinc,0.1497763243043777,False,65.82514586821694,95.53726674154998,9.3,1
816,fe7065d4-cf10-4654-a830-331ee6d1a429,2018-01-31,hi_153@myemail.com,18-25,,No intake,,,87.8972646894877,131.13740205364536,6.1,2
817,fe7065d4-cf10-4654-a830-331ee6d1a429,2018-02-28,hi_153@myemail.com,18-25,Recovery,Placebo,0.24938742879321962,False,85.71226364344695,97.64931893843227,11.3,3
818,fe7065d4-cf10-4654-a830-331ee6d1a429,2018-03-31,hi_153@myemail.com,18-25,,No intake,,,91.30982697005548,93.4505998970387,9.4,4
819,fe7065d4-cf10-4654-a830-331ee6d1a429,2018-04-30,hi_153@myemail.com,18-25,Endurance,Omega-3,0.4706315668572503,False,97.49924689596418,84.50977657848149,8.5,3
820,fe7065d4-cf10-4654-a830-331ee6d1a429,2018-04-30,hi_153@myemail.com,18-25,Strength,Zinc,0.10356511366869957,False,97.49924689596418,84.50977657848149,8.5,3
821,4c2f7ed4-d3dc-46a3-ac7a-198ad72c03ea,2018-01-31,hello154@email.com,26-35,Endurance,Zinc,0.11945098865411109,True,87.67709453066368,96.4457776736588,4.9,3
822,4c2f7ed4-d3dc-46a3-ac7a-198ad72c03ea,2018-02-28,hello154@email.com,26-35,Recovery,Magnesium,0.2593969977092347,False,66.23406146205774,92.16790492118484,7.6,4
823,4c2f7ed4-d3dc-46a3-ac7a-198ad72c03ea,2018-02-28,hello154@email.com,26-35,Strength,Vitamin C,0.16125923346550297,True,66.23406146205774,92.16790492118484,7.6,4
824,4c2f7ed4-d3dc-46a3-ac7a-198ad72c03ea,2018-03-31,hello154@email.com,26-35,,No intake,,,69.73770467061642,117.41127715086986,7.7,3
825,4c2f7ed4-d3dc-46a3-ac7a-198ad72c03ea,2018-04-30,hello154@email.com,26-35,Recovery,Zinc,0.15734006162148859,False,93.68774923492458,90.2707893269509,10.9,4
826,8bf649eb-c47f-4e83-84e0-bbad4fe33109,2018-01-31,contact155@myemail.com,Unknown,Focus,Zinc,0.4738072873617459,False,68.37224303336833,110.4039822495793,8.4,1
827,8bf649eb-c47f-4e83-84e0-bbad4fe33109,2018-01-31,contact155@myemail.com,Unknown,Endurance,Magnesium,0.3663074575248165,False,68.37224303336833,110.4039822495793,8.4,1
828,8bf649eb-c47f-4e83-84e0-bbad4fe33109,2018-02-28,contact155@myemail.com,Unknown,Sleep Quality,Vitamin C,0.3458499130717662,False,62.90089267817925,74.61245155223808,7.0,4
829,8bf649eb-c47f-4e83-84e0-bbad4fe33109,2018-03-31,contact155@myemail.com,Unknown,,No intake,,,88.13120216169003,83.390240968756,11.8,2
830,8bf649eb-c47f-4e83-84e0-bbad4fe33109,2018-04-30,contact155@myemail.com,Unknown,Focus,Zinc,0.44500792249067656,True,76.10105421960569,98.5183690127944,4.9,4
831,43b449dc-5c13-409e-9aa3-a812a139f0cc,2018-01-31,contact_156@email.com,Over 65,Focus,Vitamin C,0.4074385577961101,False,96.80160210183617,135.58644777360868,7.4,2
832,43b449dc-5c13-409e-9aa3-a812a139f0cc,2018-01-31,contact_156@email.com,Over 65,Sleep Quality,Magnesium,0.1013491774202222,False,96.80160210183617,135.58644777360868,7.4,2
833,43b449dc-5c13-409e-9aa3-a812a139f0cc,2018-02-28,contact_156@email.com,Over 65,,No intake,,,86.01020284374647,96.40763900009868,4.3,3
834,43b449dc-5c13-409e-9aa3-a812a139f0cc,2018-03-31,contact_156@email.com,Over 65,Endurance,Placebo,0.15393854500748955,True,63.61675911166643,116.4851884839884,9.9,4
835,43b449dc-5c13-409e-9aa3-a812a139f0cc,2018-03-31,contact_156@email.com,Over 65,Sleep Quality,Placebo,0.3866526359061644,False,63.61675911166643,116.4851884839884,9.9,4
836,43b449dc-5c13-409e-9aa3-a812a139f0cc,2018-04-30,contact_156@email.com,Over 65,Strength,Zinc,0.3589768487264812,False,97.91426269014644,87.85610556949787,11.3,2
837,62d56e59-ed76-43c1-9c0b-82426d8dc5ae,2018-01-31,hello_157@example.com,Unknown,,No intake,,,70.34229054560984,78.89235031812622,6.2,4
838,62d56e59-ed76-43c1-9c0b-82426d8dc5ae,2018-02-28,hello_157@example.com,Unknown,Memory,Omega-3,0.31003513818879175,False,73.48849961625143,74.0975620056035,10.9,4
839,62d56e59-ed76-43c1-9c0b-82426d8dc5ae,2018-02-28,hello_157@example.com,Unknown,Strength,Zinc,0.32686542371330585,False,73.48849961625143,74.0975620056035,10.9,4
840,62d56e59-ed76-43c1-9c0b-82426d8dc5ae,2018-03-31,hello_157@example.com,Unknown,,No intake,,,76.09041654734168,91.3789448979926,6.3,4
841,62d56e59-ed76-43c1-9c0b-82426d8dc5ae,2018-04-30,hello_157@example.com,Unknown,Memory,Vitamin C,0.31017622806095246,True,62.04897185617253,81.03627187578356,11.3,1
842,62d56e59-ed76-43c1-9c0b-82426d8dc5ae,2018-04-30,hello_157@example.com,Unknown,Endurance,Omega-3,0.12666071885121633,False,62.04897185617253,81.03627187578356,11.3,1
843,62d56e59-ed76-43c1-9c0b-82426d8dc5ae,2018-04-30,hello_157@example.com,Unknown,Focus,Magnesium,0.17236099498316518,False,62.04897185617253,81.03627187578356,11.3,1
844,216682dc-098c-42e6-9b28-f476f04dc001,2018-01-31,contact_158@example.com,46-55,Focus,Magnesium,0.4623180670938538,False,79.86061688922419,82.1807313611287,10.0,2
845,216682dc-098c-42e6-9b28-f476f04dc001,2018-02-28,contact_158@example.com,46-55,Focus,Magnesium,0.4012810260561983,True,64.93273964301169,123.2531515870865,10.4,1
846,216682dc-098c-42e6-9b28-f476f04dc001,2018-02-28,contact_158@example.com,46-55,Sleep Quality,Placebo,0.14572882872340567,False,64.93273964301169,123.2531515870865,10.4,1
847,216682dc-098c-42e6-9b28-f476f04dc001,2018-02-28,contact_158@example.com,46-55,Memory,Omega-3,0.13395802178012148,False,64.93273964301169,123.2531515870865,10.4,1
848,216682dc-098c-42e6-9b28-f476f04dc001,2018-03-31,contact_158@example.com,46-55,Recovery,Placebo,0.1245390231850584,True,76.03881306753408,71.10866496614119,4.1,1
849,216682dc-098c-42e6-9b28-f476f04dc001,2018-04-30,contact_158@example.com,46-55,Sleep Quality,Placebo,0.308900209742706,False,74.02839151968337,109.0467088014804,11.7,2
850,ada2c78f-ecae-45ac-b815-8573356c892a,2018-01-31,user_159@example.com,Over 65,,No intake,,,90.91360333706014,96.56229664154252,9.8,4
851,ada2c78f-ecae-45ac-b815-8573356c892a,2018-02-28,user_159@example.com,Over 65,Sleep Quality,Placebo,0.3886056257381658,False,92.12682046530924,105.45849999359832,6.4,1
852,ada2c78f-ecae-45ac-b815-8573356c892a,2018-03-31,user_159@example.com,Over 65,Sleep Quality,Zinc,0.3911022869314338,False,66.13651529556353,109.3981166050222,10.6,1
853,ada2c78f-ecae-45ac-b815-8573356c892a,2018-04-30,user_159@example.com,Over 65,,No intake,,,74.66204749516905,91.93573861200947,6.3,1
854,c0d1270a-492f-4f6c-8b51-37f36331066a,2018-01-31,hello_160@email.com,18-25,,No intake,,,74.93412644127326,90.65762021289996,11.0,4
855,c0d1270a-492f-4f6c-8b51-37f36331066a,2018-02-28,hello_160@email.com,18-25,Recovery,Magnesium,0.2072046928344301,True,66.0564177574434,121.3381294534434,4.9,1
856,c0d1270a-492f-4f6c-8b51-37f36331066a,2018-02-28,hello_160@email.com,18-25,Strength,Vitamin C,0.22755091368247254,False,66.0564177574434,121.3381294534434,4.9,1
857,c0d1270a-492f-4f6c-8b51-37f36331066a,2018-03-31,hello_160@email.com,18-25,,No intake,,,91.93814020204762,130.989389168481,9.6,3
858,c0d1270a-492f-4f6c-8b51-37f36331066a,2018-04-30,hello_160@email.com,18-25,,No intake,,,88.28913313341693,83.48071427209695,8.3,2
859,89b60dd5-824a-4e9d-9c51-57382f8e2ede,2018-01-31,contact_161@example.com,26-35,Endurance,Vitamin C,0.17189876053530345,True,67.61527145188138,76.83331323746043,4.8,3
860,89b60dd5-824a-4e9d-9c51-57382f8e2ede,2018-02-28,contact_161@example.com,26-35,,No intake,,,74.66887634375196,132.8457064474418,5.9,4
861,89b60dd5-824a-4e9d-9c51-57382f8e2ede,2018-03-31,contact_161@example.com,26-35,Sleep Quality,Vitamin C,0.3488338023226485,False,64.23220099426057,94.4926824553179,4.1,1
862,89b60dd5-824a-4e9d-9c51-57382f8e2ede,2018-04-30,contact_161@example.com,26-35,Focus,Zinc,0.4561249963792568,False,85.12826388372176,108.592217346397,7.8,2
863,f7ae617c-3b8f-4882-8371-a31e0e47802b,2018-01-31,hi162@myemail.com,Unknown,Recovery,Omega-3,0.4045942745320391,False,64.85487698194478,95.16802011640024,6.4,1
864,f7ae617c-3b8f-4882-8371-a31e0e47802b,2018-01-31,hi162@myemail.com,Unknown,Memory,Zinc,0.39150418568978557,True,64.85487698194478,95.16802011640024,6.4,1
865,f7ae617c-3b8f-4882-8371-a31e0e47802b,2018-02-28,hi162@myemail.com,Unknown,Recovery,Vitamin C,0.4594962180343913,False,99.43736674499672,78.8061635442236,8.8,4
866,f7ae617c-3b8f-4882-8371-a31e0e47802b,2018-03-31,hi162@myemail.com,Unknown,Strength,Vitamin C,0.31280539146534536,False,91.22728298751449,111.25321514634096,6.4,2
867,f7ae617c-3b8f-4882-8371-a31e0e47802b,2018-03-31,hi162@myemail.com,Unknown,Memory,Zinc,0.27836958398053707,True,91.22728298751449,111.25321514634096,6.4,2
868,f7ae617c-3b8f-4882-8371-a31e0e47802b,2018-04-30,hi162@myemail.com,Unknown,Endurance,Magnesium,0.34414470772876266,False,75.6095419833598,106.75985962387408,6.4,3
869,4bf08954-0e70-4fe6-93c1-5ebfdd22d3a7,2018-01-31,hi_163@example.com,18-25,,No intake,,,83.14255729117417,84.20954914338381,9.9,2
870,4bf08954-0e70-4fe6-93c1-5ebfdd22d3a7,2018-02-28,hi_163@example.com,18-25,Focus,Zinc,0.20879492919335257,False,96.45367264865637,101.63083312565944,4.4,1
871,4bf08954-0e70-4fe6-93c1-5ebfdd22d3a7,2018-02-28,hi_163@example.com,18-25,Memory,Vitamin C,0.4536342786305847,True,96.45367264865637,101.63083312565944,4.4,1
872,4bf08954-0e70-4fe6-93c1-5ebfdd22d3a7,2018-03-31,hi_163@example.com,18-25,Memory,Zinc,0.42057730749124567,False,82.16397121583304,125.7863252810952,11.2,2
873,4bf08954-0e70-4fe6-93c1-5ebfdd22d3a7,2018-04-30,hi_163@example.com,18-25,,No intake,,,66.97993945591821,111.3298272175524,10.8,4
874,097d5545-262f-4234-9f68-84b42e19d739,2018-01-31,user164@myemail.com,36-45,,No intake,,,75.14813422324637,76.78421289468965,9.3,4
875,097d5545-262f-4234-9f68-84b42e19d739,2018-02-28,user164@myemail.com,36-45,Recovery,Placebo,0.242121440400492,False,93.72579460118982,108.36150480603943,8.7,2
876,097d5545-262f-4234-9f68-84b42e19d739,2018-03-31,user164@myemail.com,36-45,Recovery,Magnesium,0.4865560264259361,False,85.76852063958472,119.19168095027108,11.1,4
877,097d5545-262f-4234-9f68-84b42e19d739,2018-04-30,user164@myemail.com,36-45,Recovery,Omega-3,0.25490472490927557,False,86.02897537335201,125.4892384046526,5.5,4
878,d5f868fd-2f02-419c-b99a-43120219f94d,2018-01-31,contact165@myemail.com,Over 65,Endurance,Magnesium,0.2483818585636082,False,94.67285942753956,114.03823050439868,4.6,4
879,d5f868fd-2f02-419c-b99a-43120219f94d,2018-02-28,contact165@myemail.com,Over 65,,No intake,,,95.75892229850018,80.68607151785486,5.9,3
880,d5f868fd-2f02-419c-b99a-43120219f94d,2018-03-31,contact165@myemail.com,Over 65,Strength,Omega-3,0.2845983193805344,False,96.79170287117743,119.71212866131124,10.4,1
881,d5f868fd-2f02-419c-b99a-43120219f94d,2018-04-30,contact165@myemail.com,Over 65,Memory,Placebo,0.4753348810485836,True,63.79396773012624,117.41392922570614,4.3,4
882,d5f868fd-2f02-419c-b99a-43120219f94d,2018-04-30,contact165@myemail.com,Over 65,Endurance,Placebo,0.4686406398629746,False,63.79396773012624,117.41392922570614,4.3,4
883,e8a63fde-85fb-4976-bfec-80b2b3e1b438,2018-01-31,contact_166@email.com,56-65,Strength,Magnesium,0.2567575683743654,False,81.76504007852404,71.70988180584432,8.7,2
884,e8a63fde-85fb-4976-bfec-80b2b3e1b438,2018-02-28,contact_166@email.com,56-65,Sleep Quality,Zinc,0.2601522719454927,False,89.62038084873274,98.82233673131702,12.0,4
885,e8a63fde-85fb-4976-bfec-80b2b3e1b438,2018-02-28,contact_166@email.com,56-65,Sleep Quality,Omega-3,0.24254980651729816,True,89.62038084873274,98.82233673131702,12.0,4
886,e8a63fde-85fb-4976-bfec-80b2b3e1b438,2018-03-31,contact_166@email.com,56-65,Strength,Placebo,0.16538717524251087,False,90.27707380508056,93.30651728736612,10.8,3
887,e8a63fde-85fb-4976-bfec-80b2b3e1b438,2018-04-30,contact_166@email.com,56-65,Endurance,Zinc,0.3429328363682516,False,84.26864807880015,116.85884449775504,8.2,2
888,e81ccc4b-57aa-4cb4-8aba-d7720002bdea,2018-01-31,hello_167@example.com,56-65,,No intake,,,66.67149340734697,85.12950686176445,4.5,1
889,e81ccc4b-57aa-4cb4-8aba-d7720002bdea,2018-02-28,hello_167@example.com,56-65,Recovery,Placebo,0.2420255984659537,False,91.89682215766658,111.3610346081981,10.7,2
890,e81ccc4b-57aa-4cb4-8aba-d7720002bdea,2018-02-28,hello_167@example.com,56-65,Memory,Placebo,0.11674511828835996,False,91.89682215766658,111.3610346081981,10.7,2
891,e81ccc4b-57aa-4cb4-8aba-d7720002bdea,2018-03-31,hello_167@example.com,56-65,Endurance,Zinc,0.42307624800526855,False,88.80445334059783,133.92441732699206,8.8,2
892,e81ccc4b-57aa-4cb4-8aba-d7720002bdea,2018-03-31,hello_167@example.com,56-65,Recovery,Placebo,0.297012712403864,True,88.80445334059783,133.92441732699206,8.8,2
893,e81ccc4b-57aa-4cb4-8aba-d7720002bdea,2018-04-30,hello_167@example.com,56-65,Recovery,Magnesium,0.3546618237383152,False,63.445430861961455,125.84616605460256,4.9,2
894,c358be6b-b3d8-4f7d-9959-f7eaf0007dbf,2018-01-31,hello_168@myemail.com,18-25,,No intake,,,78.55239298697505,134.50204153515713,4.8,2
895,c358be6b-b3d8-4f7d-9959-f7eaf0007dbf,2018-02-28,hello_168@myemail.com,18-25,Recovery,Omega-3,0.4896698034634787,False,66.95909598087215,138.49541768528832,11.3,4
896,c358be6b-b3d8-4f7d-9959-f7eaf0007dbf,2018-03-31,hello_168@myemail.com,18-25,Sleep Quality,Vitamin C,0.27750375111213416,True,73.49908182851888,70.7469088904314,9.4,1
897,c358be6b-b3d8-4f7d-9959-f7eaf0007dbf,2018-03-31,hello_168@myemail.com,18-25,Strength,Zinc,0.49813951857088784,False,73.49908182851888,70.7469088904314,9.4,1
898,c358be6b-b3d8-4f7d-9959-f7eaf0007dbf,2018-04-30,hello_168@myemail.com,18-25,,No intake,,,60.72324368822742,113.59188934642344,10.6,4
899,8080ea26-5855-4817-86b3-f1084da6e175,2018-01-31,user169@email.com,18-25,Memory,Magnesium,0.16923382912816073,False,76.01319473643034,98.89875784312343,11.0,3
900,8080ea26-5855-4817-86b3-f1084da6e175,2018-02-28,user169@email.com,18-25,,No intake,,,81.99507684624842,130.1898143234585,8.6,3
901,8080ea26-5855-4817-86b3-f1084da6e175,2018-03-31,user169@email.com,18-25,Memory,Omega-3,0.16312035081026632,False,84.78330371308347,87.62702914063922,8.1,2
902,8080ea26-5855-4817-86b3-f1084da6e175,2018-03-31,user169@email.com,18-25,Sleep Quality,Vitamin C,0.3839203728276561,False,84.78330371308347,87.62702914063922,8.1,2
903,8080ea26-5855-4817-86b3-f1084da6e175,2018-03-31,user169@email.com,18-25,Focus,Omega-3,0.23774855616181373,False,84.78330371308347,87.62702914063922,8.1,2
904,8080ea26-5855-4817-86b3-f1084da6e175,2018-04-30,user169@email.com,18-25,Memory,Vitamin C,0.11471748971888741,True,86.5396138051484,138.67206423805533,7.4,4
905,8080ea26-5855-4817-86b3-f1084da6e175,2018-04-30,user169@email.com,18-25,Strength,Magnesium,0.1917647964938425,False,86.5396138051484,138.67206423805533,7.4,4
906,0b71eda4-10b1-46b4-8d23-44bda54a285d,2018-01-31,hello_170@email.com,36-45,,No intake,,,93.4516525240984,112.95955786806232,6.5,4
907,0b71eda4-10b1-46b4-8d23-44bda54a285d,2018-02-28,hello_170@email.com,36-45,,No intake,,,68.61851629102921,125.54761815601816,7.5,1
908,0b71eda4-10b1-46b4-8d23-44bda54a285d,2018-03-31,hello_170@email.com,36-45,Endurance,Magnesium,0.4248406912868885,False,64.81927289753872,75.99196869759378,10.2,1
909,0b71eda4-10b1-46b4-8d23-44bda54a285d,2018-04-30,hello_170@email.com,36-45,,No intake,,,94.06148687591704,82.84205193312056,8.8,1
910,88192e4c-2425-46de-808b-de4506729965,2018-01-31,contact171@email.com,18-25,Endurance,Zinc,0.12948392746889753,False,66.264512595706,123.08825711239422,11.1,4
911,88192e4c-2425-46de-808b-de4506729965,2018-01-31,contact171@email.com,18-25,Endurance,Zinc,0.1030604982644872,True,66.264512595706,123.08825711239422,11.1,4
912,88192e4c-2425-46de-808b-de4506729965,2018-02-28,contact171@email.com,18-25,,No intake,,,98.9904032534478,71.53905654275265,7.5,1
913,88192e4c-2425-46de-808b-de4506729965,2018-03-31,contact171@email.com,18-25,,No intake,,,93.70152917594548,127.1814590125648,8.9,1
914,88192e4c-2425-46de-808b-de4506729965,2018-04-30,contact171@email.com,18-25,,No intake,,,80.03506423558397,70.9764313084338,9.1,1
915,d5947745-7b46-4472-9910-f58c289bc373,2018-01-31,user172@myemail.com,36-45,Recovery,Omega-3,0.19191827344210372,False,99.256856996881,115.99831873428914,8.7,2
916,d5947745-7b46-4472-9910-f58c289bc373,2018-01-31,user172@myemail.com,36-45,Sleep Quality,Magnesium,0.4426425119325476,True,99.256856996881,115.99831873428914,8.7,2
917,d5947745-7b46-4472-9910-f58c289bc373,2018-01-31,user172@myemail.com,36-45,Endurance,Vitamin C,0.43601138031912634,False,99.256856996881,115.99831873428914,8.7,2
918,d5947745-7b46-4472-9910-f58c289bc373,2018-02-28,user172@myemail.com,36-45,Strength,Zinc,0.15675406372496575,True,63.89506916432017,95.5565744162264,9.6,3
919,d5947745-7b46-4472-9910-f58c289bc373,2018-03-31,user172@myemail.com,36-45,Sleep Quality,Vitamin C,0.28962568676220485,True,72.12263044700407,112.80463969034396,5.9,3
920,d5947745-7b46-4472-9910-f58c289bc373,2018-03-31,user172@myemail.com,36-45,Sleep Quality,Vitamin C,0.21158617487932038,True,72.12263044700407,112.80463969034396,5.9,3
921,d5947745-7b46-4472-9910-f58c289bc373,2018-03-31,user172@myemail.com,36-45,Recovery,Zinc,0.45394913621852345,False,72.12263044700407,112.80463969034396,5.9,3
922,d5947745-7b46-4472-9910-f58c289bc373,2018-03-31,user172@myemail.com,36-45,Memory,Magnesium,0.28816304778672386,False,72.12263044700407,112.80463969034396,5.9,3
923,d5947745-7b46-4472-9910-f58c289bc373,2018-04-30,user172@myemail.com,36-45,Recovery,Magnesium,0.3422700888692688,False,85.52897660162446,118.72219848923795,8.1,4
924,936aea42-feee-4733-81d1-6f2caefa50fd,2018-01-31,user173@example.com,36-45,,No intake,,,74.00027473892715,93.97326534304128,4.8,4
925,936aea42-feee-4733-81d1-6f2caefa50fd,2018-02-28,user173@example.com,36-45,Strength,Magnesium,0.48837611346918075,False,97.13490207923168,77.55737136775849,7.1,2
926,936aea42-feee-4733-81d1-6f2caefa50fd,2018-03-31,user173@example.com,36-45,Sleep Quality,Magnesium,0.2764139223382482,False,62.6250435271127,74.8752107423786,7.9,3
927,936aea42-feee-4733-81d1-6f2caefa50fd,2018-04-30,user173@example.com,36-45,Memory,Vitamin C,0.24116915723724067,False,81.97647328243858,111.22552157937837,9.2,1
928,728c2ee3-e91d-4c41-8ec6-2008ab510e55,2018-01-31,user_174@email.com,Unknown,Endurance,Placebo,0.2724801545778687,False,83.63465069580458,106.4458747613878,11.6,1
929,728c2ee3-e91d-4c41-8ec6-2008ab510e55,2018-01-31,user_174@email.com,Unknown,Strength,Magnesium,0.10352903557213647,True,83.63465069580458,106.4458747613878,11.6,1
930,728c2ee3-e91d-4c41-8ec6-2008ab510e55,2018-01-31,user_174@email.com,Unknown,Endurance,Placebo,0.21087254586984847,True,83.63465069580458,106.4458747613878,11.6,1
931,728c2ee3-e91d-4c41-8ec6-2008ab510e55,2018-01-31,user_174@email.com,Unknown,Memory,Placebo,0.1942754655698405,False,83.63465069580458,106.4458747613878,11.6,1
932,728c2ee3-e91d-4c41-8ec6-2008ab510e55,2018-01-31,user_174@email.com,Unknown,Recovery,Omega-3,0.4856889112349113,True,83.63465069580458,106.4458747613878,11.6,1
933,728c2ee3-e91d-4c41-8ec6-2008ab510e55,2018-02-28,user_174@email.com,Unknown,,No intake,,,86.10912495108897,121.95407063847928,8.8,4
934,728c2ee3-e91d-4c41-8ec6-2008ab510e55,2018-03-31,user_174@email.com,Unknown,,No intake,,,70.22664893327257,105.6814857002756,9.9,3
935,728c2ee3-e91d-4c41-8ec6-2008ab510e55,2018-04-30,user_174@email.com,Unknown,,No intake,,,74.58265710079458,99.57120530216152,8.1,4
936,87b708ae-346d-42c4-99f4-41d32d76449c,2018-01-31,user_175@email.com,36-45,Focus,Zinc,0.3223485538583181,False,93.7472211865991,97.86610247653616,9.1,4
937,87b708ae-346d-42c4-99f4-41d32d76449c,2018-02-28,user_175@email.com,36-45,,No intake,,,67.79771075880639,71.85128318183672,4.6,1
938,87b708ae-346d-42c4-99f4-41d32d76449c,2018-03-31,user_175@email.com,36-45,,No intake,,,93.07471388693448,93.489004118766,6.0,1
939,87b708ae-346d-42c4-99f4-41d32d76449c,2018-04-30,user_175@email.com,36-45,,No intake,,,82.5062169161097,138.3214110267146,6.9,3
940,82e77492-521c-448c-b8c2-eba971208fc0,2018-01-31,hello176@myemail.com,Over 65,Strength,Vitamin C,0.42808777667354847,False,90.48750044776328,131.14889033589623,7.8,4
941,82e77492-521c-448c-b8c2-eba971208fc0,2018-01-31,hello176@myemail.com,Over 65,Endurance,Placebo,0.15386992719679862,False,90.48750044776328,131.14889033589623,7.8,4
942,82e77492-521c-448c-b8c2-eba971208fc0,2018-02-28,hello176@myemail.com,Over 65,Memory,Omega-3,0.23528396399589377,False,88.54429465053886,93.05646469239524,4.4,2
943,82e77492-521c-448c-b8c2-eba971208fc0,2018-03-31,hello176@myemail.com,Over 65,,No intake,,,68.30045981539516,111.14567835464604,5.1,3
944,82e77492-521c-448c-b8c2-eba971208fc0,2018-04-30,hello176@myemail.com,Over 65,Endurance,Vitamin C,0.4837316432935469,False,82.75250945735492,129.3107721874846,6.2,4
945,76edb6cc-4f80-4f81-adae-1e68ae2644d7,2018-01-31,hello_177@example.com,26-35,Sleep Quality,Placebo,0.45290124933703896,False,94.7089261122037,100.8892035725048,11.8,3
946,76edb6cc-4f80-4f81-adae-1e68ae2644d7,2018-02-28,hello_177@example.com,26-35,,No intake,,,77.28464947207718,71.25705046251056,6.7,3
947,76edb6cc-4f80-4f81-adae-1e68ae2644d7,2018-03-31,hello_177@example.com,26-35,,No intake,,,98.66363080893268,75.2157323273048,7.9,3
948,76edb6cc-4f80-4f81-adae-1e68ae2644d7,2018-04-30,hello_177@example.com,26-35,Strength,Vitamin C,0.3719216283836528,False,78.08860400406871,105.72749049440948,5.6,2
949,76edb6cc-4f80-4f81-adae-1e68ae2644d7,2018-04-30,hello_177@example.com,26-35,Strength,Magnesium,0.23766875326712772,False,78.08860400406871,105.72749049440948,5.6,2
950,76edb6cc-4f80-4f81-adae-1e68ae2644d7,2018-04-30,hello_177@example.com,26-35,Focus,Zinc,0.3036636516838635,True,78.08860400406871,105.72749049440948,5.6,2
951,57244302-ebc5-44b1-a064-bd0fead00ea4,2018-01-31,user178@example.com,56-65,Focus,Magnesium,0.104488355990985,False,65.71142546671538,137.86075629731147,8.9,2
952,57244302-ebc5-44b1-a064-bd0fead00ea4,2018-01-31,user178@example.com,56-65,Focus,Placebo,0.3621958494132004,False,65.71142546671538,137.86075629731147,8.9,2
953,57244302-ebc5-44b1-a064-bd0fead00ea4,2018-02-28,user178@example.com,56-65,Focus,Magnesium,0.29690256255157776,False,75.57738720310692,118.52466795532077,6.2,1
954,57244302-ebc5-44b1-a064-bd0fead00ea4,2018-02-28,user178@example.com,56-65,Focus,Zinc,0.35037404568778036,False,75.57738720310692,118.52466795532077,6.2,1
955,57244302-ebc5-44b1-a064-bd0fead00ea4,2018-02-28,user178@example.com,56-65,Focus,Magnesium,0.40638326852220696,False,75.57738720310692,118.52466795532077,6.2,1
956,57244302-ebc5-44b1-a064-bd0fead00ea4,2018-03-31,user178@example.com,56-65,Endurance,Magnesium,0.4755439105742631,False,98.06809625562148,74.96413340069986,5.7,1
957,57244302-ebc5-44b1-a064-bd0fead00ea4,2018-03-31,user178@example.com,56-65,Recovery,Magnesium,0.14967190193180777,False,98.06809625562148,74.96413340069986,5.7,1
958,57244302-ebc5-44b1-a064-bd0fead00ea4,2018-03-31,user178@example.com,56-65,Endurance,Vitamin C,0.3862976156001869,False,98.06809625562148,74.96413340069986,5.7,1
959,57244302-ebc5-44b1-a064-bd0fead00ea4,2018-04-30,user178@example.com,56-65,Focus,Magnesium,0.4345564241145222,True,72.78883397359417,83.2552613054304,8.1,4
960,57244302-ebc5-44b1-a064-bd0fead00ea4,2018-04-30,user178@example.com,56-65,Recovery,Vitamin C,0.18050126436196307,False,72.78883397359417,83.2552613054304,8.1,4
961,2d6efc73-a6eb-4c93-9613-4fbdb7376d5a,2018-01-31,contact_179@example.com,Unknown,Recovery,Omega-3,0.11373735374128736,False,94.72392639468252,123.9926200251795,4.0,3
962,2d6efc73-a6eb-4c93-9613-4fbdb7376d5a,2018-01-31,contact_179@example.com,Unknown,Sleep Quality,Omega-3,0.229888091289257,False,94.72392639468252,123.9926200251795,4.0,3
963,2d6efc73-a6eb-4c93-9613-4fbdb7376d5a,2018-02-28,contact_179@example.com,Unknown,Strength,Vitamin C,0.21711577206137772,False,95.25002726727558,128.90078319693714,4.1,4
964,2d6efc73-a6eb-4c93-9613-4fbdb7376d5a,2018-02-28,contact_179@example.com,Unknown,Memory,Magnesium,0.104775319981673,False,95.25002726727558,128.90078319693714,4.1,4
965,2d6efc73-a6eb-4c93-9613-4fbdb7376d5a,2018-03-31,contact_179@example.com,Unknown,,No intake,,,74.00746097327844,113.23862103320135,5.8,1
966,2d6efc73-a6eb-4c93-9613-4fbdb7376d5a,2018-04-30,contact_179@example.com,Unknown,Sleep Quality,Vitamin C,0.3759151965641223,False,63.33030632202529,115.10962187408715,4.3,2
967,90b75161-5912-43d5-9acb-182e3b854c2e,2018-01-31,hello180@example.com,36-45,,No intake,,,88.98231636635273,71.98362152683693,4.9,1
968,90b75161-5912-43d5-9acb-182e3b854c2e,2018-02-28,hello180@example.com,36-45,Sleep Quality,Placebo,0.394849986358991,False,72.46049196055944,127.9971181707056,6.7,4
969,90b75161-5912-43d5-9acb-182e3b854c2e,2018-03-31,hello180@example.com,36-45,Strength,Zinc,0.41699496886639187,True,91.3169445703029,125.17926457195809,10.4,1
970,90b75161-5912-43d5-9acb-182e3b854c2e,2018-04-30,hello180@example.com,36-45,,No intake,,,77.70619393041733,88.1324600872343,8.6,4
971,fa9f9009-0702-4592-95cc-8e890f23ae7e,2018-01-31,hello_181@myemail.com,26-35,,No intake,,,79.41066969370486,119.60737039758548,8.1,4
972,fa9f9009-0702-4592-95cc-8e890f23ae7e,2018-02-28,hello_181@myemail.com,26-35,,No intake,,,91.11637626994148,85.03982244974986,6.3,4
973,fa9f9009-0702-4592-95cc-8e890f23ae7e,2018-03-31,hello_181@myemail.com,26-35,,No intake,,,75.29453324246512,72.8231112736059,11.5,4
974,fa9f9009-0702-4592-95cc-8e890f23ae7e,2018-04-30,hello_181@myemail.com,26-35,,No intake,,,77.72509381291658,84.07955798132642,7.2,1
975,9faee5b9-37e1-44c1-8c26-57a489d9122f,2018-01-31,contact182@example.com,46-55,Focus,Omega-3,0.3761510286525694,True,75.04761875078489,82.50402137280096,4.7,4
976,9faee5b9-37e1-44c1-8c26-57a489d9122f,2018-02-28,contact182@example.com,46-55,,No intake,,,74.6936206110912,93.6423597714393,8.9,4
977,9faee5b9-37e1-44c1-8c26-57a489d9122f,2018-03-31,contact182@example.com,46-55,,No intake,,,81.03786307605837,99.29146480228206,4.9,3
978,9faee5b9-37e1-44c1-8c26-57a489d9122f,2018-04-30,contact182@example.com,46-55,Memory,Zinc,0.3668344205342181,False,92.35197778004604,105.59772240483954,6.8,4
979,e5aad26d-d70b-4a27-bdb1-335441b32ee5,2018-01-31,hello_183@example.com,46-55,Focus,Zinc,0.14661934537342158,True,74.47073247690264,103.37277128558296,8.1,1
980,e5aad26d-d70b-4a27-bdb1-335441b32ee5,2018-02-28,hello_183@example.com,46-55,Memory,Omega-3,0.3694962296974224,False,80.97018882150947,88.94722241757026,11.0,4
981,e5aad26d-d70b-4a27-bdb1-335441b32ee5,2018-03-31,hello_183@example.com,46-55,Strength,Vitamin C,0.16335570447479666,False,86.82909301770403,72.04194680018522,7.9,2
982,e5aad26d-d70b-4a27-bdb1-335441b32ee5,2018-03-31,hello_183@example.com,46-55,Focus,Zinc,0.36116324217717444,True,86.82909301770403,72.04194680018522,7.9,2
983,e5aad26d-d70b-4a27-bdb1-335441b32ee5,2018-04-30,hello_183@example.com,46-55,Strength,Placebo,0.15947554895799212,False,70.77757785214621,112.35711355660057,9.6,2
984,2bd79ba1-9ba8-4cd8-9f8b-fb3ec508857a,2018-01-31,hello_184@myemail.com,26-35,Sleep Quality,Placebo,0.41857425774026386,False,71.1009121960957,97.7021380893148,11.9,4
985,2bd79ba1-9ba8-4cd8-9f8b-fb3ec508857a,2018-02-28,hello_184@myemail.com,26-35,Focus,Zinc,0.184113117079486,False,97.3365250809382,90.90705101712848,5.1,2
986,2bd79ba1-9ba8-4cd8-9f8b-fb3ec508857a,2018-02-28,hello_184@myemail.com,26-35,Memory,Placebo,0.169822198142786,True,97.3365250809382,90.90705101712848,5.1,2
987,2bd79ba1-9ba8-4cd8-9f8b-fb3ec508857a,2018-03-31,hello_184@myemail.com,26-35,,No intake,,,88.94138293324355,130.68587299813586,6.2,2
988,2bd79ba1-9ba8-4cd8-9f8b-fb3ec508857a,2018-04-30,hello_184@myemail.com,26-35,,No intake,,,83.08746704893235,122.2720315458712,7.2,1
989,d9f91a8b-ab25-4f58-bbf8-761dd3cba7bb,2018-01-31,contact185@email.com,46-55,Focus,Omega-3,0.3024957066388632,False,85.90880217682448,130.04358838607095,7.4,3
990,d9f91a8b-ab25-4f58-bbf8-761dd3cba7bb,2018-02-28,contact185@email.com,46-55,Endurance,Omega-3,0.42406149411067917,False,61.17197772413674,104.64879562987228,7.3,2
991,d9f91a8b-ab25-4f58-bbf8-761dd3cba7bb,2018-03-31,contact185@email.com,46-55,,No intake,,,84.72411862246787,79.16518764887442,11.3,2
992,d9f91a8b-ab25-4f58-bbf8-761dd3cba7bb,2018-04-30,contact185@email.com,46-55,Strength,Placebo,0.18831920719056036,True,80.38035492896807,118.73550052848908,9.7,3
993,6d69b845-afbe-4761-860f-af13c9814de3,2018-01-31,hi_186@email.com,26-35,Sleep Quality,Omega-3,0.12635485572609312,True,81.82998719117742,84.42516459560227,8.9,3
994,6d69b845-afbe-4761-860f-af13c9814de3,2018-01-31,hi_186@email.com,26-35,Sleep Quality,Vitamin C,0.349080158493176,True,81.82998719117742,84.42516459560227,8.9,3
995,6d69b845-afbe-4761-860f-af13c9814de3,2018-01-31,hi_186@email.com,26-35,Focus,Zinc,0.46457172353528037,False,81.82998719117742,84.42516459560227,8.9,3
996,6d69b845-afbe-4761-860f-af13c9814de3,2018-02-28,hi_186@email.com,26-35,Memory,Vitamin C,0.26492703123324995,False,74.37695307323268,100.88607683642016,6.5,2
997,6d69b845-afbe-4761-860f-af13c9814de3,2018-03-31,hi_186@email.com,26-35,Endurance,Placebo,0.17918930221398705,False,63.25895590851768,74.55005522642219,10.6,4
998,6d69b845-afbe-4761-860f-af13c9814de3,2018-04-30,hi_186@email.com,26-35,Strength,Zinc,0.22840537757145343,False,67.73356934448209,127.77158816960878,11.6,2
999,6d69b845-afbe-4761-860f-af13c9814de3,2018-04-30,hi_186@email.com,26-35,Focus,Vitamin C,0.26074093543751703,False,67.73356934448209,127.77158816960878,11.6,2
1000,6d69b845-afbe-4761-860f-af13c9814de3,2018-04-30,hi_186@email.com,26-35,Focus,Zinc,0.15744109026188458,False,67.73356934448209,127.77158816960878,11.6,2
1001,43823740-77e7-436f-82a8-904ec65dc099,2018-01-31,hello187@email.com,56-65,,No intake,,,98.02978852850688,78.81584487332503,10.6,4
1002,43823740-77e7-436f-82a8-904ec65dc099,2018-02-28,hello187@email.com,56-65,,No intake,,,76.34798249083735,133.2168254934517,4.0,4
1003,43823740-77e7-436f-82a8-904ec65dc099,2018-03-31,hello187@email.com,56-65,Memory,Placebo,0.1652484463468454,False,78.66732623323458,130.496142158309,9.1,4
1004,43823740-77e7-436f-82a8-904ec65dc099,2018-04-30,hello187@email.com,56-65,,No intake,,,62.10839159413756,102.52079351074724,4.4,3
1005,33e4bf97-957c-43e7-a22f-12dd3072d4cb,2018-01-31,hello188@email.com,18-25,,No intake,,,61.50264918175922,122.10577430127935,6.1,2
1006,33e4bf97-957c-43e7-a22f-12dd3072d4cb,2018-02-28,hello188@email.com,18-25,,No intake,,,88.68725788187031,113.36115516727074,4.5,2
1007,33e4bf97-957c-43e7-a22f-12dd3072d4cb,2018-03-31,hello188@email.com,18-25,Memory,Omega-3,0.13682801828356103,False,81.52378656484444,126.21529496364217,8.8,1
1008,33e4bf97-957c-43e7-a22f-12dd3072d4cb,2018-04-30,hello188@email.com,18-25,Memory,Vitamin C,0.35830598027717475,False,80.34823936865067,100.22635705501384,9.5,3
1009,ebbe2cd7-e853-4743-98df-1a26e9de8dd7,2018-01-31,hi189@myemail.com,46-55,Strength,Placebo,0.2998181693294862,False,69.72498121690674,125.0065938971045,4.9,1
1010,ebbe2cd7-e853-4743-98df-1a26e9de8dd7,2018-02-28,hi189@myemail.com,46-55,Recovery,Zinc,0.4946187061227136,False,89.79002926519689,102.37197719456036,7.1,1
1011,ebbe2cd7-e853-4743-98df-1a26e9de8dd7,2018-02-28,hi189@myemail.com,46-55,Recovery,Zinc,0.14113958882472188,False,89.79002926519689,102.37197719456036,7.1,1
1012,ebbe2cd7-e853-4743-98df-1a26e9de8dd7,2018-02-28,hi189@myemail.com,46-55,Endurance,Omega-3,0.4984316515627306,True,89.79002926519689,102.37197719456036,7.1,1
1013,ebbe2cd7-e853-4743-98df-1a26e9de8dd7,2018-03-31,hi189@myemail.com,46-55,Recovery,Omega-3,0.4504156457057701,False,66.72946316433968,135.86760514899555,7.6,4
1014,ebbe2cd7-e853-4743-98df-1a26e9de8dd7,2018-04-30,hi189@myemail.com,46-55,Sleep Quality,Vitamin C,0.15120642608137452,False,67.5973897464408,104.04604705776032,7.0,3
1015,ebbe2cd7-e853-4743-98df-1a26e9de8dd7,2018-04-30,hi189@myemail.com,46-55,Focus,Magnesium,0.4577342435034119,False,67.5973897464408,104.04604705776032,7.0,3
1016,ebbe2cd7-e853-4743-98df-1a26e9de8dd7,2018-04-30,hi189@myemail.com,46-55,Memory,Zinc,0.4745825561420421,False,67.5973897464408,104.04604705776032,7.0,3
1017,c0b39e96-66f3-4399-8beb-a3d4744b7373,2018-01-31,hello190@myemail.com,18-25,Focus,Vitamin C,0.18375253337830907,False,78.42848685393102,102.38334903536106,5.0,1
1018,c0b39e96-66f3-4399-8beb-a3d4744b7373,2018-01-31,hello190@myemail.com,18-25,Focus,Omega-3,0.3955189159397659,False,78.42848685393102,102.38334903536106,5.0,1
1019,c0b39e96-66f3-4399-8beb-a3d4744b7373,2018-01-31,hello190@myemail.com,18-25,Focus,Omega-3,0.41471684034506123,False,78.42848685393102,102.38334903536106,5.0,1
1020,c0b39e96-66f3-4399-8beb-a3d4744b7373,2018-02-28,hello190@myemail.com,18-25,Focus,Omega-3,0.4895361059900859,False,71.45119448447764,124.95503030944587,7.4,2
1021,c0b39e96-66f3-4399-8beb-a3d4744b7373,2018-03-31,hello190@myemail.com,18-25,Strength,Omega-3,0.3909742949661926,False,69.89851924932586,127.51043842325863,10.0,1
1022,c0b39e96-66f3-4399-8beb-a3d4744b7373,2018-04-30,hello190@myemail.com,18-25,,No intake,,,85.80950578213327,108.81423800248194,4.6,3
1023,7c43ab4a-1576-46fb-a834-f37d2d3b1339,2018-01-31,contact191@email.com,Over 65,Endurance,Magnesium,0.34992274309330423,True,86.03886980874178,82.58584694465527,4.6,2
1024,7c43ab4a-1576-46fb-a834-f37d2d3b1339,2018-02-28,contact191@email.com,Over 65,,No intake,,,92.98068279199715,102.74307616703057,6.8,2
1025,7c43ab4a-1576-46fb-a834-f37d2d3b1339,2018-03-31,contact191@email.com,Over 65,Memory,Omega-3,0.4897198915418527,True,76.70834267891904,137.7650752036775,11.5,2
1026,7c43ab4a-1576-46fb-a834-f37d2d3b1339,2018-04-30,contact191@email.com,Over 65,Strength,Magnesium,0.3709501386918716,True,62.92340364104601,122.70903351274296,9.3,4
1027,6a3ba0f3-b88d-4407-90db-7205890b0fdf,2018-01-31,hi192@email.com,Unknown,,No intake,,,70.9466553968583,126.78138227153926,9.4,2
1028,6a3ba0f3-b88d-4407-90db-7205890b0fdf,2018-02-28,hi192@email.com,Unknown,Sleep Quality,Vitamin C,0.4521478505036473,False,99.20021852787268,72.2977849173468,6.9,4
1029,6a3ba0f3-b88d-4407-90db-7205890b0fdf,2018-02-28,hi192@email.com,Unknown,Recovery,Zinc,0.488153529116995,False,99.20021852787268,72.2977849173468,6.9,4
1030,6a3ba0f3-b88d-4407-90db-7205890b0fdf,2018-02-28,hi192@email.com,Unknown,Focus,Vitamin C,0.1191007764313586,False,99.20021852787268,72.2977849173468,6.9,4
1031,6a3ba0f3-b88d-4407-90db-7205890b0fdf,2018-02-28,hi192@email.com,Unknown,Memory,Omega-3,0.4333342482021013,False,99.20021852787268,72.2977849173468,6.9,4
1032,6a3ba0f3-b88d-4407-90db-7205890b0fdf,2018-03-31,hi192@email.com,Unknown,Memory,Magnesium,0.3783292924095274,True,83.85034300930809,102.7501623843912,8.7,4
1033,6a3ba0f3-b88d-4407-90db-7205890b0fdf,2018-03-31,hi192@email.com,Unknown,Sleep Quality,Zinc,0.14236253446991115,False,83.85034300930809,102.7501623843912,8.7,4
1034,6a3ba0f3-b88d-4407-90db-7205890b0fdf,2018-04-30,hi192@email.com,Unknown,Strength,Vitamin C,0.17481383427706282,True,88.3894833920408,115.26347935602888,4.1,1
1035,6a3ba0f3-b88d-4407-90db-7205890b0fdf,2018-04-30,hi192@email.com,Unknown,Memory,Vitamin C,0.4681847913780802,False,88.3894833920408,115.26347935602888,4.1,1
1036,6a3ba0f3-b88d-4407-90db-7205890b0fdf,2018-04-30,hi192@email.com,Unknown,Strength,Placebo,0.31255932279852894,False,88.3894833920408,115.26347935602888,4.1,1
1037,6a3ba0f3-b88d-4407-90db-7205890b0fdf,2018-04-30,hi192@email.com,Unknown,Memory,Zinc,0.33835345506760395,False,88.3894833920408,115.26347935602888,4.1,1
1038,7792813a-181a-4663-ad65-3ac3cf45505c,2018-01-31,user193@myemail.com,18-25,Endurance,Placebo,0.2701661977090067,False,60.29431318501658,128.10228785396524,9.1,1
1039,7792813a-181a-4663-ad65-3ac3cf45505c,2018-01-31,user193@myemail.com,18-25,Focus,Vitamin C,0.11928089681833473,True,60.29431318501658,128.10228785396524,9.1,1
1040,7792813a-181a-4663-ad65-3ac3cf45505c,2018-01-31,user193@myemail.com,18-25,Strength,Magnesium,0.4535148249040577,False,60.29431318501658,128.10228785396524,9.1,1
1041,7792813a-181a-4663-ad65-3ac3cf45505c,2018-02-28,user193@myemail.com,18-25,,No intake,,,80.72822928730083,73.449155750794,11.3,2
1042,7792813a-181a-4663-ad65-3ac3cf45505c,2018-03-31,user193@myemail.com,18-25,,No intake,,,61.50114630127212,129.6707219949311,8.9,3
1043,7792813a-181a-4663-ad65-3ac3cf45505c,2018-04-30,user193@myemail.com,18-25,Recovery,Omega-3,0.3708651505889893,False,82.76920848365792,108.38806557193382,11.0,2
1044,7792813a-181a-4663-ad65-3ac3cf45505c,2018-04-30,user193@myemail.com,18-25,Sleep Quality,Placebo,0.2113308281994556,True,82.76920848365792,108.38806557193382,11.0,2
1045,7792813a-181a-4663-ad65-3ac3cf45505c,2018-04-30,user193@myemail.com,18-25,Focus,Magnesium,0.4751968266907463,False,82.76920848365792,108.38806557193382,11.0,2
1046,7792813a-181a-4663-ad65-3ac3cf45505c,2018-04-30,user193@myemail.com,18-25,Memory,Magnesium,0.3754921430425295,False,82.76920848365792,108.38806557193382,11.0,2
1047,7792813a-181a-4663-ad65-3ac3cf45505c,2018-04-30,user193@myemail.com,18-25,Endurance,Vitamin C,0.41883358217964145,False,82.76920848365792,108.38806557193382,11.0,2
1048,fea88af8-f0e5-4775-bf85-ee4863adc06d,2018-01-31,hello_194@example.com,36-45,Sleep Quality,Placebo,0.2675017991680858,True,96.830833985443,83.8119779403242,9.8,1
1049,fea88af8-f0e5-4775-bf85-ee4863adc06d,2018-02-28,hello_194@example.com,36-45,Strength,Magnesium,0.17329228749686224,False,98.73676522001632,92.207865151479,5.0,2
1050,fea88af8-f0e5-4775-bf85-ee4863adc06d,2018-02-28,hello_194@example.com,36-45,Focus,Vitamin C,0.10923986936969884,False,98.73676522001632,92.207865151479,5.0,2
1051,fea88af8-f0e5-4775-bf85-ee4863adc06d,2018-03-31,hello_194@example.com,36-45,Endurance,Omega-3,0.36101052685305873,False,81.62210701555696,89.73506862260925,11.2,1
1052,fea88af8-f0e5-4775-bf85-ee4863adc06d,2018-04-30,hello_194@example.com,36-45,Strength,Omega-3,0.3978756086551122,True,78.32819221008864,107.1601324001933,4.5,2
1053,808e26bd-8f1d-4b27-a198-5ae07455d5c7,2018-01-31,hi195@example.com,26-35,Strength,Zinc,0.45829737804972503,False,97.80068376993977,73.61799759377922,8.3,3
1054,808e26bd-8f1d-4b27-a198-5ae07455d5c7,2018-01-31,hi195@example.com,26-35,Memory,Placebo,0.3355530020811842,False,97.80068376993977,73.61799759377922,8.3,3
1055,808e26bd-8f1d-4b27-a198-5ae07455d5c7,2018-01-31,hi195@example.com,26-35,Focus,Omega-3,0.1291330915959955,True,97.80068376993977,73.61799759377922,8.3,3
1056,808e26bd-8f1d-4b27-a198-5ae07455d5c7,2018-02-28,hi195@example.com,26-35,,No intake,,,86.9443932798678,81.09753109499465,5.1,2
1057,808e26bd-8f1d-4b27-a198-5ae07455d5c7,2018-03-31,hi195@example.com,26-35,,No intake,,,62.59597118153638,126.88851303630476,4.1,3
1058,808e26bd-8f1d-4b27-a198-5ae07455d5c7,2018-04-30,hi195@example.com,26-35,Strength,Omega-3,0.25497664694209393,False,78.6290231066999,79.28227935227677,7.4,3
1059,0771337b-9e8b-47cf-9752-d5722d5d7f98,2018-01-31,hello_196@myemail.com,56-65,,No intake,,,69.60980073857216,86.33773886206889,6.4,2
1060,0771337b-9e8b-47cf-9752-d5722d5d7f98,2018-02-28,hello_196@myemail.com,56-65,Memory,Magnesium,0.10653866609447708,False,78.79217285794726,101.735942392291,7.9,3
1061,0771337b-9e8b-47cf-9752-d5722d5d7f98,2018-03-31,hello_196@myemail.com,56-65,Endurance,Placebo,0.3951339354793394,False,78.21862288025447,106.19846216793312,8.6,3
1062,0771337b-9e8b-47cf-9752-d5722d5d7f98,2018-04-30,hello_196@myemail.com,56-65,Endurance,Magnesium,0.27562121598055805,False,83.28579211258969,123.4527335729911,4.3,1
1063,b4931fdc-4e9d-4eaa-832c-41e3b7669efd,2018-01-31,contact_197@myemail.com,18-25,Strength,Vitamin C,0.4541629291734123,False,74.27081961397005,101.31326986663316,5.0,1
1064,b4931fdc-4e9d-4eaa-832c-41e3b7669efd,2018-02-28,contact_197@myemail.com,18-25,,No intake,,,66.57081797823712,125.2905234724877,8.5,3
1065,b4931fdc-4e9d-4eaa-832c-41e3b7669efd,2018-03-31,contact_197@myemail.com,18-25,Focus,Omega-3,0.4834295372517432,False,80.14877738359826,113.28424149318202,6.7,4
1066,b4931fdc-4e9d-4eaa-832c-41e3b7669efd,2018-04-30,contact_197@myemail.com,18-25,Memory,Vitamin C,0.2097389544621427,False,93.20811537383048,77.91698175966758,9.8,2
1067,6f7eb45a-8d9b-40fb-b297-bdbde25524c6,2018-01-31,hello_198@example.com,26-35,Sleep Quality,Placebo,0.15698525923484347,False,86.5604891227041,80.9432006874987,9.2,3
1068,6f7eb45a-8d9b-40fb-b297-bdbde25524c6,2018-01-31,hello_198@example.com,26-35,Sleep Quality,Omega-3,0.19285955205729985,False,86.5604891227041,80.9432006874987,9.2,3
1069,6f7eb45a-8d9b-40fb-b297-bdbde25524c6,2018-02-28,hello_198@example.com,26-35,Endurance,Zinc,0.45317044755794506,True,73.53471463700863,100.59236078148396,10.8,2
1070,6f7eb45a-8d9b-40fb-b297-bdbde25524c6,2018-02-28,hello_198@example.com,26-35,Memory,Zinc,0.365703590856055,True,73.53471463700863,100.59236078148396,10.8,2
1071,6f7eb45a-8d9b-40fb-b297-bdbde25524c6,2018-03-31,hello_198@example.com,26-35,Recovery,Magnesium,0.16548386100362011,True,97.42092091035428,97.78225751623278,9.5,1
1072,6f7eb45a-8d9b-40fb-b297-bdbde25524c6,2018-04-30,hello_198@example.com,26-35,,No intake,,,96.48830284996728,122.04809887461062,7.4,2
1073,0d2a9894-4696-4027-bf63-5d61a0b88fd6,2018-01-31,hello_199@example.com,56-65,Focus,Magnesium,0.47054773483967177,False,68.37393597536395,110.65159978581462,9.4,3
1074,0d2a9894-4696-4027-bf63-5d61a0b88fd6,2018-02-28,hello_199@example.com,56-65,Focus,Omega-3,0.15516919590548134,False,61.57670340481452,97.16931567015746,6.2,3
1075,0d2a9894-4696-4027-bf63-5d61a0b88fd6,2018-03-31,hello_199@example.com,56-65,Sleep Quality,Vitamin C,0.39424839110395404,False,89.65234833403049,81.95321984152699,6.5,3
1076,0d2a9894-4696-4027-bf63-5d61a0b88fd6,2018-04-30,hello_199@example.com,56-65,Strength,Zinc,0.4299207165736669,False,93.10441045396612,85.87859716278466,10.3,3
1077,0d2a9894-4696-4027-bf63-5d61a0b88fd6,2018-04-30,hello_199@example.com,56-65,Endurance,Zinc,0.19310891343008668,False,93.10441045396612,85.87859716278466,10.3,3
1078,0d2a9894-4696-4027-bf63-5d61a0b88fd6,2018-04-30,hello_199@example.com,56-65,Recovery,Magnesium,0.27780358482772166,False,93.10441045396612,85.87859716278466,10.3,3
1079,a9c9e98c-9f48-46aa-97ef-9b5e4826fa41,2018-01-31,contact_200@email.com,18-25,Memory,Placebo,0.2508145432737011,True,98.7145826380542,110.28507129283412,7.6,4
1080,a9c9e98c-9f48-46aa-97ef-9b5e4826fa41,2018-01-31,contact_200@email.com,18-25,Recovery,Vitamin C,0.24647873231733944,False,98.7145826380542,110.28507129283412,7.6,4
1081,a9c9e98c-9f48-46aa-97ef-9b5e4826fa41,2018-02-28,contact_200@email.com,18-25,Endurance,Omega-3,0.43831538668747494,True,95.59345576353245,99.64071634298548,10.4,4
1082,a9c9e98c-9f48-46aa-97ef-9b5e4826fa41,2018-03-31,contact_200@email.com,18-25,,No intake,,,84.02139072825659,106.04492562024704,10.6,4
1083,a9c9e98c-9f48-46aa-97ef-9b5e4826fa41,2018-04-30,contact_200@email.com,18-25,,No intake,,,81.20209356849523,81.94742047115636,10.9,3
1084,a8cdfbac-aa55-468e-9f68-283222d76a43,2018-01-31,hi201@email.com,36-45,Strength,Placebo,0.4348476500526653,True,61.11364205050345,116.4034376641196,11.3,4
1085,a8cdfbac-aa55-468e-9f68-283222d76a43,2018-01-31,hi201@email.com,36-45,Focus,Vitamin C,0.2143670303448852,False,61.11364205050345,116.4034376641196,11.3,4
1086,a8cdfbac-aa55-468e-9f68-283222d76a43,2018-02-28,hi201@email.com,36-45,,No intake,,,69.86625787379111,129.67771185991768,7.4,2
1087,a8cdfbac-aa55-468e-9f68-283222d76a43,2018-03-31,hi201@email.com,36-45,Sleep Quality,Omega-3,0.1484907477360918,False,78.38459006931706,88.05576547508304,6.6,3
1088,a8cdfbac-aa55-468e-9f68-283222d76a43,2018-04-30,hi201@email.com,36-45,Sleep Quality,Omega-3,0.3376542335895182,True,85.14015600334271,104.40599580822786,8.7,1
1089,d67dce3c-183f-4b0b-ae66-162287506f03,2018-01-31,hi202@email.com,18-25,Endurance,Magnesium,0.2340866739304033,True,82.29007333273643,138.28691303146314,7.0,3
1090,d67dce3c-183f-4b0b-ae66-162287506f03,2018-01-31,hi202@email.com,18-25,Strength,Zinc,0.16682946254079928,False,82.29007333273643,138.28691303146314,7.0,3
1091,d67dce3c-183f-4b0b-ae66-162287506f03,2018-02-28,hi202@email.com,18-25,Sleep Quality,Magnesium,0.28917076374557205,True,89.70543958726762,93.32692183855092,8.8,2
1092,d67dce3c-183f-4b0b-ae66-162287506f03,2018-03-31,hi202@email.com,18-25,,No intake,,,71.19067723548163,111.65324414466328,9.6,4
1093,d67dce3c-183f-4b0b-ae66-162287506f03,2018-04-30,hi202@email.com,18-25,Focus,Placebo,0.4911438535247874,False,82.59810430609893,76.3136990140171,9.5,3
1094,0bf9853a-ebad-4f48-aee5-0bb897486ed5,2018-01-31,contact203@example.com,46-55,Memory,Magnesium,0.1726310033531957,False,63.52568973563169,112.421050173561,7.0,4
1095,0bf9853a-ebad-4f48-aee5-0bb897486ed5,2018-01-31,contact203@example.com,46-55,Sleep Quality,Magnesium,0.48083093197817406,True,63.52568973563169,112.421050173561,7.0,4
1096,0bf9853a-ebad-4f48-aee5-0bb897486ed5,2018-01-31,contact203@example.com,46-55,Sleep Quality,Zinc,0.3128322282731588,False,63.52568973563169,112.421050173561,7.0,4
1097,0bf9853a-ebad-4f48-aee5-0bb897486ed5,2018-02-28,contact203@example.com,46-55,Focus,Zinc,0.11388914723746088,True,76.54662094332828,76.27422413132325,5.3,3
1098,0bf9853a-ebad-4f48-aee5-0bb897486ed5,2018-02-28,contact203@example.com,46-55,Endurance,Vitamin C,0.1545109219477267,False,76.54662094332828,76.27422413132325,5.3,3
1099,0bf9853a-ebad-4f48-aee5-0bb897486ed5,2018-03-31,contact203@example.com,46-55,Strength,Vitamin C,0.46732109680390915,False,90.00643331818404,137.14648047266755,7.4,2
1100,0bf9853a-ebad-4f48-aee5-0bb897486ed5,2018-04-30,contact203@example.com,46-55,Sleep Quality,Omega-3,0.23018644009865694,True,87.73603413716177,120.0963856450618,5.1,3
1101,830772cb-801d-4d4d-9c56-0ecf3f8eb82a,2018-01-31,hi204@example.com,Unknown,Sleep Quality,Zinc,0.3710452702170446,False,99.62570948688716,125.17118516949944,11.1,4
1102,830772cb-801d-4d4d-9c56-0ecf3f8eb82a,2018-01-31,hi204@example.com,Unknown,Endurance,Placebo,0.43530174632669544,False,99.62570948688716,125.17118516949944,11.1,4
1103,830772cb-801d-4d4d-9c56-0ecf3f8eb82a,2018-02-28,hi204@example.com,Unknown,Endurance,Zinc,0.2630171751736865,False,71.11564503951024,119.28730525401456,6.8,4
1104,830772cb-801d-4d4d-9c56-0ecf3f8eb82a,2018-03-31,hi204@example.com,Unknown,Memory,Magnesium,0.1182410895304345,False,79.92757196695916,111.2810325253526,5.2,2
1105,830772cb-801d-4d4d-9c56-0ecf3f8eb82a,2018-04-30,hi204@example.com,Unknown,,No intake,,,73.18121655095987,101.49389467598536,4.2,3
1106,1b8a34ab-4055-4f33-9338-b5d0a5ebbfeb,2018-01-31,user205@email.com,Unknown,Recovery,Zinc,0.48039137385750397,False,77.62412456236699,130.08613658327437,9.2,1
1107,1b8a34ab-4055-4f33-9338-b5d0a5ebbfeb,2018-01-31,user205@email.com,Unknown,Sleep Quality,Placebo,0.12922906090130892,True,77.62412456236699,130.08613658327437,9.2,1
1108,1b8a34ab-4055-4f33-9338-b5d0a5ebbfeb,2018-02-28,user205@email.com,Unknown,,No intake,,,94.27800519477552,136.97849672801442,9.1,3
1109,1b8a34ab-4055-4f33-9338-b5d0a5ebbfeb,2018-03-31,user205@email.com,Unknown,Endurance,Placebo,0.42158364643637836,False,87.36836300753947,104.9325321032857,6.7,2
1110,1b8a34ab-4055-4f33-9338-b5d0a5ebbfeb,2018-03-31,user205@email.com,Unknown,Sleep Quality,Zinc,0.18162754819149643,False,87.36836300753947,104.9325321032857,6.7,2
1111,1b8a34ab-4055-4f33-9338-b5d0a5ebbfeb,2018-04-30,user205@email.com,Unknown,,No intake,,,95.29764765390328,135.2074534408683,4.6,1
1112,f6bb9a39-841e-4ce3-8c3a-b0647dd4e06d,2018-01-31,hi206@myemail.com,26-35,Strength,Vitamin C,0.4026956312942509,True,68.14044433327545,110.83330369919622,7.3,2
1113,f6bb9a39-841e-4ce3-8c3a-b0647dd4e06d,2018-02-28,hi206@myemail.com,26-35,,No intake,,,94.93444471365753,107.68689308275032,6.5,3
1114,f6bb9a39-841e-4ce3-8c3a-b0647dd4e06d,2018-03-31,hi206@myemail.com,26-35,Memory,Vitamin C,0.28489238636312103,False,62.39049096713538,101.81379130687498,9.4,1
1115,f6bb9a39-841e-4ce3-8c3a-b0647dd4e06d,2018-04-30,hi206@myemail.com,26-35,Endurance,Placebo,0.3175894315905917,False,95.5439712174861,84.6501433071084,8.8,2
1116,f6bb9a39-841e-4ce3-8c3a-b0647dd4e06d,2018-04-30,hi206@myemail.com,26-35,Focus,Zinc,0.43394630213332613,False,95.5439712174861,84.6501433071084,8.8,2
1117,7eaab99c-dbf7-4dc3-b230-4e024836b32f,2018-01-31,contact207@example.com,26-35,Endurance,Placebo,0.26922095771680593,True,73.16295117842911,70.26037625726414,6.9,4
1118,7eaab99c-dbf7-4dc3-b230-4e024836b32f,2018-01-31,contact207@example.com,26-35,Focus,Zinc,0.23428255634797415,False,73.16295117842911,70.26037625726414,6.9,4
1119,7eaab99c-dbf7-4dc3-b230-4e024836b32f,2018-02-28,contact207@example.com,26-35,Strength,Zinc,0.1484813109486771,False,72.58350533656267,86.90543587992428,5.7,1
1120,7eaab99c-dbf7-4dc3-b230-4e024836b32f,2018-03-31,contact207@example.com,26-35,Sleep Quality,Placebo,0.4203943473938944,False,80.48354306794656,105.68062201224956,11.9,1
1121,7eaab99c-dbf7-4dc3-b230-4e024836b32f,2018-03-31,contact207@example.com,26-35,Memory,Magnesium,0.3085336342866938,False,80.48354306794656,105.68062201224956,11.9,1
1122,7eaab99c-dbf7-4dc3-b230-4e024836b32f,2018-03-31,contact207@example.com,26-35,Strength,Placebo,0.1302958581185835,False,80.48354306794656,105.68062201224956,11.9,1
1123,7eaab99c-dbf7-4dc3-b230-4e024836b32f,2018-04-30,contact207@example.com,26-35,,No intake,,,97.62760750892927,96.59719665818268,7.6,2
1124,e05d1532-b561-4591-8add-0fe5d10fd329,2018-01-31,contact_208@myemail.com,26-35,Memory,Placebo,0.3166668635396281,False,61.91125458725622,101.39396596018436,9.5,4
1125,e05d1532-b561-4591-8add-0fe5d10fd329,2018-02-28,contact_208@myemail.com,26-35,Recovery,Placebo,0.39439859533220567,False,74.08923900282981,138.64537536948347,5.1,1
1126,e05d1532-b561-4591-8add-0fe5d10fd329,2018-03-31,contact_208@myemail.com,26-35,Endurance,Vitamin C,0.11609874967528162,True,94.26287954733344,94.51906594685292,7.9,2
1127,e05d1532-b561-4591-8add-0fe5d10fd329,2018-04-30,contact_208@myemail.com,26-35,,No intake,,,75.84217909741866,101.65280575520757,4.2,1
1128,568e9c51-c897-4ee9-9c1a-fc91f96dd665,2018-01-31,hi209@example.com,36-45,Endurance,Vitamin C,0.2504346851342408,False,67.96627590388267,79.34608859469736,8.0,1
1129,568e9c51-c897-4ee9-9c1a-fc91f96dd665,2018-02-28,hi209@example.com,36-45,,No intake,,,76.99176725325647,73.35704127058914,11.7,1
1130,568e9c51-c897-4ee9-9c1a-fc91f96dd665,2018-03-31,hi209@example.com,36-45,,No intake,,,75.42210005966677,124.27866602147462,7.1,4
1131,568e9c51-c897-4ee9-9c1a-fc91f96dd665,2018-04-30,hi209@example.com,36-45,Sleep Quality,Zinc,0.4258617802376202,False,96.61664805866816,109.9478222550385,4.3,3
1132,568e9c51-c897-4ee9-9c1a-fc91f96dd665,2018-04-30,hi209@example.com,36-45,Strength,Vitamin C,0.3955103524830058,False,96.61664805866816,109.9478222550385,4.3,3
1133,568e9c51-c897-4ee9-9c1a-fc91f96dd665,2018-04-30,hi209@example.com,36-45,Memory,Magnesium,0.10484628223985937,True,96.61664805866816,109.9478222550385,4.3,3
1134,02b48e6f-928c-4583-a171-1463de9d3e98,2018-01-31,hello_210@myemail.com,46-55,,No intake,,,90.47737502972387,123.24933642307263,4.2,3
1135,02b48e6f-928c-4583-a171-1463de9d3e98,2018-02-28,hello_210@myemail.com,46-55,Recovery,Magnesium,0.3209071009801071,False,80.20462222976025,80.49039592205861,7.1,4
1136,02b48e6f-928c-4583-a171-1463de9d3e98,2018-03-31,hello_210@myemail.com,46-55,Focus,Omega-3,0.2711944688850365,False,99.53482266886284,110.02801398278837,5.3,4
1137,02b48e6f-928c-4583-a171-1463de9d3e98,2018-03-31,hello_210@myemail.com,46-55,Strength,Omega-3,0.18284538941983478,False,99.53482266886284,110.02801398278837,5.3,4
1138,02b48e6f-928c-4583-a171-1463de9d3e98,2018-03-31,hello_210@myemail.com,46-55,Focus,Magnesium,0.23673418350440104,False,99.53482266886284,110.02801398278837,5.3,4
1139,02b48e6f-928c-4583-a171-1463de9d3e98,2018-04-30,hello_210@myemail.com,46-55,,No intake,,,78.61110125103693,87.75497320389628,4.2,2
1140,ab2ae776-850a-402c-8d7f-72c9da802d1a,2018-01-31,user211@myemail.com,46-55,,No intake,,,62.32951323281101,85.96432718300139,10.0,1
1141,ab2ae776-850a-402c-8d7f-72c9da802d1a,2018-02-28,user211@myemail.com,46-55,Memory,Zinc,0.3171953614985622,True,70.4909728725994,70.80682098370897,7.7,4
1142,ab2ae776-850a-402c-8d7f-72c9da802d1a,2018-02-28,user211@myemail.com,46-55,Focus,Vitamin C,0.15033547620546767,True,70.4909728725994,70.80682098370897,7.7,4
1143,ab2ae776-850a-402c-8d7f-72c9da802d1a,2018-03-31,user211@myemail.com,46-55,Memory,Magnesium,0.2704225297458292,False,77.4428192087725,79.12385064983503,6.3,2
1144,ab2ae776-850a-402c-8d7f-72c9da802d1a,2018-03-31,user211@myemail.com,46-55,Memory,Zinc,0.4398698472538431,False,77.4428192087725,79.12385064983503,6.3,2
1145,ab2ae776-850a-402c-8d7f-72c9da802d1a,2018-04-30,user211@myemail.com,46-55,Endurance,Magnesium,0.1130313529568698,False,66.27610496584481,91.64876780497868,11.2,3
1146,95ce6dfd-f146-491e-b3f1-feaf9e2e727f,2018-01-31,hello_212@email.com,46-55,Strength,Zinc,0.31945324427450644,True,97.90260505296172,78.18151324136574,4.9,3
1147,95ce6dfd-f146-491e-b3f1-feaf9e2e727f,2018-02-28,hello_212@email.com,46-55,,No intake,,,90.67395591271092,139.0100908287656,11.6,3
1148,95ce6dfd-f146-491e-b3f1-feaf9e2e727f,2018-03-31,hello_212@email.com,46-55,Endurance,Placebo,0.19436804418935347,False,70.7314880171109,91.60428539667654,6.5,3
1149,95ce6dfd-f146-491e-b3f1-feaf9e2e727f,2018-04-30,hello_212@email.com,46-55,Sleep Quality,Zinc,0.36078173799366814,False,83.63218134071664,79.12267626916297,11.1,2
1150,e7fd5875-e8c1-4a51-9840-283dbb4ddd96,2018-01-31,user213@email.com,46-55,Recovery,Omega-3,0.4394511194883913,True,88.85796628438288,83.93576189795704,8.8,1
1151,e7fd5875-e8c1-4a51-9840-283dbb4ddd96,2018-02-28,user213@email.com,46-55,Memory,Omega-3,0.3460909995862683,False,97.65115715627192,111.13922598390334,10.6,2
1152,e7fd5875-e8c1-4a51-9840-283dbb4ddd96,2018-03-31,user213@email.com,46-55,Focus,Vitamin C,0.3684744488636727,False,95.26541396701644,74.4830466705352,11.9,1
1153,e7fd5875-e8c1-4a51-9840-283dbb4ddd96,2018-04-30,user213@email.com,46-55,Memory,Magnesium,0.34992925683737514,False,80.60768904552855,130.370389109881,6.3,3
1154,0c88896c-1a2f-4a41-b5a2-256c9b0c755c,2018-01-31,hi_214@email.com,Over 65,Strength,Magnesium,0.16114012158020236,False,90.9861047917207,137.3049775466003,11.7,4
1155,0c88896c-1a2f-4a41-b5a2-256c9b0c755c,2018-01-31,hi_214@email.com,Over 65,Memory,Zinc,0.4677108844730929,False,90.9861047917207,137.3049775466003,11.7,4
1156,0c88896c-1a2f-4a41-b5a2-256c9b0c755c,2018-02-28,hi_214@email.com,Over 65,Focus,Omega-3,0.3330895362468997,False,82.48579015310341,87.27231944671666,7.1,4
1157,0c88896c-1a2f-4a41-b5a2-256c9b0c755c,2018-02-28,hi_214@email.com,Over 65,Strength,Vitamin C,0.31345425249481706,False,82.48579015310341,87.27231944671666,7.1,4
1158,0c88896c-1a2f-4a41-b5a2-256c9b0c755c,2018-03-31,hi_214@email.com,Over 65,Endurance,Vitamin C,0.21666949984407866,False,82.10815560182161,101.50666880136016,7.1,4
1159,0c88896c-1a2f-4a41-b5a2-256c9b0c755c,2018-04-30,hi_214@email.com,Over 65,,No intake,,,64.58967833352767,71.5494115720648,6.7,1
1160,cd1e45d0-2c11-443e-9618-dc2482f979e8,2018-01-31,user_215@myemail.com,18-25,,No intake,,,65.04550632064608,114.8497157309055,8.3,3
1161,cd1e45d0-2c11-443e-9618-dc2482f979e8,2018-02-28,user_215@myemail.com,18-25,Focus,Zinc,0.37429078043027275,False,81.1813446008983,98.97482406368124,5.2,2
1162,cd1e45d0-2c11-443e-9618-dc2482f979e8,2018-02-28,user_215@myemail.com,18-25,Focus,Omega-3,0.37846125701602296,False,81.1813446008983,98.97482406368124,5.2,2
1163,cd1e45d0-2c11-443e-9618-dc2482f979e8,2018-03-31,user_215@myemail.com,18-25,Endurance,Placebo,0.4493460358234871,False,70.75446179916027,88.9040926271089,8.4,4
1164,cd1e45d0-2c11-443e-9618-dc2482f979e8,2018-04-30,user_215@myemail.com,18-25,Recovery,Vitamin C,0.42078560200902826,False,60.841476098418745,84.4785977431626,8.3,1
1165,37510e73-3452-4e82-a0a2-9208a7640300,2018-01-31,hello_216@email.com,56-65,Recovery,Omega-3,0.1747396077813148,False,88.9135681560085,115.78161543611324,10.1,4
1166,37510e73-3452-4e82-a0a2-9208a7640300,2018-01-31,hello_216@email.com,56-65,Memory,Placebo,0.20755324491173371,True,88.9135681560085,115.78161543611324,10.1,4
1167,37510e73-3452-4e82-a0a2-9208a7640300,2018-01-31,hello_216@email.com,56-65,Focus,Zinc,0.4770638972424346,True,88.9135681560085,115.78161543611324,10.1,4
1168,37510e73-3452-4e82-a0a2-9208a7640300,2018-01-31,hello_216@email.com,56-65,Focus,Omega-3,0.4613391401464232,False,88.9135681560085,115.78161543611324,10.1,4
1169,37510e73-3452-4e82-a0a2-9208a7640300,2018-02-28,hello_216@email.com,56-65,Sleep Quality,Magnesium,0.3153317317039292,True,61.2994638676066,99.135192172262,10.7,2
1170,37510e73-3452-4e82-a0a2-9208a7640300,2018-02-28,hello_216@email.com,56-65,Sleep Quality,Vitamin C,0.35278298615601156,False,61.2994638676066,99.135192172262,10.7,2
1171,37510e73-3452-4e82-a0a2-9208a7640300,2018-03-31,hello_216@email.com,56-65,,No intake,,,83.81107364416218,82.57615023209384,7.5,3
1172,37510e73-3452-4e82-a0a2-9208a7640300,2018-04-30,hello_216@email.com,56-65,,No intake,,,81.56775176509257,118.23763570407768,6.4,2
1173,6f7b3c70-dd1a-4f0b-9c88-29404b2892b6,2018-01-31,hello_217@email.com,Over 65,,No intake,,,98.75258762311218,109.55505981256856,6.1,3
1174,6f7b3c70-dd1a-4f0b-9c88-29404b2892b6,2018-02-28,hello_217@email.com,Over 65,,No intake,,,79.36852557390566,130.10704384506474,5.6,3
1175,6f7b3c70-dd1a-4f0b-9c88-29404b2892b6,2018-03-31,hello_217@email.com,Over 65,Focus,Zinc,0.19161003171672092,False,62.5440574551119,78.2233129213545,4.5,3
1176,6f7b3c70-dd1a-4f0b-9c88-29404b2892b6,2018-04-30,hello_217@email.com,Over 65,Recovery,Placebo,0.25665278238152683,False,82.06751871225848,124.99666213611192,6.7,4
1177,6f7b3c70-dd1a-4f0b-9c88-29404b2892b6,2018-04-30,hello_217@email.com,Over 65,Memory,Vitamin C,0.2298400429118602,False,82.06751871225848,124.99666213611192,6.7,4
1178,294364e6-0caf-4e3c-8214-f1ff2e6d2307,2018-01-31,hello_218@myemail.com,26-35,,No intake,,,93.64384682464406,117.14617507720814,6.2,2
1179,294364e6-0caf-4e3c-8214-f1ff2e6d2307,2018-02-28,hello_218@myemail.com,26-35,Focus,Vitamin C,0.1161125032665086,False,99.8739713712576,78.05076557796684,11.7,4
1180,294364e6-0caf-4e3c-8214-f1ff2e6d2307,2018-02-28,hello_218@myemail.com,26-35,Sleep Quality,Zinc,0.40040954365536563,False,99.8739713712576,78.05076557796684,11.7,4
1181,294364e6-0caf-4e3c-8214-f1ff2e6d2307,2018-03-31,hello_218@myemail.com,26-35,,No intake,,,77.2137269475629,118.63745109102044,8.5,2
1182,294364e6-0caf-4e3c-8214-f1ff2e6d2307,2018-04-30,hello_218@myemail.com,26-35,Recovery,Vitamin C,0.4577130874734713,False,72.8119496998697,100.90831022158812,6.8,1
1183,fa46717b-f489-45bf-9e25-952623c1aa66,2018-01-31,hello219@myemail.com,26-35,,No intake,,,96.26613187807996,136.14893498890902,8.6,1
1184,fa46717b-f489-45bf-9e25-952623c1aa66,2018-02-28,hello219@myemail.com,26-35,,No intake,,,67.64968516304485,79.91279454325296,5.1,2
1185,fa46717b-f489-45bf-9e25-952623c1aa66,2018-03-31,hello219@myemail.com,26-35,Sleep Quality,Vitamin C,0.26663899227757726,True,84.61715660131706,114.99833735710166,7.6,2
1186,fa46717b-f489-45bf-9e25-952623c1aa66,2018-04-30,hello219@myemail.com,26-35,Endurance,Omega-3,0.27244259493821493,False,76.22857696723791,96.73860318240622,9.0,2
1187,c4399666-a325-4436-bd02-5207388756ea,2018-01-31,user_220@myemail.com,26-35,Recovery,Placebo,0.11715880439742868,False,61.64329459822221,136.97702694136143,7.9,2
1188,c4399666-a325-4436-bd02-5207388756ea,2018-01-31,user_220@myemail.com,26-35,Recovery,Placebo,0.4943094660790208,False,61.64329459822221,136.97702694136143,7.9,2
1189,c4399666-a325-4436-bd02-5207388756ea,2018-02-28,user_220@myemail.com,26-35,Endurance,Magnesium,0.11170484366693287,False,73.8915389722279,93.09824267031937,7.2,3
1190,c4399666-a325-4436-bd02-5207388756ea,2018-02-28,user_220@myemail.com,26-35,Endurance,Zinc,0.4684137546181353,True,73.8915389722279,93.09824267031937,7.2,3
1191,c4399666-a325-4436-bd02-5207388756ea,2018-03-31,user_220@myemail.com,26-35,,No intake,,,70.60914090010698,137.35301366442602,12.0,4
1192,c4399666-a325-4436-bd02-5207388756ea,2018-04-30,user_220@myemail.com,26-35,Memory,Vitamin C,0.15968445918526744,False,87.44364615773947,133.10400957705244,11.0,3
1193,c4399666-a325-4436-bd02-5207388756ea,2018-04-30,user_220@myemail.com,26-35,Memory,Zinc,0.29537274418131115,False,87.44364615773947,133.10400957705244,11.0,3
1194,c4399666-a325-4436-bd02-5207388756ea,2018-04-30,user_220@myemail.com,26-35,Endurance,Zinc,0.2058917983995836,False,87.44364615773947,133.10400957705244,11.0,3
1195,5ace7916-e021-468e-952e-b8b0dc0b9002,2018-01-31,contact221@email.com,46-55,Recovery,Magnesium,0.38062541619580703,False,97.95161990767672,88.92682647174594,9.0,4
1196,5ace7916-e021-468e-952e-b8b0dc0b9002,2018-01-31,contact221@email.com,46-55,Memory,Zinc,0.19065891953322814,False,97.95161990767672,88.92682647174594,9.0,4
1197,5ace7916-e021-468e-952e-b8b0dc0b9002,2018-02-28,contact221@email.com,46-55,Sleep Quality,Omega-3,0.4455239501206052,False,70.72188749514551,126.24792437784994,8.6,4
1198,5ace7916-e021-468e-952e-b8b0dc0b9002,2018-03-31,contact221@email.com,46-55,,No intake,,,92.45863756606728,139.69229412624543,9.0,4
1199,5ace7916-e021-468e-952e-b8b0dc0b9002,2018-04-30,contact221@email.com,46-55,,No intake,,,62.21439267753638,87.68641015198976,5.6,3
1200,1f28dc97-8504-433b-a472-e2004c6c7ba2,2018-01-31,user_222@email.com,26-35,Strength,Vitamin C,0.37942859405229307,False,81.52484040159253,100.57440185263238,7.2,2
1201,1f28dc97-8504-433b-a472-e2004c6c7ba2,2018-02-28,user_222@email.com,26-35,,No intake,,,62.82200254839579,106.41265155967318,4.3,3
1202,1f28dc97-8504-433b-a472-e2004c6c7ba2,2018-03-31,user_222@email.com,26-35,Memory,Zinc,0.43969694571933554,False,97.36131964522556,90.6451795062705,7.8,3
1203,1f28dc97-8504-433b-a472-e2004c6c7ba2,2018-04-30,user_222@email.com,26-35,,No intake,,,90.6540512222956,71.06853877522208,8.3,4
1204,ecf0bc77-c6c6-44d1-a043-7164fb80ea52,2018-01-31,user223@example.com,46-55,Memory,Magnesium,0.17774762930645469,False,86.31799644818369,85.40904709382687,5.8,1
1205,ecf0bc77-c6c6-44d1-a043-7164fb80ea52,2018-02-28,user223@example.com,46-55,,No intake,,,92.95585526498655,89.73558190392309,11.7,1
1206,ecf0bc77-c6c6-44d1-a043-7164fb80ea52,2018-03-31,user223@example.com,46-55,Strength,Placebo,0.4502650495638054,False,85.90079182280653,101.0519790922731,11.3,3
1207,ecf0bc77-c6c6-44d1-a043-7164fb80ea52,2018-03-31,user223@example.com,46-55,Sleep Quality,Magnesium,0.21842537188327804,False,85.90079182280653,101.0519790922731,11.3,3
1208,ecf0bc77-c6c6-44d1-a043-7164fb80ea52,2018-04-30,user223@example.com,46-55,Focus,Placebo,0.2971300303597943,False,98.75777588697164,81.97717348893813,9.8,4
1209,3c43958e-dd5b-47ee-84c7-78abfc464be2,2018-01-31,user224@myemail.com,46-55,Strength,Omega-3,0.1522345430245241,False,88.55831791459086,131.12780496841708,8.3,3
1210,3c43958e-dd5b-47ee-84c7-78abfc464be2,2018-01-31,user224@myemail.com,46-55,Endurance,Magnesium,0.3842751518235193,False,88.55831791459086,131.12780496841708,8.3,3
1211,3c43958e-dd5b-47ee-84c7-78abfc464be2,2018-02-28,user224@myemail.com,46-55,Memory,Zinc,0.35138713991472004,False,96.98634438328986,119.34377929119351,11.0,3
1212,3c43958e-dd5b-47ee-84c7-78abfc464be2,2018-03-31,user224@myemail.com,46-55,,No intake,,,80.68527568042552,75.96403342917634,5.0,2
1213,3c43958e-dd5b-47ee-84c7-78abfc464be2,2018-04-30,user224@myemail.com,46-55,Recovery,Vitamin C,0.25441241961048766,False,64.6825765192745,115.5064715797952,10.3,4
1214,3c43958e-dd5b-47ee-84c7-78abfc464be2,2018-04-30,user224@myemail.com,46-55,Endurance,Magnesium,0.3444997491334907,False,64.6825765192745,115.5064715797952,10.3,4
1215,d149975a-ae0d-4794-8a5b-71ecc8f8a7e4,2018-01-31,hello225@myemail.com,Unknown,,No intake,,,81.12710885692069,115.75595334839343,5.0,1
1216,d149975a-ae0d-4794-8a5b-71ecc8f8a7e4,2018-02-28,hello225@myemail.com,Unknown,,No intake,,,65.07491312252372,136.93548215505393,10.4,1
1217,d149975a-ae0d-4794-8a5b-71ecc8f8a7e4,2018-03-31,hello225@myemail.com,Unknown,Recovery,Placebo,0.3703139014684926,False,83.69973916705621,70.21146099493129,6.2,1
1218,d149975a-ae0d-4794-8a5b-71ecc8f8a7e4,2018-04-30,hello225@myemail.com,Unknown,,No intake,,,79.29972242110651,87.35527148640651,11.0,3
1219,cf010216-e072-4452-8e83-dbfa46bec663,2018-01-31,hi226@email.com,56-65,Sleep Quality,Magnesium,0.21724475165338425,False,84.90301591331126,134.94540355627208,11.6,4
1220,cf010216-e072-4452-8e83-dbfa46bec663,2018-02-28,hi226@email.com,56-65,,No intake,,,60.40187924219326,135.2493740778798,5.2,2
1221,cf010216-e072-4452-8e83-dbfa46bec663,2018-03-31,hi226@email.com,56-65,Memory,Vitamin C,0.26547450549560153,False,67.79361966621457,120.4410493559446,7.7,1
1222,cf010216-e072-4452-8e83-dbfa46bec663,2018-04-30,hi226@email.com,56-65,Sleep Quality,Placebo,0.2510639643549285,False,79.65321727648524,123.6034324733278,11.8,4
1223,8399561e-e0c2-4d4a-9858-9bab3d582ee1,2018-01-31,hi_227@email.com,36-45,,No intake,,,98.0201424635654,76.4038070550753,7.9,1
1224,8399561e-e0c2-4d4a-9858-9bab3d582ee1,2018-02-28,hi_227@email.com,36-45,Recovery,Placebo,0.264376733288259,True,75.34436161420633,105.97130843447636,10.9,2
1225,8399561e-e0c2-4d4a-9858-9bab3d582ee1,2018-03-31,hi_227@email.com,36-45,,No intake,,,76.97488104214538,86.21080939022995,8.7,4
1226,8399561e-e0c2-4d4a-9858-9bab3d582ee1,2018-04-30,hi_227@email.com,36-45,Strength,Magnesium,0.2115332691271267,False,88.58784356026489,82.6852630529532,7.0,3
1227,67c46eb0-3a9e-40b8-938f-fe0f310755b4,2018-01-31,contact228@email.com,46-55,Strength,Omega-3,0.3766136900307907,False,84.15171029144472,126.72123093863328,6.3,3
1228,67c46eb0-3a9e-40b8-938f-fe0f310755b4,2018-01-31,contact228@email.com,46-55,Focus,Placebo,0.44209214533762753,False,84.15171029144472,126.72123093863328,6.3,3
1229,67c46eb0-3a9e-40b8-938f-fe0f310755b4,2018-02-28,contact228@email.com,46-55,Memory,Omega-3,0.16306423802133602,False,71.95704600393333,79.45266956763832,5.6,1
1230,67c46eb0-3a9e-40b8-938f-fe0f310755b4,2018-03-31,contact228@email.com,46-55,Memory,Magnesium,0.35162387625006886,False,76.43265582269711,102.80561458974697,10.1,1
1231,67c46eb0-3a9e-40b8-938f-fe0f310755b4,2018-03-31,contact228@email.com,46-55,Memory,Magnesium,0.14509491527867852,False,76.43265582269711,102.80561458974697,10.1,1
1232,67c46eb0-3a9e-40b8-938f-fe0f310755b4,2018-04-30,contact228@email.com,46-55,,No intake,,,68.7079919542893,135.7004767710223,7.1,4
1233,f49702e2-5d67-4766-a1bf-d0fc50feba0f,2018-01-31,user229@example.com,18-25,Recovery,Vitamin C,0.17292532943745578,True,98.64085836520836,83.00824388957398,8.1,2
1234,f49702e2-5d67-4766-a1bf-d0fc50feba0f,2018-02-28,user229@example.com,18-25,,No intake,,,65.22537526229439,138.45953966167642,7.9,1
1235,f49702e2-5d67-4766-a1bf-d0fc50feba0f,2018-03-31,user229@example.com,18-25,,No intake,,,74.87347138265677,139.60015900327414,8.6,4
1236,f49702e2-5d67-4766-a1bf-d0fc50feba0f,2018-04-30,user229@example.com,18-25,,No intake,,,61.03355888880045,108.8932008277682,10.9,2
1237,320a5ae2-0982-4bea-8352-6f78cd989607,2018-01-31,contact_230@email.com,26-35,Recovery,Placebo,0.42654340368643606,False,68.87117967734186,81.90999181240106,11.8,1
1238,320a5ae2-0982-4bea-8352-6f78cd989607,2018-02-28,contact_230@email.com,26-35,Sleep Quality,Zinc,0.44747188709778823,False,91.2188455352062,92.12734215586268,7.3,1
1239,320a5ae2-0982-4bea-8352-6f78cd989607,2018-03-31,contact_230@email.com,26-35,Recovery,Placebo,0.3753685384972664,False,68.04700929155518,99.71449828735746,10.6,4
1240,320a5ae2-0982-4bea-8352-6f78cd989607,2018-03-31,contact_230@email.com,26-35,Recovery,Zinc,0.16783440032828537,False,68.04700929155518,99.71449828735746,10.6,4
1241,320a5ae2-0982-4bea-8352-6f78cd989607,2018-04-30,contact_230@email.com,26-35,,No intake,,,63.20253610115862,91.6526957050756,10.1,1
1242,491da999-daad-4c8d-82a6-093e5d9657e5,2018-01-31,hi_231@example.com,Unknown,,No intake,,,78.97812719378094,89.6444905913561,8.6,3
1243,491da999-daad-4c8d-82a6-093e5d9657e5,2018-02-28,hi_231@example.com,Unknown,Recovery,Placebo,0.49238071894104757,False,60.39876938938074,138.05607964514502,11.6,2
1244,491da999-daad-4c8d-82a6-093e5d9657e5,2018-03-31,hi_231@example.com,Unknown,,No intake,,,63.39064617705333,80.7355379191022,5.6,2
1245,491da999-daad-4c8d-82a6-093e5d9657e5,2018-04-30,hi_231@example.com,Unknown,Memory,Vitamin C,0.2549919574069188,False,92.305034782519,121.33295361018035,4.9,3
1246,491da999-daad-4c8d-82a6-093e5d9657e5,2018-04-30,hi_231@example.com,Unknown,Endurance,Omega-3,0.18211214264788023,False,92.305034782519,121.33295361018035,4.9,3
1247,880994c5-a401-482c-bf96-13ce9f3ee5b8,2018-01-31,contact_232@example.com,46-55,Strength,Vitamin C,0.1990921143096635,True,90.85893379438426,70.02872026074225,10.8,4
1248,880994c5-a401-482c-bf96-13ce9f3ee5b8,2018-01-31,contact_232@example.com,46-55,Sleep Quality,Omega-3,0.3900027297789249,True,90.85893379438426,70.02872026074225,10.8,4
1249,880994c5-a401-482c-bf96-13ce9f3ee5b8,2018-02-28,contact_232@example.com,46-55,Focus,Magnesium,0.23142696740684832,False,96.60555281619584,111.73278685816638,7.5,3
1250,880994c5-a401-482c-bf96-13ce9f3ee5b8,2018-03-31,contact_232@example.com,46-55,Endurance,Magnesium,0.15080830791451513,True,94.18061743642998,134.11601027678367,10.8,3
1251,880994c5-a401-482c-bf96-13ce9f3ee5b8,2018-04-30,contact_232@example.com,46-55,,No intake,,,87.32702252959272,90.15538658652534,11.1,2
1252,1e683538-3049-41b0-87ad-27f52c507f80,2018-01-31,contact_233@example.com,26-35,Focus,Vitamin C,0.4290976124157975,False,62.09331429202651,82.98681826804034,4.5,4
1253,1e683538-3049-41b0-87ad-27f52c507f80,2018-02-28,contact_233@example.com,26-35,,No intake,,,91.31394471946628,115.61758564148988,11.1,1
1254,1e683538-3049-41b0-87ad-27f52c507f80,2018-03-31,contact_233@example.com,26-35,Memory,Omega-3,0.3112135531215308,True,93.8204324336224,119.88209851088752,7.6,3
1255,1e683538-3049-41b0-87ad-27f52c507f80,2018-03-31,contact_233@example.com,26-35,Focus,Omega-3,0.2927633085879301,False,93.8204324336224,119.88209851088752,7.6,3
1256,1e683538-3049-41b0-87ad-27f52c507f80,2018-04-30,contact_233@example.com,26-35,,No intake,,,91.96328583087818,118.16213632663867,8.1,3
1257,a053f78f-7ba6-4919-919e-a6003ceab383,2018-01-31,hello_234@email.com,46-55,,No intake,,,80.33916141232105,92.35218160149618,9.0,4
1258,a053f78f-7ba6-4919-919e-a6003ceab383,2018-02-28,hello_234@email.com,46-55,Focus,Vitamin C,0.2037536084152985,True,69.31607354597926,87.65416815115316,11.4,3
1259,a053f78f-7ba6-4919-919e-a6003ceab383,2018-02-28,hello_234@email.com,46-55,Memory,Vitamin C,0.20587935108440264,False,69.31607354597926,87.65416815115316,11.4,3
1260,a053f78f-7ba6-4919-919e-a6003ceab383,2018-03-31,hello_234@email.com,46-55,Strength,Magnesium,0.26213692950931483,True,93.81319902754908,136.9143159973431,4.2,4
1261,a053f78f-7ba6-4919-919e-a6003ceab383,2018-04-30,hello_234@email.com,46-55,,No intake,,,89.08651238960553,134.63096557889506,7.8,1
1262,be51fb50-6954-4d45-bcaa-21a236d3a767,2018-01-31,hello_235@email.com,46-55,Endurance,Omega-3,0.2899713412113539,True,99.23044697555406,102.0121626924974,9.5,4
1263,be51fb50-6954-4d45-bcaa-21a236d3a767,2018-02-28,hello_235@email.com,46-55,,No intake,,,66.22770391023732,129.23357063080613,9.8,1
1264,be51fb50-6954-4d45-bcaa-21a236d3a767,2018-03-31,hello_235@email.com,46-55,Memory,Magnesium,0.20025770204639184,False,69.0265833220822,101.66264343440072,9.5,4
1265,be51fb50-6954-4d45-bcaa-21a236d3a767,2018-04-30,hello_235@email.com,46-55,,No intake,,,68.47192599526011,99.70723126507572,5.1,3
1266,43f258b3-b367-492e-9c8d-d4fb967de422,2018-01-31,contact_236@myemail.com,36-45,Sleep Quality,Placebo,0.227230617771252,True,91.70159070485349,80.97340633195063,6.4,1
1267,43f258b3-b367-492e-9c8d-d4fb967de422,2018-02-28,contact_236@myemail.com,36-45,Memory,Zinc,0.26528907099670845,False,67.47629185800473,99.84842395443808,6.9,3
1268,43f258b3-b367-492e-9c8d-d4fb967de422,2018-03-31,contact_236@myemail.com,36-45,Recovery,Placebo,0.4177122869450698,False,62.66639319293225,107.61918570198648,10.4,1
1269,43f258b3-b367-492e-9c8d-d4fb967de422,2018-03-31,contact_236@myemail.com,36-45,Recovery,Vitamin C,0.13946851034722244,True,62.66639319293225,107.61918570198648,10.4,1
1270,43f258b3-b367-492e-9c8d-d4fb967de422,2018-04-30,contact_236@myemail.com,36-45,,No intake,,,99.94243226342516,71.57530292000806,6.2,4
1271,bc67eff8-89ba-474b-9a7e-753faadfaa4b,2018-01-31,hi_237@myemail.com,46-55,,No intake,,,60.99268845780597,101.08791036227844,5.7,4
1272,bc67eff8-89ba-474b-9a7e-753faadfaa4b,2018-02-28,hi_237@myemail.com,46-55,,No intake,,,93.40976240635462,124.69493528766402,11.7,4
1273,bc67eff8-89ba-474b-9a7e-753faadfaa4b,2018-03-31,hi_237@myemail.com,46-55,Memory,Omega-3,0.183674452032337,True,74.6146736620261,117.60322394619888,4.1,2
1274,bc67eff8-89ba-474b-9a7e-753faadfaa4b,2018-03-31,hi_237@myemail.com,46-55,Focus,Magnesium,0.28335964277804004,False,74.6146736620261,117.60322394619888,4.1,2
1275,bc67eff8-89ba-474b-9a7e-753faadfaa4b,2018-04-30,hi_237@myemail.com,46-55,,No intake,,,93.6646183903126,114.46098922047544,12.0,2
1276,862ef18d-4f72-4351-95dc-cada065629f7,2018-01-31,contact_238@email.com,18-25,,No intake,,,82.1848196484458,133.66887999060418,9.4,1
1277,862ef18d-4f72-4351-95dc-cada065629f7,2018-02-28,contact_238@email.com,18-25,,No intake,,,96.0652491794544,71.2622406877661,10.6,2
1278,862ef18d-4f72-4351-95dc-cada065629f7,2018-03-31,contact_238@email.com,18-25,Memory,Magnesium,0.33997771656178827,True,97.04771945658509,108.9933310334564,6.4,4
1279,862ef18d-4f72-4351-95dc-cada065629f7,2018-04-30,contact_238@email.com,18-25,Sleep Quality,Placebo,0.49346432166399434,False,60.36392725123104,125.1144193886795,4.1,2
1280,9e0cba57-a7f4-429f-98f4-de9489a9bc63,2018-01-31,user_239@myemail.com,36-45,Focus,Vitamin C,0.334810352773505,False,63.01648703971153,107.89347678908872,9.9,2
1281,9e0cba57-a7f4-429f-98f4-de9489a9bc63,2018-01-31,user_239@myemail.com,36-45,Sleep Quality,Placebo,0.4221115141313648,False,63.01648703971153,107.89347678908872,9.9,2
1282,9e0cba57-a7f4-429f-98f4-de9489a9bc63,2018-01-31,user_239@myemail.com,36-45,Focus,Omega-3,0.4865913820524742,False,63.01648703971153,107.89347678908872,9.9,2
1283,9e0cba57-a7f4-429f-98f4-de9489a9bc63,2018-01-31,user_239@myemail.com,36-45,Recovery,Vitamin C,0.4066689941344616,False,63.01648703971153,107.89347678908872,9.9,2
1284,9e0cba57-a7f4-429f-98f4-de9489a9bc63,2018-02-28,user_239@myemail.com,36-45,Strength,Vitamin C,0.17630016124935247,False,70.01434918283422,92.67268868062656,10.7,3
1285,9e0cba57-a7f4-429f-98f4-de9489a9bc63,2018-03-31,user_239@myemail.com,36-45,Strength,Zinc,0.35766028361358876,False,86.77261665454006,79.53753955643845,9.9,1
1286,9e0cba57-a7f4-429f-98f4-de9489a9bc63,2018-04-30,user_239@myemail.com,36-45,,No intake,,,95.53088786046024,132.1294150271334,5.1,1
1287,a701d366-c703-48ee-a446-bc185d7dfdee,2018-01-31,hi_240@email.com,26-35,Focus,Zinc,0.18107528103134304,False,78.3976780517585,102.9533674671322,10.0,1
1288,a701d366-c703-48ee-a446-bc185d7dfdee,2018-02-28,hi_240@email.com,26-35,,No intake,,,84.27892465097062,131.4680637889991,10.2,2
1289,a701d366-c703-48ee-a446-bc185d7dfdee,2018-03-31,hi_240@email.com,26-35,Sleep Quality,Placebo,0.25015808826046926,False,67.53999411182245,111.0096485703218,9.3,4
1290,a701d366-c703-48ee-a446-bc185d7dfdee,2018-03-31,hi_240@email.com,26-35,Recovery,Placebo,0.21677198842922932,True,67.53999411182245,111.0096485703218,9.3,4
1291,a701d366-c703-48ee-a446-bc185d7dfdee,2018-04-30,hi_240@email.com,26-35,Focus,Placebo,0.32049652724904704,False,92.19867335526742,117.19344816305004,10.1,3
1292,5b2f933f-6085-4763-ad18-9fe9af0bbefd,2018-01-31,contact241@example.com,Unknown,Sleep Quality,Omega-3,0.15849290085128342,False,98.6931244541388,126.2982808064915,10.8,1
1293,5b2f933f-6085-4763-ad18-9fe9af0bbefd,2018-02-28,contact241@example.com,Unknown,Recovery,Magnesium,0.3720245582991824,True,70.7439573165839,116.1408881220094,8.9,2
1294,5b2f933f-6085-4763-ad18-9fe9af0bbefd,2018-02-28,contact241@example.com,Unknown,Recovery,Omega-3,0.24884807840321146,False,70.7439573165839,116.1408881220094,8.9,2
1295,5b2f933f-6085-4763-ad18-9fe9af0bbefd,2018-03-31,contact241@example.com,Unknown,,No intake,,,79.79303806402186,97.86383884752564,4.7,4
1296,5b2f933f-6085-4763-ad18-9fe9af0bbefd,2018-04-30,contact241@example.com,Unknown,Memory,Placebo,0.2928865090241546,False,63.44464442025495,105.95433687500557,7.9,3
1297,5b2f933f-6085-4763-ad18-9fe9af0bbefd,2018-04-30,contact241@example.com,Unknown,Focus,Omega-3,0.34242587847396716,False,63.44464442025495,105.95433687500557,7.9,3
1298,5b2f933f-6085-4763-ad18-9fe9af0bbefd,2018-04-30,contact241@example.com,Unknown,Recovery,Omega-3,0.3706675022663533,False,63.44464442025495,105.95433687500557,7.9,3
1299,1e110fb1-6817-49f3-a713-450efa33e7c7,2018-01-31,user_242@myemail.com,18-25,Recovery,Zinc,0.24055715553780505,False,82.36546625851874,126.21318672731158,4.6,3
1300,1e110fb1-6817-49f3-a713-450efa33e7c7,2018-02-28,user_242@myemail.com,18-25,,No intake,,,80.11133767386723,96.15552074610888,7.3,1
1301,1e110fb1-6817-49f3-a713-450efa33e7c7,2018-03-31,user_242@myemail.com,18-25,,No intake,,,65.7774593662031,97.1685019737948,7.3,1
1302,1e110fb1-6817-49f3-a713-450efa33e7c7,2018-04-30,user_242@myemail.com,18-25,Strength,Omega-3,0.3293146630428335,False,77.68264852472299,76.69830812406008,4.5,4
1303,1e110fb1-6817-49f3-a713-450efa33e7c7,2018-04-30,user_242@myemail.com,18-25,Strength,Omega-3,0.3386556799733816,False,77.68264852472299,76.69830812406008,4.5,4
1304,1e110fb1-6817-49f3-a713-450efa33e7c7,2018-04-30,user_242@myemail.com,18-25,Endurance,Zinc,0.2302307332597313,True,77.68264852472299,76.69830812406008,4.5,4
1305,1e110fb1-6817-49f3-a713-450efa33e7c7,2018-04-30,user_242@myemail.com,18-25,Memory,Zinc,0.12899943760202182,False,77.68264852472299,76.69830812406008,4.5,4
1306,1e110fb1-6817-49f3-a713-450efa33e7c7,2018-04-30,user_242@myemail.com,18-25,Memory,Placebo,0.1796947053942182,True,77.68264852472299,76.69830812406008,4.5,4
1307,1e110fb1-6817-49f3-a713-450efa33e7c7,2018-04-30,user_242@myemail.com,18-25,Sleep Quality,Placebo,0.3154800744365543,False,77.68264852472299,76.69830812406008,4.5,4
1308,812fe9cc-53a4-4a2f-92d7-d993fe28d09b,2018-01-31,hello243@example.com,36-45,,No intake,,,73.36418608346253,134.02091046552232,6.8,2
1309,812fe9cc-53a4-4a2f-92d7-d993fe28d09b,2018-02-28,hello243@example.com,36-45,Recovery,Omega-3,0.1461560916039695,True,80.87323501220757,76.37254204618093,4.9,4
1310,812fe9cc-53a4-4a2f-92d7-d993fe28d09b,2018-02-28,hello243@example.com,36-45,Sleep Quality,Magnesium,0.2735285841939222,False,80.87323501220757,76.37254204618093,4.9,4
1311,812fe9cc-53a4-4a2f-92d7-d993fe28d09b,2018-02-28,hello243@example.com,36-45,Recovery,Placebo,0.2713369561293463,False,80.87323501220757,76.37254204618093,4.9,4
1312,812fe9cc-53a4-4a2f-92d7-d993fe28d09b,2018-03-31,hello243@example.com,36-45,Focus,Magnesium,0.38692336493340335,False,83.42617341715197,115.3746424213989,10.5,1
1313,812fe9cc-53a4-4a2f-92d7-d993fe28d09b,2018-04-30,hello243@example.com,36-45,,No intake,,,60.33982314428838,98.92361351619584,11.6,4
1314,ae71be79-5ff2-486e-9add-bfebe39bcfa6,2018-01-31,hello244@email.com,56-65,Focus,Zinc,0.18572013975389384,True,90.44023931798222,98.39335731788096,4.6,2
1315,ae71be79-5ff2-486e-9add-bfebe39bcfa6,2018-01-31,hello244@email.com,56-65,Focus,Magnesium,0.1270112748903509,False,90.44023931798222,98.39335731788096,4.6,2
1316,ae71be79-5ff2-486e-9add-bfebe39bcfa6,2018-01-31,hello244@email.com,56-65,Memory,Placebo,0.2717535986662133,False,90.44023931798222,98.39335731788096,4.6,2
1317,ae71be79-5ff2-486e-9add-bfebe39bcfa6,2018-02-28,hello244@email.com,56-65,Focus,Magnesium,0.23418558047305899,False,88.52057167446964,117.56862856008787,11.6,3
1318,ae71be79-5ff2-486e-9add-bfebe39bcfa6,2018-02-28,hello244@email.com,56-65,Focus,Magnesium,0.44814353251560984,False,88.52057167446964,117.56862856008787,11.6,3
1319,ae71be79-5ff2-486e-9add-bfebe39bcfa6,2018-03-31,hello244@email.com,56-65,Focus,Placebo,0.45324571482972786,False,74.65145544826089,74.69656128409152,8.2,3
1320,ae71be79-5ff2-486e-9add-bfebe39bcfa6,2018-03-31,hello244@email.com,56-65,Memory,Magnesium,0.32551132039365066,False,74.65145544826089,74.69656128409152,8.2,3
1321,ae71be79-5ff2-486e-9add-bfebe39bcfa6,2018-03-31,hello244@email.com,56-65,Sleep Quality,Magnesium,0.33379661690089063,False,74.65145544826089,74.69656128409152,8.2,3
1322,ae71be79-5ff2-486e-9add-bfebe39bcfa6,2018-04-30,hello244@email.com,56-65,,No intake,,,62.11743742275273,111.55940480660044,6.4,3
1323,745bdec9-c14e-498a-8785-3fcd9a01dc64,2018-01-31,user_245@email.com,56-65,Sleep Quality,Zinc,0.29686620234208233,False,90.197301591402,124.04222501806484,4.6,3
1324,745bdec9-c14e-498a-8785-3fcd9a01dc64,2018-01-31,user_245@email.com,56-65,Recovery,Zinc,0.2353943434277075,True,90.197301591402,124.04222501806484,4.6,3
1325,745bdec9-c14e-498a-8785-3fcd9a01dc64,2018-02-28,user_245@email.com,56-65,,No intake,,,98.20700641912528,127.9748930520616,8.0,1
1326,745bdec9-c14e-498a-8785-3fcd9a01dc64,2018-03-31,user_245@email.com,56-65,Sleep Quality,Magnesium,0.25837016286945164,False,69.60606384088057,81.93712725756427,10.4,1
1327,745bdec9-c14e-498a-8785-3fcd9a01dc64,2018-03-31,user_245@email.com,56-65,Recovery,Placebo,0.21542651168801055,False,69.60606384088057,81.93712725756427,10.4,1
1328,745bdec9-c14e-498a-8785-3fcd9a01dc64,2018-04-30,user_245@email.com,56-65,Memory,Zinc,0.2031883358635194,False,72.94098454948151,132.81933350547217,9.7,2
1329,745bdec9-c14e-498a-8785-3fcd9a01dc64,2018-04-30,user_245@email.com,56-65,Focus,Magnesium,0.43327746175727233,False,72.94098454948151,132.81933350547217,9.7,2
1330,745bdec9-c14e-498a-8785-3fcd9a01dc64,2018-04-30,user_245@email.com,56-65,Memory,Placebo,0.17106236314113557,False,72.94098454948151,132.81933350547217,9.7,2
1331,de53eb55-020d-4f56-a6e6-2a01de59c9ed,2018-01-31,user246@email.com,36-45,Sleep Quality,Placebo,0.3875116722338862,False,67.35251557927259,115.93022642932095,4.4,2
1332,de53eb55-020d-4f56-a6e6-2a01de59c9ed,2018-01-31,user246@email.com,36-45,Recovery,Placebo,0.18677327207296776,True,67.35251557927259,115.93022642932095,4.4,2
1333,de53eb55-020d-4f56-a6e6-2a01de59c9ed,2018-02-28,user246@email.com,36-45,Recovery,Zinc,0.38526570750293626,False,83.07744493379359,131.7298360574478,4.6,2
1334,de53eb55-020d-4f56-a6e6-2a01de59c9ed,2018-02-28,user246@email.com,36-45,Memory,Placebo,0.3729905516197272,False,83.07744493379359,131.7298360574478,4.6,2
1335,de53eb55-020d-4f56-a6e6-2a01de59c9ed,2018-03-31,user246@email.com,36-45,,No intake,,,66.1936557858982,103.96965019771388,7.2,2
1336,de53eb55-020d-4f56-a6e6-2a01de59c9ed,2018-04-30,user246@email.com,36-45,Sleep Quality,Placebo,0.29932988385930015,False,74.24775773845518,107.94233415680416,6.4,4
1337,1df512b8-427a-49f2-8bd3-04fd3fe46d6e,2018-01-31,hello247@myemail.com,26-35,Memory,Magnesium,0.35624861962307547,False,87.88052055737052,134.33267939200698,5.9,2
1338,1df512b8-427a-49f2-8bd3-04fd3fe46d6e,2018-01-31,hello247@myemail.com,26-35,Memory,Zinc,0.4369808304394625,False,87.88052055737052,134.33267939200698,5.9,2
1339,1df512b8-427a-49f2-8bd3-04fd3fe46d6e,2018-02-28,hello247@myemail.com,26-35,,No intake,,,82.40463932037393,132.993668034827,6.2,3
1340,1df512b8-427a-49f2-8bd3-04fd3fe46d6e,2018-03-31,hello247@myemail.com,26-35,Focus,Zinc,0.16894476635414998,False,75.45850257311741,101.37126113583014,10.4,3
1341,1df512b8-427a-49f2-8bd3-04fd3fe46d6e,2018-03-31,hello247@myemail.com,26-35,Recovery,Zinc,0.1811363176322721,False,75.45850257311741,101.37126113583014,10.4,3
1342,1df512b8-427a-49f2-8bd3-04fd3fe46d6e,2018-03-31,hello247@myemail.com,26-35,Focus,Magnesium,0.20229293070941973,False,75.45850257311741,101.37126113583014,10.4,3
1343,1df512b8-427a-49f2-8bd3-04fd3fe46d6e,2018-04-30,hello247@myemail.com,26-35,Endurance,Magnesium,0.41928085359253087,False,76.80998407230167,89.20888421449771,11.4,3
1344,1df512b8-427a-49f2-8bd3-04fd3fe46d6e,2018-04-30,hello247@myemail.com,26-35,Sleep Quality,Magnesium,0.11936772232423266,False,76.80998407230167,89.20888421449771,11.4,3
1345,7f8512e8-2647-49e3-8cf4-fa53b3f191bc,2018-01-31,hello248@myemail.com,Unknown,Focus,Vitamin C,0.21602028491831007,False,82.48443530492918,97.52193041949847,7.2,4
1346,7f8512e8-2647-49e3-8cf4-fa53b3f191bc,2018-02-28,hello248@myemail.com,Unknown,,No intake,,,60.23458911548645,97.14350299708248,11.2,2
1347,7f8512e8-2647-49e3-8cf4-fa53b3f191bc,2018-03-31,hello248@myemail.com,Unknown,Recovery,Zinc,0.13818507147993137,False,63.1403947381444,90.08068124879556,6.6,3
1348,7f8512e8-2647-49e3-8cf4-fa53b3f191bc,2018-03-31,hello248@myemail.com,Unknown,Endurance,Zinc,0.24790215571204088,False,63.1403947381444,90.08068124879556,6.6,3
1349,7f8512e8-2647-49e3-8cf4-fa53b3f191bc,2018-04-30,hello248@myemail.com,Unknown,Strength,Vitamin C,0.18466833080180128,False,95.25032271052046,88.80057230330766,7.8,3
1350,7f8512e8-2647-49e3-8cf4-fa53b3f191bc,2018-04-30,hello248@myemail.com,Unknown,Memory,Zinc,0.15324061543944564,False,95.25032271052046,88.80057230330766,7.8,3
1351,8db966bd-78c8-484b-9d8c-e8bd9f69907d,2018-01-31,contact_249@example.com,18-25,Memory,Magnesium,0.17183249140365206,True,63.11515956365163,130.27440555358035,5.8,3
1352,8db966bd-78c8-484b-9d8c-e8bd9f69907d,2018-02-28,contact_249@example.com,18-25,Strength,Omega-3,0.38963889710895383,False,88.2721438484202,74.89033444792632,9.1,3
1353,8db966bd-78c8-484b-9d8c-e8bd9f69907d,2018-02-28,contact_249@example.com,18-25,Endurance,Omega-3,0.2061306669370739,False,88.2721438484202,74.89033444792632,9.1,3
1354,8db966bd-78c8-484b-9d8c-e8bd9f69907d,2018-03-31,contact_249@example.com,18-25,Focus,Placebo,0.2339424858304848,False,96.8015265643621,117.43278274697158,11.8,1
1355,8db966bd-78c8-484b-9d8c-e8bd9f69907d,2018-04-30,contact_249@example.com,18-25,Memory,Magnesium,0.3882681292996528,False,70.82734417206925,82.09740360195165,8.8,2
1356,8db966bd-78c8-484b-9d8c-e8bd9f69907d,2018-04-30,contact_249@example.com,18-25,Sleep Quality,Magnesium,0.20745262064765718,False,70.82734417206925,82.09740360195165,8.8,2
1357,ecb98c38-3de6-495e-819e-c6e8bbdcd4eb,2018-01-31,user250@example.com,56-65,Strength,Omega-3,0.4327371090339068,False,74.81965748238056,94.11541253758443,6.9,2
1358,ecb98c38-3de6-495e-819e-c6e8bbdcd4eb,2018-01-31,user250@example.com,56-65,Sleep Quality,Magnesium,0.1745238470009801,False,74.81965748238056,94.11541253758443,6.9,2
1359,ecb98c38-3de6-495e-819e-c6e8bbdcd4eb,2018-02-28,user250@example.com,56-65,Endurance,Vitamin C,0.11497279098122806,False,82.75685623378865,74.30801238943857,9.2,4
1360,ecb98c38-3de6-495e-819e-c6e8bbdcd4eb,2018-03-31,user250@example.com,56-65,Sleep Quality,Omega-3,0.2518363655018937,False,95.26835878554338,88.89815457988234,5.0,1
1361,ecb98c38-3de6-495e-819e-c6e8bbdcd4eb,2018-03-31,user250@example.com,56-65,Sleep Quality,Omega-3,0.15826083642574262,False,95.26835878554338,88.89815457988234,5.0,1
1362,ecb98c38-3de6-495e-819e-c6e8bbdcd4eb,2018-03-31,user250@example.com,56-65,Sleep Quality,Zinc,0.3187467597672513,True,95.26835878554338,88.89815457988234,5.0,1
1363,ecb98c38-3de6-495e-819e-c6e8bbdcd4eb,2018-03-31,user250@example.com,56-65,Focus,Magnesium,0.20252508530437838,False,95.26835878554338,88.89815457988234,5.0,1
1364,ecb98c38-3de6-495e-819e-c6e8bbdcd4eb,2018-04-30,user250@example.com,56-65,,No intake,,,97.67622349041682,123.78947497820695,11.1,4
1365,f5d8900e-2e1d-4bf4-a0f3-2306c7f7becc,2018-01-31,contact_251@example.com,56-65,,No intake,,,89.58252992445072,131.9510727183081,8.0,3
1366,f5d8900e-2e1d-4bf4-a0f3-2306c7f7becc,2018-02-28,contact_251@example.com,56-65,Memory,Zinc,0.2756039964798438,False,63.46479043418776,85.5069006331657,7.6,4
1367,f5d8900e-2e1d-4bf4-a0f3-2306c7f7becc,2018-03-31,contact_251@example.com,56-65,Strength,Placebo,0.14241510241143657,False,86.76616622139403,102.44834874812452,8.7,3
1368,f5d8900e-2e1d-4bf4-a0f3-2306c7f7becc,2018-04-30,contact_251@example.com,56-65,,No intake,,,76.41214887490648,102.92268335560443,9.0,3
1369,e3b9ffe2-bea7-4ac0-8485-2fa512603f92,2018-01-31,hi_252@email.com,26-35,,No intake,,,78.82803997964245,131.1502714031814,4.6,2
1370,e3b9ffe2-bea7-4ac0-8485-2fa512603f92,2018-02-28,hi_252@email.com,26-35,Memory,Placebo,0.4381152432080519,False,61.96593561380708,123.39593370130638,9.5,2
1371,e3b9ffe2-bea7-4ac0-8485-2fa512603f92,2018-03-31,hi_252@email.com,26-35,Sleep Quality,Placebo,0.469437452184531,False,67.64248557385433,105.91540528576348,5.9,2
1372,e3b9ffe2-bea7-4ac0-8485-2fa512603f92,2018-03-31,hi_252@email.com,26-35,Memory,Vitamin C,0.16317659424147254,False,67.64248557385433,105.91540528576348,5.9,2
1373,e3b9ffe2-bea7-4ac0-8485-2fa512603f92,2018-04-30,hi_252@email.com,26-35,Memory,Placebo,0.2502346483859243,False,91.62054430134592,116.95230403302412,9.7,2
1374,77feb33d-b67f-46c6-943d-b808bb5d6a4d,2018-01-31,hi253@email.com,46-55,Recovery,Omega-3,0.19123103764122532,False,78.15835332191439,129.31485377365567,10.6,2
1375,77feb33d-b67f-46c6-943d-b808bb5d6a4d,2018-01-31,hi253@email.com,46-55,Endurance,Magnesium,0.3357394306021938,False,78.15835332191439,129.31485377365567,10.6,2
1376,77feb33d-b67f-46c6-943d-b808bb5d6a4d,2018-01-31,hi253@email.com,46-55,Recovery,Magnesium,0.3763404701864197,False,78.15835332191439,129.31485377365567,10.6,2
1377,77feb33d-b67f-46c6-943d-b808bb5d6a4d,2018-02-28,hi253@email.com,46-55,,No intake,,,72.06648966524595,70.66772678178815,10.4,1
1378,77feb33d-b67f-46c6-943d-b808bb5d6a4d,2018-03-31,hi253@email.com,46-55,Memory,Zinc,0.17460873190675066,False,75.36076295859833,98.2023021735034,8.4,2
1379,77feb33d-b67f-46c6-943d-b808bb5d6a4d,2018-04-30,hi253@email.com,46-55,Sleep Quality,Magnesium,0.1201668022520677,False,94.1759805330272,133.5070217093955,8.2,4
1380,bed4caad-c750-4e8f-b934-364a337bc1d5,2018-01-31,hi_254@myemail.com,Over 65,Sleep Quality,Placebo,0.2573134679971164,False,89.95996069619828,121.8219121590766,5.1,3
1381,bed4caad-c750-4e8f-b934-364a337bc1d5,2018-02-28,hi_254@myemail.com,Over 65,,No intake,,,70.89261588724331,107.9988962033852,10.2,2
1382,bed4caad-c750-4e8f-b934-364a337bc1d5,2018-03-31,hi_254@myemail.com,Over 65,Endurance,Zinc,0.11272221249353652,False,64.70007360849493,107.07511689245932,6.2,1
1383,bed4caad-c750-4e8f-b934-364a337bc1d5,2018-03-31,hi_254@myemail.com,Over 65,Focus,Placebo,0.24568957349060155,True,64.70007360849493,107.07511689245932,6.2,1
1384,bed4caad-c750-4e8f-b934-364a337bc1d5,2018-04-30,hi_254@myemail.com,Over 65,Recovery,Magnesium,0.41576318093575587,False,70.07992886576287,94.34390683231064,8.0,4
1385,ae5d84d8-de18-437f-8b95-41839bf5919e,2018-01-31,hi_255@example.com,46-55,,No intake,,,96.83025804218934,106.43643735490602,6.3,4
1386,ae5d84d8-de18-437f-8b95-41839bf5919e,2018-02-28,hi_255@example.com,46-55,Sleep Quality,Omega-3,0.1338182890449631,False,83.26355351399022,115.87682396244172,5.1,3
1387,ae5d84d8-de18-437f-8b95-41839bf5919e,2018-03-31,hi_255@example.com,46-55,,No intake,,,81.3392083497913,99.28541269001552,9.0,4
1388,ae5d84d8-de18-437f-8b95-41839bf5919e,2018-04-30,hi_255@example.com,46-55,,No intake,,,83.85574398769846,119.99072024745216,4.4,4
1389,bb8989f9-dc1d-4425-8b94-9e1e05864744,2018-01-31,user_256@email.com,46-55,Recovery,Placebo,0.467823545125314,False,74.64113062986061,130.28625590822702,10.0,4
1390,bb8989f9-dc1d-4425-8b94-9e1e05864744,2018-02-28,user_256@email.com,46-55,,No intake,,,92.28428081278052,80.82793937294028,6.5,4
1391,bb8989f9-dc1d-4425-8b94-9e1e05864744,2018-03-31,user_256@email.com,46-55,,No intake,,,80.93144997201,101.6082915972197,4.0,1
1392,bb8989f9-dc1d-4425-8b94-9e1e05864744,2018-04-30,user_256@email.com,46-55,Endurance,Zinc,0.2992846746848975,False,64.66991611075183,98.56140638995568,8.1,3
1393,bb8989f9-dc1d-4425-8b94-9e1e05864744,2018-04-30,user_256@email.com,46-55,Sleep Quality,Vitamin C,0.3227870135041794,False,64.66991611075183,98.56140638995568,8.1,3
1394,bcc3ea55-e8aa-4778-bdd4-f88d026ac62d,2018-01-31,hello257@myemail.com,36-45,,No intake,,,65.16260499316252,118.12253628348095,4.4,2
1395,bcc3ea55-e8aa-4778-bdd4-f88d026ac62d,2018-02-28,hello257@myemail.com,36-45,,No intake,,,81.47436586010474,87.49072256805505,6.2,4
1396,bcc3ea55-e8aa-4778-bdd4-f88d026ac62d,2018-03-31,hello257@myemail.com,36-45,,No intake,,,97.46280872283356,114.81756404665931,9.7,1
1397,bcc3ea55-e8aa-4778-bdd4-f88d026ac62d,2018-04-30,hello257@myemail.com,36-45,Endurance,Zinc,0.2095282477144883,True,72.33408486704795,131.42424692120414,4.5,3
1398,7f988042-01e7-4e49-ad1a-aebae9647687,2018-01-31,user258@myemail.com,26-35,Strength,Placebo,0.18356297280917078,False,94.78164675436872,99.2692119855536,10.7,2
1399,7f988042-01e7-4e49-ad1a-aebae9647687,2018-01-31,user258@myemail.com,26-35,Endurance,Omega-3,0.41009409118317175,False,94.78164675436872,99.2692119855536,10.7,2
1400,7f988042-01e7-4e49-ad1a-aebae9647687,2018-01-31,user258@myemail.com,26-35,Sleep Quality,Zinc,0.23918034457239695,False,94.78164675436872,99.2692119855536,10.7,2
1401,7f988042-01e7-4e49-ad1a-aebae9647687,2018-02-28,user258@myemail.com,26-35,Memory,Omega-3,0.3713874466018493,False,90.56382346315516,133.7710989985454,4.0,3
1402,7f988042-01e7-4e49-ad1a-aebae9647687,2018-02-28,user258@myemail.com,26-35,Strength,Magnesium,0.35331340545587525,True,90.56382346315516,133.7710989985454,4.0,3
1403,7f988042-01e7-4e49-ad1a-aebae9647687,2018-02-28,user258@myemail.com,26-35,Endurance,Omega-3,0.2570017269183243,False,90.56382346315516,133.7710989985454,4.0,3
1404,7f988042-01e7-4e49-ad1a-aebae9647687,2018-03-31,user258@myemail.com,26-35,,No intake,,,69.91249771627628,139.5214617253435,6.0,1
1405,7f988042-01e7-4e49-ad1a-aebae9647687,2018-04-30,user258@myemail.com,26-35,Recovery,Magnesium,0.2815760232523126,False,61.4536299326497,77.42644349635664,9.9,1
1406,52f6e1bb-2df0-40c5-8639-5e60604a9f5d,2018-01-31,contact259@email.com,46-55,Sleep Quality,Placebo,0.11655367827988851,True,64.07389060569531,86.3137231589401,6.5,1
1407,52f6e1bb-2df0-40c5-8639-5e60604a9f5d,2018-02-28,contact259@email.com,46-55,Endurance,Zinc,0.31585891704687596,False,89.13975735389761,136.52658260374653,4.8,4
1408,52f6e1bb-2df0-40c5-8639-5e60604a9f5d,2018-02-28,contact259@email.com,46-55,Memory,Zinc,0.4895800830631043,False,89.13975735389761,136.52658260374653,4.8,4
1409,52f6e1bb-2df0-40c5-8639-5e60604a9f5d,2018-03-31,contact259@email.com,46-55,Sleep Quality,Zinc,0.22905113769470928,True,67.98678952162587,137.0829380536971,6.9,1
1410,52f6e1bb-2df0-40c5-8639-5e60604a9f5d,2018-04-30,contact259@email.com,46-55,Focus,Magnesium,0.329146401586741,False,74.85083682021575,76.83950927707309,6.2,2
1411,52f6e1bb-2df0-40c5-8639-5e60604a9f5d,2018-04-30,contact259@email.com,46-55,Memory,Vitamin C,0.306810344887524,True,74.85083682021575,76.83950927707309,6.2,2
1412,a00abba5-98cc-4c68-8c7a-ba8ae4a48d02,2018-01-31,hi_260@email.com,36-45,Sleep Quality,Vitamin C,0.45466790266088325,False,80.067966640257,71.04989502639957,10.7,4
1413,a00abba5-98cc-4c68-8c7a-ba8ae4a48d02,2018-02-28,hi_260@email.com,36-45,Memory,Vitamin C,0.41724427001128833,False,89.0187267380065,81.27700162794956,6.5,3
1414,a00abba5-98cc-4c68-8c7a-ba8ae4a48d02,2018-02-28,hi_260@email.com,36-45,Sleep Quality,Magnesium,0.18287258875777587,False,89.0187267380065,81.27700162794956,6.5,3
1415,a00abba5-98cc-4c68-8c7a-ba8ae4a48d02,2018-03-31,hi_260@email.com,36-45,Memory,Placebo,0.35892818936817295,False,64.52924893036501,139.7208948367574,10.3,2
1416,a00abba5-98cc-4c68-8c7a-ba8ae4a48d02,2018-04-30,hi_260@email.com,36-45,Focus,Magnesium,0.25859017148935504,False,76.25465621109846,82.59997316274809,11.1,4
1417,a00abba5-98cc-4c68-8c7a-ba8ae4a48d02,2018-04-30,hi_260@email.com,36-45,Endurance,Vitamin C,0.34828434549437953,False,76.25465621109846,82.59997316274809,11.1,4
1418,c20f36a7-caa8-4d3f-8460-db8f7a6c8a27,2018-01-31,hi261@email.com,26-35,,No intake,,,79.40291636570782,105.17833247054162,7.5,1
1419,c20f36a7-caa8-4d3f-8460-db8f7a6c8a27,2018-02-28,hi261@email.com,26-35,Sleep Quality,Vitamin C,0.44209357331313803,False,81.63308255886159,129.38924085013576,11.3,3
1420,c20f36a7-caa8-4d3f-8460-db8f7a6c8a27,2018-03-31,hi261@email.com,26-35,Endurance,Placebo,0.4368434488517101,False,92.73442565580866,71.42811274817444,7.0,1
1421,c20f36a7-caa8-4d3f-8460-db8f7a6c8a27,2018-03-31,hi261@email.com,26-35,Focus,Magnesium,0.31879834013540825,False,92.73442565580866,71.42811274817444,7.0,1
1422,c20f36a7-caa8-4d3f-8460-db8f7a6c8a27,2018-03-31,hi261@email.com,26-35,Endurance,Vitamin C,0.4803645952591328,False,92.73442565580866,71.42811274817444,7.0,1
1423,c20f36a7-caa8-4d3f-8460-db8f7a6c8a27,2018-03-31,hi261@email.com,26-35,Strength,Omega-3,0.2424926035043366,False,92.73442565580866,71.42811274817444,7.0,1
1424,c20f36a7-caa8-4d3f-8460-db8f7a6c8a27,2018-04-30,hi261@email.com,26-35,Endurance,Omega-3,0.19849484048248375,True,66.86712780172867,112.31422875809216,11.7,2
1425,c20f36a7-caa8-4d3f-8460-db8f7a6c8a27,2018-04-30,hi261@email.com,26-35,Recovery,Magnesium,0.260178090580754,False,66.86712780172867,112.31422875809216,11.7,2
1426,c20f36a7-caa8-4d3f-8460-db8f7a6c8a27,2018-04-30,hi261@email.com,26-35,Strength,Vitamin C,0.2109291767844311,False,66.86712780172867,112.31422875809216,11.7,2
1427,31d4a4d6-207f-411b-ae5f-69efa032f162,2018-01-31,hi262@email.com,46-55,Memory,Magnesium,0.40065231742690693,False,92.3132580730649,89.3917814208737,4.7,2
1428,31d4a4d6-207f-411b-ae5f-69efa032f162,2018-01-31,hi262@email.com,46-55,Sleep Quality,Placebo,0.2602777726371129,False,92.3132580730649,89.3917814208737,4.7,2
1429,31d4a4d6-207f-411b-ae5f-69efa032f162,2018-02-28,hi262@email.com,46-55,Recovery,Omega-3,0.4497548149211238,False,87.71513710786608,130.36344415078122,9.5,4
1430,31d4a4d6-207f-411b-ae5f-69efa032f162,2018-03-31,hi262@email.com,46-55,Focus,Placebo,0.2151016962249298,False,82.23483256795838,89.84228044848554,8.0,2
1431,31d4a4d6-207f-411b-ae5f-69efa032f162,2018-04-30,hi262@email.com,46-55,Recovery,Placebo,0.4390580586608171,False,87.98111481610287,118.07290041973364,7.1,3
1432,31d4a4d6-207f-411b-ae5f-69efa032f162,2018-04-30,hi262@email.com,46-55,Sleep Quality,Magnesium,0.38113868287073965,False,87.98111481610287,118.07290041973364,7.1,3
1433,96ef5f28-08b1-438d-9728-edd7292441b0,2018-01-31,hi_263@myemail.com,56-65,Strength,Vitamin C,0.40090778437813585,False,76.48070955806625,117.19537427131776,9.1,4
1434,96ef5f28-08b1-438d-9728-edd7292441b0,2018-02-28,hi_263@myemail.com,56-65,Strength,Magnesium,0.2687622224877282,False,65.53590343872499,85.5045484201748,9.6,3
1435,96ef5f28-08b1-438d-9728-edd7292441b0,2018-03-31,hi_263@myemail.com,56-65,Focus,Vitamin C,0.3283049139005921,False,86.6306096106147,72.43594399078451,4.0,1
1436,96ef5f28-08b1-438d-9728-edd7292441b0,2018-04-30,hi_263@myemail.com,56-65,Memory,Vitamin C,0.17304055923291123,False,80.98689226742489,98.64747016497782,5.3,3
1437,96ef5f28-08b1-438d-9728-edd7292441b0,2018-04-30,hi_263@myemail.com,56-65,Endurance,Zinc,0.35438009218153793,False,80.98689226742489,98.64747016497782,5.3,3
1438,96ef5f28-08b1-438d-9728-edd7292441b0,2018-04-30,hi_263@myemail.com,56-65,Memory,Zinc,0.32219747295776047,False,80.98689226742489,98.64747016497782,5.3,3
1439,96ef5f28-08b1-438d-9728-edd7292441b0,2018-04-30,hi_263@myemail.com,56-65,Strength,Magnesium,0.11285234644637243,False,80.98689226742489,98.64747016497782,5.3,3
1440,5adf28bb-f99c-40d8-80dd-ed2552fee4a1,2018-01-31,user264@example.com,18-25,,No intake,,,85.57499202171101,90.24352063761089,9.7,3
1441,5adf28bb-f99c-40d8-80dd-ed2552fee4a1,2018-02-28,user264@example.com,18-25,Memory,Placebo,0.3815410740531384,False,73.51995124113961,126.6284424729596,9.3,2
1442,5adf28bb-f99c-40d8-80dd-ed2552fee4a1,2018-02-28,user264@example.com,18-25,Recovery,Vitamin C,0.17053234150721602,True,73.51995124113961,126.6284424729596,9.3,2
1443,5adf28bb-f99c-40d8-80dd-ed2552fee4a1,2018-03-31,user264@example.com,18-25,,No intake,,,96.27466309359345,126.02549319187418,11.7,1
1444,5adf28bb-f99c-40d8-80dd-ed2552fee4a1,2018-04-30,user264@example.com,18-25,Focus,Omega-3,0.12319946178281144,False,83.49479474302308,101.99167665348378,10.1,2
1445,5adf28bb-f99c-40d8-80dd-ed2552fee4a1,2018-04-30,user264@example.com,18-25,Focus,Magnesium,0.33294468629600654,True,83.49479474302308,101.99167665348378,10.1,2
1446,3e5de071-f46b-4714-935a-7185b591c24b,2018-01-31,user265@email.com,Unknown,Sleep Quality,Omega-3,0.407854786716565,False,63.41609937163496,112.45585577262533,11.6,1
1447,3e5de071-f46b-4714-935a-7185b591c24b,2018-01-31,user265@email.com,Unknown,Memory,Zinc,0.421995222423969,True,63.41609937163496,112.45585577262533,11.6,1
1448,3e5de071-f46b-4714-935a-7185b591c24b,2018-02-28,user265@email.com,Unknown,Memory,Omega-3,0.4230648310662184,True,77.99215962817715,112.29816611908475,9.6,1
1449,3e5de071-f46b-4714-935a-7185b591c24b,2018-03-31,user265@email.com,Unknown,Memory,Zinc,0.13510242230799843,True,90.25424218974536,127.90107038993364,6.4,3
1450,3e5de071-f46b-4714-935a-7185b591c24b,2018-04-30,user265@email.com,Unknown,,No intake,,,91.7653824692909,99.75016898862384,4.8,2
1451,dafabefb-8c13-4c32-acea-008fcf3118f1,2018-01-31,user_266@example.com,56-65,Recovery,Omega-3,0.4137455781764664,False,79.78388211055035,89.28126758533563,10.3,3
1452,dafabefb-8c13-4c32-acea-008fcf3118f1,2018-01-31,user_266@example.com,56-65,Sleep Quality,Placebo,0.4861758240507097,False,79.78388211055035,89.28126758533563,10.3,3
1453,dafabefb-8c13-4c32-acea-008fcf3118f1,2018-02-28,user_266@example.com,56-65,Focus,Magnesium,0.12092230883332844,False,95.78990283325204,88.55244426983832,9.2,3
1454,dafabefb-8c13-4c32-acea-008fcf3118f1,2018-02-28,user_266@example.com,56-65,Recovery,Omega-3,0.3106222227471409,False,95.78990283325204,88.55244426983832,9.2,3
1455,dafabefb-8c13-4c32-acea-008fcf3118f1,2018-03-31,user_266@example.com,56-65,Strength,Zinc,0.10514301364678999,False,70.7067374877719,107.5334595497543,4.4,3
1456,dafabefb-8c13-4c32-acea-008fcf3118f1,2018-04-30,user_266@example.com,56-65,,No intake,,,76.42394788953067,101.44037419125488,6.9,1
1457,37956fa0-2904-466b-85b5-a2d601e72d95,2018-01-31,hi_267@email.com,56-65,,No intake,,,95.9438764227588,100.80845396894551,11.7,2
1458,37956fa0-2904-466b-85b5-a2d601e72d95,2018-02-28,hi_267@email.com,56-65,,No intake,,,95.85026865886316,76.37961373627951,8.0,2
1459,37956fa0-2904-466b-85b5-a2d601e72d95,2018-03-31,hi_267@email.com,56-65,Memory,Placebo,0.15902305599093688,False,87.42851075298724,120.30226184831368,7.5,3
1460,37956fa0-2904-466b-85b5-a2d601e72d95,2018-04-30,hi_267@email.com,56-65,Sleep Quality,Omega-3,0.3152873734929178,False,94.3592218848888,84.96156815873375,7.7,1
1461,0918f161-a258-4126-9e38-1f01f07075d1,2018-01-31,hello_268@email.com,Over 65,Focus,Vitamin C,0.2356662364169298,False,63.55093067824931,83.78675411461049,5.7,2
1462,0918f161-a258-4126-9e38-1f01f07075d1,2018-02-28,hello_268@email.com,Over 65,Focus,Placebo,0.2389831002314376,False,94.59979904831106,98.89308241941754,6.9,4
1463,0918f161-a258-4126-9e38-1f01f07075d1,2018-03-31,hello_268@email.com,Over 65,Sleep Quality,Vitamin C,0.4754843265668109,False,72.82479626200907,85.9444839132461,7.0,2
1464,0918f161-a258-4126-9e38-1f01f07075d1,2018-04-30,hello_268@email.com,Over 65,Focus,Omega-3,0.3795349423176878,False,67.13326049712865,110.87007871156108,4.4,3
1465,8423c482-296e-48e5-b0da-bba6300f05c9,2018-01-31,hello269@example.com,56-65,,No intake,,,69.57479345368185,96.002433753413,10.1,4
1466,8423c482-296e-48e5-b0da-bba6300f05c9,2018-02-28,hello269@example.com,56-65,Sleep Quality,Magnesium,0.17211818427871214,False,76.71874032055548,101.4238205814953,7.3,1
1467,8423c482-296e-48e5-b0da-bba6300f05c9,2018-02-28,hello269@example.com,56-65,Memory,Placebo,0.1923852017202499,True,76.71874032055548,101.4238205814953,7.3,1
1468,8423c482-296e-48e5-b0da-bba6300f05c9,2018-03-31,hello269@example.com,56-65,,No intake,,,70.04768018417869,107.60185251228202,10.6,4
1469,8423c482-296e-48e5-b0da-bba6300f05c9,2018-04-30,hello269@example.com,56-65,,No intake,,,72.82270344065996,84.24748657372633,10.8,4
1470,33477ead-7ea0-4cfb-ab63-a8212e3ae01a,2018-01-31,hello_270@example.com,Over 65,,No intake,,,65.39913944286569,80.90261360058709,5.7,3
1471,33477ead-7ea0-4cfb-ab63-a8212e3ae01a,2018-02-28,hello_270@example.com,Over 65,Strength,Vitamin C,0.4605293496651087,False,71.84707062235994,131.62953320115233,9.3,2
1472,33477ead-7ea0-4cfb-ab63-a8212e3ae01a,2018-02-28,hello_270@example.com,Over 65,Strength,Placebo,0.11983398820960091,False,71.84707062235994,131.62953320115233,9.3,2
1473,33477ead-7ea0-4cfb-ab63-a8212e3ae01a,2018-02-28,hello_270@example.com,Over 65,Memory,Magnesium,0.4200936855732651,False,71.84707062235994,131.62953320115233,9.3,2
1474,33477ead-7ea0-4cfb-ab63-a8212e3ae01a,2018-02-28,hello_270@example.com,Over 65,Endurance,Magnesium,0.44766965681893717,False,71.84707062235994,131.62953320115233,9.3,2
1475,33477ead-7ea0-4cfb-ab63-a8212e3ae01a,2018-03-31,hello_270@example.com,Over 65,Memory,Vitamin C,0.149601197849657,False,82.89135258168005,100.36065919819949,7.8,1
1476,33477ead-7ea0-4cfb-ab63-a8212e3ae01a,2018-03-31,hello_270@example.com,Over 65,Endurance,Zinc,0.11510365583936029,False,82.89135258168005,100.36065919819949,7.8,1
1477,33477ead-7ea0-4cfb-ab63-a8212e3ae01a,2018-04-30,hello_270@example.com,Over 65,Recovery,Omega-3,0.43951543509566215,False,77.67414832364256,98.84655267427776,11.0,4
1478,eb8200c1-6315-4dbd-ab61-dfd255dc516c,2018-01-31,hi271@example.com,18-25,Sleep Quality,Omega-3,0.3416071986300713,True,73.86875044943645,72.49285051909891,5.7,3
1479,eb8200c1-6315-4dbd-ab61-dfd255dc516c,2018-02-28,hi271@example.com,18-25,Memory,Zinc,0.249668437436632,True,89.85808515428457,104.85834118111752,9.4,2
1480,eb8200c1-6315-4dbd-ab61-dfd255dc516c,2018-02-28,hi271@example.com,18-25,Focus,Placebo,0.2772160034224046,True,89.85808515428457,104.85834118111752,9.4,2
1481,eb8200c1-6315-4dbd-ab61-dfd255dc516c,2018-02-28,hi271@example.com,18-25,Memory,Magnesium,0.2224637169864525,False,89.85808515428457,104.85834118111752,9.4,2
1482,eb8200c1-6315-4dbd-ab61-dfd255dc516c,2018-03-31,hi271@example.com,18-25,Focus,Magnesium,0.37919041893596817,False,95.7403988557327,108.79188051277,8.9,4
1483,eb8200c1-6315-4dbd-ab61-dfd255dc516c,2018-03-31,hi271@example.com,18-25,Endurance,Zinc,0.12385501843203607,False,95.7403988557327,108.79188051277,8.9,4
1484,eb8200c1-6315-4dbd-ab61-dfd255dc516c,2018-03-31,hi271@example.com,18-25,Recovery,Magnesium,0.31856856968557556,False,95.7403988557327,108.79188051277,8.9,4
1485,eb8200c1-6315-4dbd-ab61-dfd255dc516c,2018-03-31,hi271@example.com,18-25,Sleep Quality,Magnesium,0.30517187511651317,True,95.7403988557327,108.79188051277,8.9,4
1486,eb8200c1-6315-4dbd-ab61-dfd255dc516c,2018-03-31,hi271@example.com,18-25,Strength,Magnesium,0.37441587949921135,False,95.7403988557327,108.79188051277,8.9,4
1487,eb8200c1-6315-4dbd-ab61-dfd255dc516c,2018-04-30,hi271@example.com,18-25,Endurance,Zinc,0.33708025513515977,True,90.27156891609587,109.11886096682665,6.4,3
1488,eb8200c1-6315-4dbd-ab61-dfd255dc516c,2018-04-30,hi271@example.com,18-25,Strength,Magnesium,0.10885598121354856,False,90.27156891609587,109.11886096682665,6.4,3
1489,eb8200c1-6315-4dbd-ab61-dfd255dc516c,2018-04-30,hi271@example.com,18-25,Recovery,Vitamin C,0.11250855109890696,False,90.27156891609587,109.11886096682665,6.4,3
1490,a316753b-8203-499c-8091-2e7083a8ac27,2018-01-31,hello_272@example.com,Unknown,,No intake,,,73.28002808470717,119.4921818526019,5.1,3
1491,a316753b-8203-499c-8091-2e7083a8ac27,2018-02-28,hello_272@example.com,Unknown,Recovery,Placebo,0.370813728823487,False,89.77768671350215,82.42372844937083,9.2,3
1492,a316753b-8203-499c-8091-2e7083a8ac27,2018-02-28,hello_272@example.com,Unknown,Recovery,Zinc,0.3676044098918155,False,89.77768671350215,82.42372844937083,9.2,3
1493,a316753b-8203-499c-8091-2e7083a8ac27,2018-03-31,hello_272@example.com,Unknown,,No intake,,,66.07920729896205,87.65561939614332,9.9,1
1494,a316753b-8203-499c-8091-2e7083a8ac27,2018-04-30,hello_272@example.com,Unknown,Sleep Quality,Zinc,0.319821349314559,False,65.21271952365164,126.75113256612887,6.5,2
1495,22bf4d08-2ab0-40e4-bef2-ef8d1b8213a0,2018-01-31,hi_273@myemail.com,18-25,Focus,Placebo,0.12915970908365887,False,73.82508148144636,136.30194317903758,9.2,4
1496,22bf4d08-2ab0-40e4-bef2-ef8d1b8213a0,2018-01-31,hi_273@myemail.com,18-25,Endurance,Zinc,0.166568074208981,False,73.82508148144636,136.30194317903758,9.2,4
1497,22bf4d08-2ab0-40e4-bef2-ef8d1b8213a0,2018-02-28,hi_273@myemail.com,18-25,Memory,Vitamin C,0.23030394157115905,False,92.30809476176228,79.51529231571244,7.2,2
1498,22bf4d08-2ab0-40e4-bef2-ef8d1b8213a0,2018-03-31,hi_273@myemail.com,18-25,,No intake,,,69.85392988969207,104.83546881536527,9.7,2
1499,22bf4d08-2ab0-40e4-bef2-ef8d1b8213a0,2018-04-30,hi_273@myemail.com,18-25,Memory,Vitamin C,0.14628495770540884,False,62.53013635594719,84.99233769177108,5.6,4
1500,22bf4d08-2ab0-40e4-bef2-ef8d1b8213a0,2018-04-30,hi_273@myemail.com,18-25,Endurance,Magnesium,0.4085759076377443,True,62.53013635594719,84.99233769177108,5.6,4
1501,74787d34-143b-46e7-bd2d-c970394a9ff0,2018-01-31,hi274@email.com,18-25,Endurance,Placebo,0.3871657606890953,True,65.2683814082542,74.20512178484877,11.1,2
1502,74787d34-143b-46e7-bd2d-c970394a9ff0,2018-02-28,hi274@email.com,18-25,Focus,Omega-3,0.10829954949615156,False,94.3497987411832,92.78523366882948,6.3,1
1503,74787d34-143b-46e7-bd2d-c970394a9ff0,2018-03-31,hi274@email.com,18-25,,No intake,,,85.3513313898915,80.0581337628949,6.9,4
1504,74787d34-143b-46e7-bd2d-c970394a9ff0,2018-04-30,hi274@email.com,18-25,,No intake,,,70.12804653479907,119.69531514039724,4.5,4
1505,739a0e56-2f46-46bc-980c-c3ebc2f6e2ab,2018-01-31,hi275@myemail.com,Over 65,Endurance,Omega-3,0.21361411626031104,True,82.21183301312726,107.36077895700112,4.9,3
1506,739a0e56-2f46-46bc-980c-c3ebc2f6e2ab,2018-02-28,hi275@myemail.com,Over 65,Endurance,Zinc,0.21875673175977156,False,81.10318489701402,80.06841296932176,8.1,2
1507,739a0e56-2f46-46bc-980c-c3ebc2f6e2ab,2018-02-28,hi275@myemail.com,Over 65,Memory,Omega-3,0.3185867404002792,False,81.10318489701402,80.06841296932176,8.1,2
1508,739a0e56-2f46-46bc-980c-c3ebc2f6e2ab,2018-03-31,hi275@myemail.com,Over 65,Strength,Magnesium,0.1832320627638935,False,86.21743913762646,70.646911188386,6.1,4
1509,739a0e56-2f46-46bc-980c-c3ebc2f6e2ab,2018-04-30,hi275@myemail.com,Over 65,Endurance,Omega-3,0.16370467773643776,False,69.32750217686466,126.57099343169487,10.7,4
1510,6e140e4c-c410-48de-952b-c0d9def4d44a,2018-01-31,contact276@email.com,18-25,Memory,Vitamin C,0.26879286644262845,True,94.57611948777593,82.33360843149732,4.1,1
1511,6e140e4c-c410-48de-952b-c0d9def4d44a,2018-01-31,contact276@email.com,18-25,Strength,Placebo,0.24787471309483464,True,94.57611948777593,82.33360843149732,4.1,1
1512,6e140e4c-c410-48de-952b-c0d9def4d44a,2018-02-28,contact276@email.com,18-25,Recovery,Placebo,0.12060011978618677,False,72.37474248320052,112.43516495545362,7.0,3
1513,6e140e4c-c410-48de-952b-c0d9def4d44a,2018-02-28,contact276@email.com,18-25,Strength,Omega-3,0.3171189517825807,True,72.37474248320052,112.43516495545362,7.0,3
1514,6e140e4c-c410-48de-952b-c0d9def4d44a,2018-02-28,contact276@email.com,18-25,Endurance,Placebo,0.14000495214262276,False,72.37474248320052,112.43516495545362,7.0,3
1515,6e140e4c-c410-48de-952b-c0d9def4d44a,2018-03-31,contact276@email.com,18-25,Memory,Vitamin C,0.4647185595033532,False,87.76526615904947,93.5845339153722,6.7,4
1516,6e140e4c-c410-48de-952b-c0d9def4d44a,2018-04-30,contact276@email.com,18-25,,No intake,,,60.6449858548886,110.9840156820525,4.2,1
1517,04c0acf2-252a-44ba-8946-802a86fb0bcb,2018-01-31,hello_277@myemail.com,56-65,Focus,Zinc,0.22608393886444,False,74.90628519576589,92.09575388876269,5.0,4
1518,04c0acf2-252a-44ba-8946-802a86fb0bcb,2018-02-28,hello_277@myemail.com,56-65,,No intake,,,74.06839271835233,76.0857692484578,7.3,4
1519,04c0acf2-252a-44ba-8946-802a86fb0bcb,2018-03-31,hello_277@myemail.com,56-65,,No intake,,,81.73937714332058,85.60650059904275,7.9,4
1520,04c0acf2-252a-44ba-8946-802a86fb0bcb,2018-04-30,hello_277@myemail.com,56-65,Recovery,Vitamin C,0.3333559481478288,False,62.90945047108786,83.16409965353529,7.2,1
1521,8723ad30-09ce-4c86-9496-295a882596e5,2018-01-31,hi278@email.com,Over 65,Focus,Omega-3,0.11407413709664746,False,91.60525494904434,99.96135467077508,8.2,2
1522,8723ad30-09ce-4c86-9496-295a882596e5,2018-01-31,hi278@email.com,Over 65,Endurance,Vitamin C,0.34011617709138525,False,91.60525494904434,99.96135467077508,8.2,2
1523,8723ad30-09ce-4c86-9496-295a882596e5,2018-02-28,hi278@email.com,Over 65,Focus,Omega-3,0.2960160825762248,False,68.71123207070275,116.079864839831,8.8,4
1524,8723ad30-09ce-4c86-9496-295a882596e5,2018-02-28,hi278@email.com,Over 65,Focus,Placebo,0.43079784396200016,False,68.71123207070275,116.079864839831,8.8,4
1525,8723ad30-09ce-4c86-9496-295a882596e5,2018-02-28,hi278@email.com,Over 65,Endurance,Vitamin C,0.4840130150327985,False,68.71123207070275,116.079864839831,8.8,4
1526,8723ad30-09ce-4c86-9496-295a882596e5,2018-03-31,hi278@email.com,Over 65,,No intake,,,87.0815125952804,88.46642524624502,4.1,4
1527,8723ad30-09ce-4c86-9496-295a882596e5,2018-04-30,hi278@email.com,Over 65,Strength,Zinc,0.45532432885965296,False,92.12848492976372,70.84489547104326,7.7,2
1528,8723ad30-09ce-4c86-9496-295a882596e5,2018-04-30,hi278@email.com,Over 65,Recovery,Zinc,0.4643500834098212,True,92.12848492976372,70.84489547104326,7.7,2
1529,cfc4d277-2d97-4c0a-88e7-21b4c94be106,2018-01-31,user279@example.com,Unknown,Memory,Vitamin C,0.32850276065215117,True,82.47507824966053,106.32561549853298,11.7,4
1530,cfc4d277-2d97-4c0a-88e7-21b4c94be106,2018-02-28,user279@example.com,Unknown,,No intake,,,89.63532826887942,112.40316425512805,8.2,3
1531,cfc4d277-2d97-4c0a-88e7-21b4c94be106,2018-03-31,user279@example.com,Unknown,,No intake,,,86.47441248860022,137.40093458012666,9.4,4
1532,cfc4d277-2d97-4c0a-88e7-21b4c94be106,2018-04-30,user279@example.com,Unknown,,No intake,,,74.2211918860803,111.26295621652729,6.5,3
1533,605e0e0f-d209-44da-a648-30168dab4fb0,2018-01-31,hello280@example.com,56-65,,No intake,,,92.3543415613426,102.98207915646992,10.2,2
1534,605e0e0f-d209-44da-a648-30168dab4fb0,2018-02-28,hello280@example.com,56-65,Endurance,Placebo,0.4734976792911254,False,71.78805479542112,110.13811381283926,10.2,1
1535,605e0e0f-d209-44da-a648-30168dab4fb0,2018-02-28,hello280@example.com,56-65,Memory,Placebo,0.2389380171760069,False,71.78805479542112,110.13811381283926,10.2,1
1536,605e0e0f-d209-44da-a648-30168dab4fb0,2018-03-31,hello280@example.com,56-65,,No intake,,,82.8485167100607,134.9530440903419,8.2,2
1537,605e0e0f-d209-44da-a648-30168dab4fb0,2018-04-30,hello280@example.com,56-65,,No intake,,,89.81590956566158,127.98647019211523,11.8,4
1538,fb769139-a0c9-4cb7-b757-2eec5bafcdcf,2018-01-31,hi_281@example.com,46-55,Recovery,Omega-3,0.45949044544421186,False,75.1582363925003,92.60851133546656,5.0,3
1539,fb769139-a0c9-4cb7-b757-2eec5bafcdcf,2018-01-31,hi_281@example.com,46-55,Focus,Zinc,0.30602413830314784,False,75.1582363925003,92.60851133546656,5.0,3
1540,fb769139-a0c9-4cb7-b757-2eec5bafcdcf,2018-01-31,hi_281@example.com,46-55,Endurance,Omega-3,0.15760814322067984,False,75.1582363925003,92.60851133546656,5.0,3
1541,fb769139-a0c9-4cb7-b757-2eec5bafcdcf,2018-02-28,hi_281@example.com,46-55,Focus,Placebo,0.22093750473560358,False,72.11070430469701,86.60780545599961,4.1,1
1542,fb769139-a0c9-4cb7-b757-2eec5bafcdcf,2018-03-31,hi_281@example.com,46-55,,No intake,,,78.3738404069129,88.38435286562515,10.2,4
1543,fb769139-a0c9-4cb7-b757-2eec5bafcdcf,2018-04-30,hi_281@example.com,46-55,Strength,Omega-3,0.266936134064,False,92.71853977396614,105.30947278006492,10.5,1
1544,c7c65f88-f8ad-4e62-a675-47e2ebf4920a,2018-01-31,hello282@email.com,46-55,,No intake,,,97.1968705258266,122.08346158600044,5.0,1
1545,c7c65f88-f8ad-4e62-a675-47e2ebf4920a,2018-02-28,hello282@email.com,46-55,Recovery,Omega-3,0.46487996019848055,False,81.80333651439561,105.22534450280736,6.1,4
1546,c7c65f88-f8ad-4e62-a675-47e2ebf4920a,2018-02-28,hello282@email.com,46-55,Focus,Vitamin C,0.32796147865873687,True,81.80333651439561,105.22534450280736,6.1,4
1547,c7c65f88-f8ad-4e62-a675-47e2ebf4920a,2018-03-31,hello282@email.com,46-55,,No intake,,,86.45864821294607,74.74574770796788,4.1,2
1548,c7c65f88-f8ad-4e62-a675-47e2ebf4920a,2018-04-30,hello282@email.com,46-55,Focus,Zinc,0.160908274268919,False,96.13094488955656,120.65064903079866,6.3,4
1549,9938439a-2f1e-40b5-b0e7-d69ec9ed2255,2018-01-31,hello283@example.com,Unknown,,No intake,,,63.9418740565177,126.41790900696677,10.2,4
1550,9938439a-2f1e-40b5-b0e7-d69ec9ed2255,2018-02-28,hello283@example.com,Unknown,Recovery,Vitamin C,0.2619654677883346,False,69.2831431146466,90.26485055838036,8.1,2
1551,9938439a-2f1e-40b5-b0e7-d69ec9ed2255,2018-03-31,hello283@example.com,Unknown,Strength,Vitamin C,0.37900875544323,True,88.35600025006329,116.48880174983452,6.8,3
1552,9938439a-2f1e-40b5-b0e7-d69ec9ed2255,2018-04-30,hello283@example.com,Unknown,Endurance,Magnesium,0.2054085769934928,True,92.949778476492,99.86143307380752,7.0,4
1553,1189fdf5-46a2-46d5-8cea-32effd0c1feb,2018-01-31,contact_284@email.com,Unknown,,No intake,,,94.28116113322312,132.238354900921,4.0,1
1554,1189fdf5-46a2-46d5-8cea-32effd0c1feb,2018-02-28,contact_284@email.com,Unknown,,No intake,,,76.6042870741973,129.1657890712518,6.4,4
1555,1189fdf5-46a2-46d5-8cea-32effd0c1feb,2018-03-31,contact_284@email.com,Unknown,Endurance,Zinc,0.4956181656364607,False,63.57359609167467,106.78023988167496,9.2,4
1556,1189fdf5-46a2-46d5-8cea-32effd0c1feb,2018-04-30,contact_284@email.com,Unknown,,No intake,,,77.5112590919848,118.4053882069516,11.8,1
1557,5e611be5-5005-429f-83cc-4148661c65ee,2018-01-31,user_285@example.com,56-65,Memory,Vitamin C,0.36664618272781396,True,69.22938360828215,131.83447907154726,10.8,2
1558,5e611be5-5005-429f-83cc-4148661c65ee,2018-01-31,user_285@example.com,56-65,Endurance,Zinc,0.22386210975218443,False,69.22938360828215,131.83447907154726,10.8,2
1559,5e611be5-5005-429f-83cc-4148661c65ee,2018-02-28,user_285@example.com,56-65,Recovery,Omega-3,0.14610369161041473,True,71.64785819986497,104.70019070547929,4.2,3
1560,5e611be5-5005-429f-83cc-4148661c65ee,2018-02-28,user_285@example.com,56-65,Strength,Omega-3,0.3503077660327836,False,71.64785819986497,104.70019070547929,4.2,3
1561,5e611be5-5005-429f-83cc-4148661c65ee,2018-02-28,user_285@example.com,56-65,Strength,Omega-3,0.48264474166554344,True,71.64785819986497,104.70019070547929,4.2,3
1562,5e611be5-5005-429f-83cc-4148661c65ee,2018-03-31,user_285@example.com,56-65,,No intake,,,90.89070227350024,91.92755183421754,11.2,3
1563,5e611be5-5005-429f-83cc-4148661c65ee,2018-04-30,user_285@example.com,56-65,Recovery,Magnesium,0.416355577274381,False,63.02108344103547,122.75662965367069,10.3,1
1564,db4fbd0a-0c54-431a-8e94-fda4e6ae210f,2018-01-31,hi_286@example.com,36-45,Sleep Quality,Magnesium,0.1521460096707564,False,93.10324869922808,85.40463783492842,10.2,2
1565,db4fbd0a-0c54-431a-8e94-fda4e6ae210f,2018-02-28,hi_286@example.com,36-45,Strength,Zinc,0.3260609218709157,True,77.10676343296676,97.19718036042296,7.7,4
1566,db4fbd0a-0c54-431a-8e94-fda4e6ae210f,2018-02-28,hi_286@example.com,36-45,Endurance,Magnesium,0.4822674648733773,False,77.10676343296676,97.19718036042296,7.7,4
1567,db4fbd0a-0c54-431a-8e94-fda4e6ae210f,2018-03-31,hi_286@example.com,36-45,Endurance,Vitamin C,0.43505479547314896,False,83.8425572440238,130.60090659747556,7.2,4
1568,db4fbd0a-0c54-431a-8e94-fda4e6ae210f,2018-04-30,hi_286@example.com,36-45,,No intake,,,63.58608924942716,120.70956381885205,6.4,4
1569,d4ad3ccf-2cac-4fc9-a9dc-219e4ef7c5c8,2018-01-31,hello287@email.com,46-55,Strength,Omega-3,0.3092926111462127,True,73.49436313429118,98.26677036732497,4.5,4
1570,d4ad3ccf-2cac-4fc9-a9dc-219e4ef7c5c8,2018-02-28,hello287@email.com,46-55,Sleep Quality,Vitamin C,0.16147045940062474,False,63.58803676059383,85.03211516858502,5.8,4
1571,d4ad3ccf-2cac-4fc9-a9dc-219e4ef7c5c8,2018-02-28,hello287@email.com,46-55,Recovery,Omega-3,0.11183744142397432,True,63.58803676059383,85.03211516858502,5.8,4
1572,d4ad3ccf-2cac-4fc9-a9dc-219e4ef7c5c8,2018-03-31,hello287@email.com,46-55,Endurance,Omega-3,0.3855768319307016,False,98.4617489152444,94.91778735825656,6.0,1
1573,d4ad3ccf-2cac-4fc9-a9dc-219e4ef7c5c8,2018-03-31,hello287@email.com,46-55,Strength,Omega-3,0.4516746978609024,False,98.4617489152444,94.91778735825656,6.0,1
1574,d4ad3ccf-2cac-4fc9-a9dc-219e4ef7c5c8,2018-04-30,hello287@email.com,46-55,Strength,Vitamin C,0.22992912605567592,False,92.29046597305002,89.88729044592031,7.9,4
1575,3da3c0e5-2401-45be-b1ac-a7afab8247e8,2018-01-31,hi288@myemail.com,46-55,,No intake,,,78.38531017425841,82.32625015606978,10.0,4
1576,3da3c0e5-2401-45be-b1ac-a7afab8247e8,2018-02-28,hi288@myemail.com,46-55,Sleep Quality,Vitamin C,0.37256282401537505,False,68.94410193294684,122.03330394959596,7.8,2
1577,3da3c0e5-2401-45be-b1ac-a7afab8247e8,2018-02-28,hi288@myemail.com,46-55,Focus,Vitamin C,0.46442621170954823,False,68.94410193294684,122.03330394959596,7.8,2
1578,3da3c0e5-2401-45be-b1ac-a7afab8247e8,2018-03-31,hi288@myemail.com,46-55,Recovery,Magnesium,0.26746584538474905,True,97.33820420999407,87.644892079512,4.5,4
1579,3da3c0e5-2401-45be-b1ac-a7afab8247e8,2018-03-31,hi288@myemail.com,46-55,Focus,Omega-3,0.31458050241689317,False,97.33820420999407,87.644892079512,4.5,4
1580,3da3c0e5-2401-45be-b1ac-a7afab8247e8,2018-04-30,hi288@myemail.com,46-55,,No intake,,,73.78386382907887,101.79172291174346,11.7,3
1581,58d515e0-32e8-4dbb-b729-abb1906bffb5,2018-01-31,user_289@email.com,46-55,Recovery,Zinc,0.46482713805025033,False,66.43937726749499,97.01016127852763,11.5,1
1582,58d515e0-32e8-4dbb-b729-abb1906bffb5,2018-01-31,user_289@email.com,46-55,Sleep Quality,Vitamin C,0.3225485985781646,False,66.43937726749499,97.01016127852763,11.5,1
1583,58d515e0-32e8-4dbb-b729-abb1906bffb5,2018-02-28,user_289@email.com,46-55,,No intake,,,82.5265755381582,138.74541650449416,10.3,1
1584,58d515e0-32e8-4dbb-b729-abb1906bffb5,2018-03-31,user_289@email.com,46-55,,No intake,,,97.75096481379263,97.37645709037544,11.9,1
1585,58d515e0-32e8-4dbb-b729-abb1906bffb5,2018-04-30,user_289@email.com,46-55,Strength,Magnesium,0.3553911666452956,False,60.1532116200129,75.59877379577284,8.4,3
1586,a4527ec5-e18a-4f67-90b4-55b7ed529c4f,2018-01-31,hello290@example.com,46-55,Memory,Zinc,0.2421846561022581,False,69.52499373015995,76.28780268004589,11.7,4
1587,a4527ec5-e18a-4f67-90b4-55b7ed529c4f,2018-02-28,hello290@example.com,46-55,Recovery,Placebo,0.3461204703093406,True,97.53790561641632,111.35276049471454,4.6,1
1588,a4527ec5-e18a-4f67-90b4-55b7ed529c4f,2018-03-31,hello290@example.com,46-55,,No intake,,,66.84343867428649,111.95544862167858,6.9,3
1589,a4527ec5-e18a-4f67-90b4-55b7ed529c4f,2018-04-30,hello290@example.com,46-55,Strength,Zinc,0.4992975655453067,True,64.5297380655928,99.31312933378584,5.8,2
1590,19444537-2ecf-4b0e-9aab-f6d8fe582c86,2018-01-31,contact_291@email.com,46-55,,No intake,,,82.80748863199219,100.22905846184209,5.6,4
1591,19444537-2ecf-4b0e-9aab-f6d8fe582c86,2018-02-28,contact_291@email.com,46-55,Memory,Placebo,0.4946554879254557,False,94.4737529317932,73.77528079886099,5.1,3
1592,19444537-2ecf-4b0e-9aab-f6d8fe582c86,2018-03-31,contact_291@email.com,46-55,Endurance,Magnesium,0.2611462956600416,False,79.08439270775705,106.15825572724836,9.0,4
1593,19444537-2ecf-4b0e-9aab-f6d8fe582c86,2018-03-31,contact_291@email.com,46-55,Recovery,Zinc,0.16263255047158554,True,79.08439270775705,106.15825572724836,9.0,4
1594,19444537-2ecf-4b0e-9aab-f6d8fe582c86,2018-04-30,contact_291@email.com,46-55,Sleep Quality,Placebo,0.3365335650242994,True,99.782570267381,105.33176327662464,10.3,2
1595,9cc5ed2e-edd7-47bc-ac1a-d5c68df140ce,2018-01-31,contact_292@myemail.com,36-45,,No intake,,,87.16686798151972,80.46845229898612,8.6,3
1596,9cc5ed2e-edd7-47bc-ac1a-d5c68df140ce,2018-02-28,contact_292@myemail.com,36-45,Focus,Placebo,0.4563430458030851,False,62.96299628841791,77.26875702776493,5.2,4
1597,9cc5ed2e-edd7-47bc-ac1a-d5c68df140ce,2018-03-31,contact_292@myemail.com,36-45,,No intake,,,99.71328526727902,78.65007434196434,10.5,3
1598,9cc5ed2e-edd7-47bc-ac1a-d5c68df140ce,2018-04-30,contact_292@myemail.com,36-45,Recovery,Vitamin C,0.4072890685345926,False,76.31576947120762,77.0719772543881,9.1,1
1599,9cc5ed2e-edd7-47bc-ac1a-d5c68df140ce,2018-04-30,contact_292@myemail.com,36-45,Focus,Magnesium,0.3836628662805857,False,76.31576947120762,77.0719772543881,9.1,1
1600,81ee2107-6270-4e0c-a87e-dbd47084a3cf,2018-01-31,user_293@email.com,46-55,,No intake,,,71.4961013538193,112.6795736875732,7.1,4
1601,81ee2107-6270-4e0c-a87e-dbd47084a3cf,2018-02-28,user_293@email.com,46-55,Endurance,Omega-3,0.4577512395047996,False,82.31516734311542,83.7537856682043,9.4,3
1602,81ee2107-6270-4e0c-a87e-dbd47084a3cf,2018-02-28,user_293@email.com,46-55,Memory,Vitamin C,0.4961606138328799,True,82.31516734311542,83.7537856682043,9.4,3
1603,81ee2107-6270-4e0c-a87e-dbd47084a3cf,2018-03-31,user_293@email.com,46-55,Strength,Omega-3,0.24784217647810755,False,72.17230367283457,87.60011065312244,6.1,1
1604,81ee2107-6270-4e0c-a87e-dbd47084a3cf,2018-03-31,user_293@email.com,46-55,Recovery,Magnesium,0.48509476455890266,False,72.17230367283457,87.60011065312244,6.1,1
1605,81ee2107-6270-4e0c-a87e-dbd47084a3cf,2018-04-30,user_293@email.com,46-55,,No intake,,,63.45830028480609,82.15005009060079,6.8,2
1606,689636e7-84a3-47bd-9510-942bffe94f69,2018-01-31,contact294@email.com,18-25,,No intake,,,60.05713372316707,137.04847131139522,11.3,4
1607,689636e7-84a3-47bd-9510-942bffe94f69,2018-02-28,contact294@email.com,18-25,Sleep Quality,Placebo,0.2666876459892196,False,77.9833341168105,129.82322242062847,6.3,4
1608,689636e7-84a3-47bd-9510-942bffe94f69,2018-03-31,contact294@email.com,18-25,Recovery,Magnesium,0.11984509466477272,False,93.4745368890637,86.13463861460646,7.8,2
1609,689636e7-84a3-47bd-9510-942bffe94f69,2018-04-30,contact294@email.com,18-25,Memory,Omega-3,0.1902215986414497,False,82.89260742520307,92.9296405745488,11.1,1
1610,487f7418-6b3c-47c7-956f-754966f9848e,2018-01-31,hello_295@example.com,36-45,,No intake,,,99.96829195773763,84.6924989613498,9.7,2
1611,487f7418-6b3c-47c7-956f-754966f9848e,2018-02-28,hello_295@example.com,36-45,Sleep Quality,Magnesium,0.4698589914236625,True,71.473865825888,104.43131716225768,4.5,4
1612,487f7418-6b3c-47c7-956f-754966f9848e,2018-02-28,hello_295@example.com,36-45,Endurance,Placebo,0.1277947299010612,True,71.473865825888,104.43131716225768,4.5,4
1613,487f7418-6b3c-47c7-956f-754966f9848e,2018-03-31,hello_295@example.com,36-45,Recovery,Zinc,0.3218767011389098,True,71.21820259040221,71.37273727319776,5.2,3
1614,487f7418-6b3c-47c7-956f-754966f9848e,2018-04-30,hello_295@example.com,36-45,Recovery,Placebo,0.4965660184815214,True,66.38997840935777,116.99576062277568,4.1,1
1615,487f7418-6b3c-47c7-956f-754966f9848e,2018-04-30,hello_295@example.com,36-45,Sleep Quality,Placebo,0.169755306499847,False,66.38997840935777,116.99576062277568,4.1,1
1616,71dfff81-25fc-495e-ac5c-1d0810c9fc23,2018-01-31,hello_296@example.com,18-25,Sleep Quality,Omega-3,0.19701578930631997,False,66.56254353061341,106.62107048723492,9.0,1
1617,71dfff81-25fc-495e-ac5c-1d0810c9fc23,2018-02-28,hello_296@example.com,18-25,Sleep Quality,Vitamin C,0.11776098624241214,False,71.40746384040192,132.90472498107724,7.6,1
1618,71dfff81-25fc-495e-ac5c-1d0810c9fc23,2018-03-31,hello_296@example.com,18-25,Endurance,Zinc,0.35337213604472867,False,91.71360181094109,81.50748790298898,5.1,2
1619,71dfff81-25fc-495e-ac5c-1d0810c9fc23,2018-04-30,hello_296@example.com,18-25,,No intake,,,96.23027162545792,126.28764722427924,11.7,2
1620,bbbb0a39-ceb4-46af-8fd7-6060bacad1a7,2018-01-31,hi297@myemail.com,26-35,Memory,Magnesium,0.25794278621128436,False,99.00348678830724,125.4372710126701,8.2,3
1621,bbbb0a39-ceb4-46af-8fd7-6060bacad1a7,2018-02-28,hi297@myemail.com,26-35,,No intake,,,69.29158616385811,78.90268324518209,5.9,3
1622,bbbb0a39-ceb4-46af-8fd7-6060bacad1a7,2018-03-31,hi297@myemail.com,26-35,,No intake,,,95.25190182456367,97.89914569008891,8.0,1
1623,bbbb0a39-ceb4-46af-8fd7-6060bacad1a7,2018-04-30,hi297@myemail.com,26-35,Memory,Zinc,0.2723097648949939,False,73.13020357109349,81.91068488011618,9.4,3
1624,bbbb0a39-ceb4-46af-8fd7-6060bacad1a7,2018-04-30,hi297@myemail.com,26-35,Sleep Quality,Placebo,0.15283151293892683,False,73.13020357109349,81.91068488011618,9.4,3
1625,bbbb0a39-ceb4-46af-8fd7-6060bacad1a7,2018-04-30,hi297@myemail.com,26-35,Sleep Quality,Magnesium,0.4628962735109571,False,73.13020357109349,81.91068488011618,9.4,3
1626,3bbc959d-df8c-4a99-b2a9-697b8774f3b2,2018-01-31,user_298@example.com,18-25,Endurance,Omega-3,0.3903026087619895,True,64.51362178067538,87.83043503202842,4.6,2
1627,3bbc959d-df8c-4a99-b2a9-697b8774f3b2,2018-02-28,user_298@example.com,18-25,Strength,Placebo,0.477122195195849,True,94.80099702080662,88.4272322381381,6.2,3
1628,3bbc959d-df8c-4a99-b2a9-697b8774f3b2,2018-02-28,user_298@example.com,18-25,Focus,Vitamin C,0.478341414959142,True,94.80099702080662,88.4272322381381,6.2,3
1629,3bbc959d-df8c-4a99-b2a9-697b8774f3b2,2018-02-28,user_298@example.com,18-25,Endurance,Magnesium,0.49597824403028934,False,94.80099702080662,88.4272322381381,6.2,3
1630,3bbc959d-df8c-4a99-b2a9-697b8774f3b2,2018-03-31,user_298@example.com,18-25,Recovery,Magnesium,0.30884421882281765,False,85.44422538574474,108.93654758180408,10.5,2
1631,3bbc959d-df8c-4a99-b2a9-697b8774f3b2,2018-04-30,user_298@example.com,18-25,Sleep Quality,Magnesium,0.3050988567404037,False,66.58923584324246,98.79876522323258,7.7,3
1632,3bbc959d-df8c-4a99-b2a9-697b8774f3b2,2018-04-30,user_298@example.com,18-25,Memory,Placebo,0.3661510836606031,False,66.58923584324246,98.79876522323258,7.7,3
1633,ff0e1eb5-1deb-4ddc-9ce9-548706be6bef,2018-01-31,contact_299@myemail.com,26-35,Memory,Magnesium,0.4835193048762985,False,77.1932503005201,136.34129628044138,8.4,4
1634,ff0e1eb5-1deb-4ddc-9ce9-548706be6bef,2018-02-28,contact_299@myemail.com,26-35,,No intake,,,71.49030779508271,78.84590993629035,7.5,2
1635,ff0e1eb5-1deb-4ddc-9ce9-548706be6bef,2018-03-31,contact_299@myemail.com,26-35,Recovery,Magnesium,0.185254841722582,False,89.47178274840788,138.1584494395139,4.4,4
1636,ff0e1eb5-1deb-4ddc-9ce9-548706be6bef,2018-04-30,contact_299@myemail.com,26-35,Memory,Zinc,0.3278642795887698,False,78.13664922497072,86.14470481499848,5.3,2
1637,ff0e1eb5-1deb-4ddc-9ce9-548706be6bef,2018-04-30,contact_299@myemail.com,26-35,Endurance,Magnesium,0.16361005230657064,False,78.13664922497072,86.14470481499848,5.3,2
1638,6139ce10-a540-4883-b555-d5e1aadacc7a,2018-01-31,contact_300@email.com,46-55,Strength,Vitamin C,0.1467011868632034,False,99.5711978042554,124.1011755467297,7.6,3
1639,6139ce10-a540-4883-b555-d5e1aadacc7a,2018-02-28,contact_300@email.com,46-55,Focus,Placebo,0.35625556852804907,True,62.1897992903838,93.72789483209748,5.7,4
1640,6139ce10-a540-4883-b555-d5e1aadacc7a,2018-02-28,contact_300@email.com,46-55,Sleep Quality,Placebo,0.24498530409197053,False,62.1897992903838,93.72789483209748,5.7,4
1641,6139ce10-a540-4883-b555-d5e1aadacc7a,2018-03-31,contact_300@email.com,46-55,Sleep Quality,Magnesium,0.154798731447587,False,74.20061064544987,80.01569767921197,4.4,3
1642,6139ce10-a540-4883-b555-d5e1aadacc7a,2018-03-31,contact_300@email.com,46-55,Endurance,Placebo,0.342249921058461,True,74.20061064544987,80.01569767921197,4.4,3
1643,6139ce10-a540-4883-b555-d5e1aadacc7a,2018-04-30,contact_300@email.com,46-55,,No intake,,,79.27600668439909,130.0522429672368,10.7,2
1644,19aeff5e-e6f8-4853-8d14-a164fb30ba0f,2018-01-31,contact301@example.com,46-55,Sleep Quality,Omega-3,0.4062125326190396,False,80.1253421899328,91.62026294655244,11.8,4
1645,19aeff5e-e6f8-4853-8d14-a164fb30ba0f,2018-02-28,contact301@example.com,46-55,,No intake,,,72.63743289542548,116.11987829587896,10.3,1
1646,19aeff5e-e6f8-4853-8d14-a164fb30ba0f,2018-03-31,contact301@example.com,46-55,Focus,Zinc,0.4376561840101899,False,89.16960996390273,109.65105795606384,10.8,3
1647,19aeff5e-e6f8-4853-8d14-a164fb30ba0f,2018-03-31,contact301@example.com,46-55,Memory,Placebo,0.13571243051165977,True,89.16960996390273,109.65105795606384,10.8,3
1648,19aeff5e-e6f8-4853-8d14-a164fb30ba0f,2018-03-31,contact301@example.com,46-55,Sleep Quality,Vitamin C,0.114893041966375,False,89.16960996390273,109.65105795606384,10.8,3
1649,19aeff5e-e6f8-4853-8d14-a164fb30ba0f,2018-04-30,contact301@example.com,46-55,,No intake,,,94.98988293955898,103.0229416573612,5.9,2
1650,414b7f0f-8bd7-43b8-95e5-010be7cbdf90,2018-01-31,user302@example.com,26-35,,No intake,,,97.54877207911451,104.70736308539772,11.7,4
1651,414b7f0f-8bd7-43b8-95e5-010be7cbdf90,2018-02-28,user302@example.com,26-35,Focus,Placebo,0.48387568764560557,False,92.20373507198104,121.25665398646012,5.6,3
1652,414b7f0f-8bd7-43b8-95e5-010be7cbdf90,2018-02-28,user302@example.com,26-35,Recovery,Zinc,0.29761099714674755,True,92.20373507198104,121.25665398646012,5.6,3
1653,414b7f0f-8bd7-43b8-95e5-010be7cbdf90,2018-03-31,user302@example.com,26-35,Recovery,Vitamin C,0.30518429930369567,True,94.02320789226395,76.14410398864084,11.6,4
1654,414b7f0f-8bd7-43b8-95e5-010be7cbdf90,2018-04-30,user302@example.com,26-35,Endurance,Zinc,0.3461304062472682,False,82.02181202479983,116.77264633705336,12.0,3
1655,414b7f0f-8bd7-43b8-95e5-010be7cbdf90,2018-04-30,user302@example.com,26-35,Strength,Zinc,0.4742687452326903,True,82.02181202479983,116.77264633705336,12.0,3
1656,6994134c-d37d-4615-b931-cbf6f3d90178,2018-01-31,contact303@myemail.com,46-55,Strength,Magnesium,0.2245770097329196,False,93.03552905707258,132.7068470979005,9.7,3
1657,6994134c-d37d-4615-b931-cbf6f3d90178,2018-02-28,contact303@myemail.com,46-55,Sleep Quality,Placebo,0.34332614640928577,False,72.14015636591809,74.0451737913905,11.8,3
1658,6994134c-d37d-4615-b931-cbf6f3d90178,2018-03-31,contact303@myemail.com,46-55,,No intake,,,75.93915048436858,79.84573374635667,8.6,4
1659,6994134c-d37d-4615-b931-cbf6f3d90178,2018-04-30,contact303@myemail.com,46-55,,No intake,,,72.67652055274178,120.1642355691422,6.1,4
1660,dc4bab85-514d-4019-809e-347494eaf7a2,2018-01-31,hi304@myemail.com,56-65,Sleep Quality,Placebo,0.2931485818224974,False,78.69549341791702,100.60971537712322,7.5,3
1661,dc4bab85-514d-4019-809e-347494eaf7a2,2018-01-31,hi304@myemail.com,56-65,Endurance,Zinc,0.2366809516436793,True,78.69549341791702,100.60971537712322,7.5,3
1662,dc4bab85-514d-4019-809e-347494eaf7a2,2018-02-28,hi304@myemail.com,56-65,,No intake,,,71.42318464954545,98.2484034569582,8.7,1
1663,dc4bab85-514d-4019-809e-347494eaf7a2,2018-03-31,hi304@myemail.com,56-65,Focus,Omega-3,0.29514140094652486,True,98.46445769017788,79.58766441809651,4.6,1
1664,dc4bab85-514d-4019-809e-347494eaf7a2,2018-04-30,hi304@myemail.com,56-65,,No intake,,,72.51378512022673,105.47390285024515,9.0,1
1665,91a4044f-8baf-402c-a604-a00f0d3dca05,2018-01-31,user305@example.com,46-55,,No intake,,,63.92178152443759,78.8581717837464,11.8,2
1666,91a4044f-8baf-402c-a604-a00f0d3dca05,2018-02-28,user305@example.com,46-55,Strength,Magnesium,0.35585777677434804,False,81.07268664201654,103.36343194173784,5.5,1
1667,91a4044f-8baf-402c-a604-a00f0d3dca05,2018-03-31,user305@example.com,46-55,Memory,Magnesium,0.11391399234349361,False,62.283963137807056,123.45307092731596,10.3,4
1668,91a4044f-8baf-402c-a604-a00f0d3dca05,2018-04-30,user305@example.com,46-55,Sleep Quality,Vitamin C,0.31702129751064456,False,64.42172665234322,88.07850505210145,11.3,1
1669,91a4044f-8baf-402c-a604-a00f0d3dca05,2018-04-30,user305@example.com,46-55,Strength,Placebo,0.42819975126569554,False,64.42172665234322,88.07850505210145,11.3,1
1670,f1cf2ed3-2efc-415d-8aa5-d7c81e9f4c3b,2018-01-31,hello_306@email.com,56-65,Sleep Quality,Placebo,0.49121367555427403,False,68.77557556784986,103.65503177258093,11.5,4
1671,f1cf2ed3-2efc-415d-8aa5-d7c81e9f4c3b,2018-01-31,hello_306@email.com,56-65,Endurance,Placebo,0.19250571985964515,False,68.77557556784986,103.65503177258093,11.5,4
1672,f1cf2ed3-2efc-415d-8aa5-d7c81e9f4c3b,2018-02-28,hello_306@email.com,56-65,Memory,Omega-3,0.4983455501722808,False,78.57400999528566,139.4411178577785,11.7,2
1673,f1cf2ed3-2efc-415d-8aa5-d7c81e9f4c3b,2018-03-31,hello_306@email.com,56-65,Strength,Placebo,0.4364776223507632,True,77.33003729236111,118.0655296347826,8.2,4
1674,f1cf2ed3-2efc-415d-8aa5-d7c81e9f4c3b,2018-03-31,hello_306@email.com,56-65,Endurance,Placebo,0.1262723342630469,False,77.33003729236111,118.0655296347826,8.2,4
1675,f1cf2ed3-2efc-415d-8aa5-d7c81e9f4c3b,2018-04-30,hello_306@email.com,56-65,Strength,Magnesium,0.4856705044524604,True,91.98767448011164,128.89497399136388,11.8,4
1676,c69aa04b-dcde-42fb-945e-8867ecbcc5da,2018-01-31,contact307@example.com,36-45,Sleep Quality,Vitamin C,0.3638869290559705,False,89.57898615536453,99.0393324592382,10.1,4
1677,c69aa04b-dcde-42fb-945e-8867ecbcc5da,2018-02-28,contact307@example.com,36-45,Sleep Quality,Zinc,0.11678006059602003,False,77.05273175962805,123.75026461880988,5.3,1
1678,c69aa04b-dcde-42fb-945e-8867ecbcc5da,2018-02-28,contact307@example.com,36-45,Strength,Zinc,0.47459071468305886,False,77.05273175962805,123.75026461880988,5.3,1
1679,c69aa04b-dcde-42fb-945e-8867ecbcc5da,2018-03-31,contact307@example.com,36-45,Strength,Magnesium,0.3273389003192988,False,73.3481683030252,72.83564210589253,7.8,3
1680,c69aa04b-dcde-42fb-945e-8867ecbcc5da,2018-04-30,contact307@example.com,36-45,Strength,Vitamin C,0.14789100559995752,False,72.65875136245994,78.60378277795715,9.7,4
1681,c69aa04b-dcde-42fb-945e-8867ecbcc5da,2018-04-30,contact307@example.com,36-45,Recovery,Omega-3,0.13778644717529323,False,72.65875136245994,78.60378277795715,9.7,4
1682,aee3fb97-5970-406d-8804-669716bff9bb,2018-01-31,hi308@myemail.com,Over 65,Recovery,Vitamin C,0.12225630907509516,False,90.95980349176035,84.21494150440435,6.0,1
1683,aee3fb97-5970-406d-8804-669716bff9bb,2018-01-31,hi308@myemail.com,Over 65,Strength,Placebo,0.3133629500581969,False,90.95980349176035,84.21494150440435,6.0,1
1684,aee3fb97-5970-406d-8804-669716bff9bb,2018-01-31,hi308@myemail.com,Over 65,Recovery,Omega-3,0.2291329557745876,False,90.95980349176035,84.21494150440435,6.0,1
1685,aee3fb97-5970-406d-8804-669716bff9bb,2018-02-28,hi308@myemail.com,Over 65,Focus,Vitamin C,0.31624675374983974,False,62.08289624885079,98.13663472306536,9.1,1
1686,aee3fb97-5970-406d-8804-669716bff9bb,2018-03-31,hi308@myemail.com,Over 65,Sleep Quality,Zinc,0.30660498504982986,False,60.51286598042423,129.20214148280343,9.3,1
1687,aee3fb97-5970-406d-8804-669716bff9bb,2018-04-30,hi308@myemail.com,Over 65,Focus,Magnesium,0.3768718934174969,False,91.82177567706592,94.23862355515512,5.3,3
1688,aee3fb97-5970-406d-8804-669716bff9bb,2018-04-30,hi308@myemail.com,Over 65,Recovery,Zinc,0.2009166357045283,False,91.82177567706592,94.23862355515512,5.3,3
1689,16363473-4700-487e-b7c1-da615f632147,2018-01-31,hello309@email.com,26-35,Strength,Magnesium,0.2163627229319547,True,79.08585503956198,115.8234835460824,8.5,3
1690,16363473-4700-487e-b7c1-da615f632147,2018-02-28,hello309@email.com,26-35,Endurance,Placebo,0.142959369476453,False,65.23524554214303,119.65200063624384,10.2,3
1691,16363473-4700-487e-b7c1-da615f632147,2018-02-28,hello309@email.com,26-35,Recovery,Vitamin C,0.3980290458365954,False,65.23524554214303,119.65200063624384,10.2,3
1692,16363473-4700-487e-b7c1-da615f632147,2018-03-31,hello309@email.com,26-35,Recovery,Omega-3,0.2847993371175794,True,69.42263738378006,111.03276478618388,8.0,3
1693,16363473-4700-487e-b7c1-da615f632147,2018-04-30,hello309@email.com,26-35,Memory,Placebo,0.2024428366402504,True,97.3001581238953,95.00693777190952,4.1,2
1694,e4635e56-05fe-4153-a84d-2fd3aafcbd71,2018-01-31,hi310@myemail.com,46-55,,No intake,,,94.38011902499592,110.39373391994808,4.1,3
1695,e4635e56-05fe-4153-a84d-2fd3aafcbd71,2018-02-28,hi310@myemail.com,46-55,Sleep Quality,Omega-3,0.138214243744658,False,88.3914020089589,93.95859149528223,6.9,3
1696,e4635e56-05fe-4153-a84d-2fd3aafcbd71,2018-03-31,hi310@myemail.com,46-55,Focus,Zinc,0.44700529708063486,True,79.28900921349306,75.87116169864085,11.4,3
1697,e4635e56-05fe-4153-a84d-2fd3aafcbd71,2018-03-31,hi310@myemail.com,46-55,Recovery,Zinc,0.1436788397701387,False,79.28900921349306,75.87116169864085,11.4,3
1698,e4635e56-05fe-4153-a84d-2fd3aafcbd71,2018-04-30,hi310@myemail.com,46-55,,No intake,,,80.81294504765543,139.496278473021,5.8,4
1699,3c46c608-fd61-4f34-9db3-d0c472bef648,2018-01-31,user_311@myemail.com,18-25,Memory,Omega-3,0.16836211597770945,False,99.00978141135836,78.90277175427576,9.1,4
1700,3c46c608-fd61-4f34-9db3-d0c472bef648,2018-02-28,user_311@myemail.com,18-25,Recovery,Placebo,0.3388392062441511,False,98.63081775537148,75.06438686852401,5.8,3
1701,3c46c608-fd61-4f34-9db3-d0c472bef648,2018-02-28,user_311@myemail.com,18-25,Endurance,Magnesium,0.37521638653814193,False,98.63081775537148,75.06438686852401,5.8,3
1702,3c46c608-fd61-4f34-9db3-d0c472bef648,2018-03-31,user_311@myemail.com,18-25,Endurance,Placebo,0.3875257066776955,False,68.61076183143336,131.4971524445009,6.6,2
1703,3c46c608-fd61-4f34-9db3-d0c472bef648,2018-04-30,user_311@myemail.com,18-25,,No intake,,,92.44418265221272,91.12842626250266,10.8,4
1704,61ef9427-2c28-4d10-9a2f-77deffd2cef8,2018-01-31,hi_312@example.com,18-25,Sleep Quality,Placebo,0.3766982850443602,False,67.88970664668068,115.52078818514552,9.8,1
1705,61ef9427-2c28-4d10-9a2f-77deffd2cef8,2018-02-28,hi_312@example.com,18-25,Strength,Magnesium,0.1488846334341469,False,68.54149911535805,93.0304010763563,4.8,4
1706,61ef9427-2c28-4d10-9a2f-77deffd2cef8,2018-03-31,hi_312@example.com,18-25,Memory,Placebo,0.2820358664425631,False,87.04372136658307,97.40179895561296,7.4,1
1707,61ef9427-2c28-4d10-9a2f-77deffd2cef8,2018-03-31,hi_312@example.com,18-25,Endurance,Magnesium,0.2862382019351697,True,87.04372136658307,97.40179895561296,7.4,1
1708,61ef9427-2c28-4d10-9a2f-77deffd2cef8,2018-04-30,hi_312@example.com,18-25,Endurance,Vitamin C,0.2990581364185366,False,76.20004394350194,88.34790804117576,4.2,4
1709,817b3f5e-9a6d-49a3-8e6c-234812545cb0,2018-01-31,user_313@example.com,46-55,,No intake,,,97.2617762842608,94.01308040551072,7.8,3
1710,817b3f5e-9a6d-49a3-8e6c-234812545cb0,2018-02-28,user_313@example.com,46-55,Recovery,Omega-3,0.22560317010940462,False,63.56038939584035,98.749028041058,9.3,4
1711,817b3f5e-9a6d-49a3-8e6c-234812545cb0,2018-03-31,user_313@example.com,46-55,Focus,Placebo,0.2803182945224396,False,80.46102563237972,120.429124836464,4.9,3
1712,817b3f5e-9a6d-49a3-8e6c-234812545cb0,2018-03-31,user_313@example.com,46-55,Strength,Zinc,0.17863476916434412,False,80.46102563237972,120.429124836464,4.9,3
1713,817b3f5e-9a6d-49a3-8e6c-234812545cb0,2018-03-31,user_313@example.com,46-55,Recovery,Magnesium,0.22677160131289448,False,80.46102563237972,120.429124836464,4.9,3
1714,817b3f5e-9a6d-49a3-8e6c-234812545cb0,2018-04-30,user_313@example.com,46-55,,No intake,,,96.74086121772484,105.80753359643543,6.3,3
1715,30fa4b4d-b7d4-4cfd-8cea-2b306547d693,2018-01-31,user_314@email.com,56-65,Recovery,Zinc,0.3823730156664254,True,96.1645464191802,136.04956520098838,7.2,4
1716,30fa4b4d-b7d4-4cfd-8cea-2b306547d693,2018-02-28,user_314@email.com,56-65,,No intake,,,66.26116853662965,72.93162756871429,11.4,1
1717,30fa4b4d-b7d4-4cfd-8cea-2b306547d693,2018-03-31,user_314@email.com,56-65,,No intake,,,74.66550800385826,105.21478258424196,11.9,1
1718,30fa4b4d-b7d4-4cfd-8cea-2b306547d693,2018-04-30,user_314@email.com,56-65,Memory,Omega-3,0.329826761464019,False,84.76485600186786,110.89573521822028,4.4,4
1719,62cb36a5-8732-4090-b552-8c6de8f054f3,2018-01-31,user_315@email.com,Unknown,Focus,Magnesium,0.4593782136576732,False,66.37579539085608,134.41378902519918,10.1,3
1720,62cb36a5-8732-4090-b552-8c6de8f054f3,2018-01-31,user_315@email.com,Unknown,Memory,Zinc,0.3186598201213588,False,66.37579539085608,134.41378902519918,10.1,3
1721,62cb36a5-8732-4090-b552-8c6de8f054f3,2018-01-31,user_315@email.com,Unknown,Memory,Zinc,0.2856782489686524,False,66.37579539085608,134.41378902519918,10.1,3
1722,62cb36a5-8732-4090-b552-8c6de8f054f3,2018-02-28,user_315@email.com,Unknown,,No intake,,,98.72088688182956,73.44109665349993,7.0,1
1723,62cb36a5-8732-4090-b552-8c6de8f054f3,2018-03-31,user_315@email.com,Unknown,,No intake,,,96.5899731491064,110.14497094546512,7.1,2
1724,62cb36a5-8732-4090-b552-8c6de8f054f3,2018-04-30,user_315@email.com,Unknown,Recovery,Placebo,0.25844878602066107,False,66.67800716137877,129.754094996957,10.0,3
1725,d8f33e0b-8465-4b93-a6cc-034a364ca253,2018-01-31,user_316@myemail.com,26-35,Memory,Magnesium,0.2149828454016332,False,64.84621845043942,86.93494096834655,11.3,4
1726,d8f33e0b-8465-4b93-a6cc-034a364ca253,2018-01-31,user_316@myemail.com,26-35,Recovery,Omega-3,0.22610250294993195,True,64.84621845043942,86.93494096834655,11.3,4
1727,d8f33e0b-8465-4b93-a6cc-034a364ca253,2018-01-31,user_316@myemail.com,26-35,Strength,Vitamin C,0.3023669359842779,False,64.84621845043942,86.93494096834655,11.3,4
1728,d8f33e0b-8465-4b93-a6cc-034a364ca253,2018-02-28,user_316@myemail.com,26-35,,No intake,,,63.41633931233061,131.34046439667563,11.6,3
1729,d8f33e0b-8465-4b93-a6cc-034a364ca253,2018-03-31,user_316@myemail.com,26-35,Strength,Zinc,0.15338760178786362,False,96.37774656146524,71.33303864920043,8.6,2
1730,d8f33e0b-8465-4b93-a6cc-034a364ca253,2018-03-31,user_316@myemail.com,26-35,Strength,Zinc,0.21248917376860693,False,96.37774656146524,71.33303864920043,8.6,2
1731,d8f33e0b-8465-4b93-a6cc-034a364ca253,2018-04-30,user_316@myemail.com,26-35,,No intake,,,67.74495239181843,121.27182403936108,6.9,2
1732,224b198d-7782-44ce-8527-69ad2ba75d08,2018-01-31,user317@myemail.com,56-65,,No intake,,,76.6513971417742,135.31792548180573,10.3,1
1733,224b198d-7782-44ce-8527-69ad2ba75d08,2018-02-28,user317@myemail.com,56-65,Sleep Quality,Omega-3,0.11681456087616829,False,77.95405462608012,116.00383631480436,6.0,2
1734,224b198d-7782-44ce-8527-69ad2ba75d08,2018-02-28,user317@myemail.com,56-65,Strength,Zinc,0.3049130919544467,False,77.95405462608012,116.00383631480436,6.0,2
1735,224b198d-7782-44ce-8527-69ad2ba75d08,2018-03-31,user317@myemail.com,56-65,Recovery,Vitamin C,0.22087420399976676,False,83.9604417685427,100.73204707863135,8.5,3
1736,224b198d-7782-44ce-8527-69ad2ba75d08,2018-04-30,user317@myemail.com,56-65,,No intake,,,62.869413749897,73.14167115309026,6.9,1
1737,8b46db91-0b7a-4e0c-9de8-ba16a32f82f7,2018-01-31,contact_318@email.com,18-25,Recovery,Omega-3,0.17685173088074663,False,69.07034469602064,134.40796693258403,9.3,2
1738,8b46db91-0b7a-4e0c-9de8-ba16a32f82f7,2018-01-31,contact_318@email.com,18-25,Strength,Placebo,0.3948995155026946,False,69.07034469602064,134.40796693258403,9.3,2
1739,8b46db91-0b7a-4e0c-9de8-ba16a32f82f7,2018-02-28,contact_318@email.com,18-25,Memory,Placebo,0.4977013276346144,False,97.25961547675703,102.92073558841024,5.9,1
1740,8b46db91-0b7a-4e0c-9de8-ba16a32f82f7,2018-03-31,contact_318@email.com,18-25,,No intake,,,96.33640429074278,72.02977210351636,5.5,1
1741,8b46db91-0b7a-4e0c-9de8-ba16a32f82f7,2018-04-30,contact_318@email.com,18-25,,No intake,,,91.2516258962277,118.28747499301332,11.3,4
1742,734dc2a9-a609-420c-8cc1-78f7c6586f1c,2018-01-31,hi319@email.com,36-45,,No intake,,,60.77604982472862,103.72860775033809,4.8,1
1743,734dc2a9-a609-420c-8cc1-78f7c6586f1c,2018-02-28,hi319@email.com,36-45,Recovery,Magnesium,0.4592884495638278,False,73.08027073984408,78.70417222096876,8.0,1
1744,734dc2a9-a609-420c-8cc1-78f7c6586f1c,2018-02-28,hi319@email.com,36-45,Strength,Vitamin C,0.3104701282678366,True,73.08027073984408,78.70417222096876,8.0,1
1745,734dc2a9-a609-420c-8cc1-78f7c6586f1c,2018-02-28,hi319@email.com,36-45,Endurance,Zinc,0.4541130841770337,True,73.08027073984408,78.70417222096876,8.0,1
1746,734dc2a9-a609-420c-8cc1-78f7c6586f1c,2018-03-31,hi319@email.com,36-45,,No intake,,,85.11834941371632,84.99902665171817,5.8,2
1747,734dc2a9-a609-420c-8cc1-78f7c6586f1c,2018-04-30,hi319@email.com,36-45,,No intake,,,71.00760847093903,74.51434763190923,4.3,3
1748,1dfee034-dc12-4199-b885-4293b422fcb9,2018-01-31,hi320@myemail.com,46-55,,No intake,,,96.3834678021511,110.20054777960016,4.3,3
1749,1dfee034-dc12-4199-b885-4293b422fcb9,2018-02-28,hi320@myemail.com,46-55,Recovery,Vitamin C,0.2912250178455809,True,85.35557847329767,113.54206354764064,5.4,2
1750,1dfee034-dc12-4199-b885-4293b422fcb9,2018-03-31,hi320@myemail.com,46-55,Focus,Vitamin C,0.19027403733808831,False,62.876268692657824,105.4019608848811,10.9,3
1751,1dfee034-dc12-4199-b885-4293b422fcb9,2018-04-30,hi320@myemail.com,46-55,Strength,Omega-3,0.4799699295656218,False,96.36022355342811,127.19714931018304,6.3,1
1752,1dfee034-dc12-4199-b885-4293b422fcb9,2018-04-30,hi320@myemail.com,46-55,Memory,Omega-3,0.14497616468119429,False,96.36022355342811,127.19714931018304,6.3,1
1753,6b12e3c3-1e82-4d5a-adc9-40ce3a376b09,2018-01-31,hi321@example.com,Over 65,,No intake,,,98.31066632704888,130.27061749156096,11.6,4
1754,6b12e3c3-1e82-4d5a-adc9-40ce3a376b09,2018-02-28,hi321@example.com,Over 65,Sleep Quality,Zinc,0.26711693307930245,False,63.10849673566902,113.09370776781888,8.7,1
1755,6b12e3c3-1e82-4d5a-adc9-40ce3a376b09,2018-02-28,hi321@example.com,Over 65,Sleep Quality,Placebo,0.26762335946523813,False,63.10849673566902,113.09370776781888,8.7,1
1756,6b12e3c3-1e82-4d5a-adc9-40ce3a376b09,2018-03-31,hi321@example.com,Over 65,Focus,Magnesium,0.36130318379354676,True,81.2944093944526,70.89295357952014,7.5,1
1757,6b12e3c3-1e82-4d5a-adc9-40ce3a376b09,2018-04-30,hi321@example.com,Over 65,Endurance,Vitamin C,0.2480653422545509,False,72.13457128856682,118.6660759023415,8.6,4
1758,c0b47e28-c774-41ab-a692-f5fd53fbbdfd,2018-01-31,hi322@example.com,Over 65,,No intake,,,75.7135630592561,99.2599451844246,8.1,2
1759,c0b47e28-c774-41ab-a692-f5fd53fbbdfd,2018-02-28,hi322@example.com,Over 65,Endurance,Omega-3,0.40750279061254996,False,67.18604871821367,109.5890238258471,10.1,1
1760,c0b47e28-c774-41ab-a692-f5fd53fbbdfd,2018-03-31,hi322@example.com,Over 65,,No intake,,,83.1228840804965,115.4356421413219,6.3,1
1761,c0b47e28-c774-41ab-a692-f5fd53fbbdfd,2018-04-30,hi322@example.com,Over 65,,No intake,,,98.31917412995564,94.51656300289535,6.8,2
1762,ffaccfef-220a-4976-96f7-22e4f2fc3ecc,2018-01-31,user323@email.com,46-55,Strength,Vitamin C,0.40778639777908643,False,80.12290401086436,134.1968953620256,11.2,1
1763,ffaccfef-220a-4976-96f7-22e4f2fc3ecc,2018-02-28,user323@email.com,46-55,Recovery,Omega-3,0.35031913584849234,False,63.31658325577925,79.37824067248468,11.6,1
1764,ffaccfef-220a-4976-96f7-22e4f2fc3ecc,2018-03-31,user323@email.com,46-55,Recovery,Zinc,0.11164058052919064,False,84.80005333909634,117.00582650967264,11.1,3
1765,ffaccfef-220a-4976-96f7-22e4f2fc3ecc,2018-04-30,user323@email.com,46-55,,No intake,,,73.60891977805028,70.30517059696064,7.4,2
1766,55f9aa36-7ee3-4800-857e-b81861674330,2018-01-31,hi324@example.com,46-55,Memory,Magnesium,0.17275227926063497,True,94.23700758365192,134.72557737836266,10.2,1
1767,55f9aa36-7ee3-4800-857e-b81861674330,2018-01-31,hi324@example.com,46-55,Strength,Magnesium,0.4188251532808918,False,94.23700758365192,134.72557737836266,10.2,1
1768,55f9aa36-7ee3-4800-857e-b81861674330,2018-02-28,hi324@example.com,46-55,Endurance,Omega-3,0.18990351117547544,False,77.3871259326588,77.8752893266664,7.8,1
1769,55f9aa36-7ee3-4800-857e-b81861674330,2018-03-31,hi324@example.com,46-55,Memory,Zinc,0.2372705548129325,False,67.71358435768983,76.64189611033022,8.0,4
1770,55f9aa36-7ee3-4800-857e-b81861674330,2018-04-30,hi324@example.com,46-55,,No intake,,,67.64422490764579,93.3105343136571,5.6,4
1771,17d9d839-3eb9-4424-9550-df039eb6fbc5,2018-01-31,hello_325@myemail.com,Unknown,Sleep Quality,Magnesium,0.17618006224300756,False,90.75056722884642,96.14964002273564,8.7,4
1772,17d9d839-3eb9-4424-9550-df039eb6fbc5,2018-02-28,hello_325@myemail.com,Unknown,Focus,Vitamin C,0.15633166697244583,False,70.6235039322944,85.00100506260151,5.5,1
1773,17d9d839-3eb9-4424-9550-df039eb6fbc5,2018-03-31,hello_325@myemail.com,Unknown,,No intake,,,90.68933576636891,110.95851626489872,6.7,1
1774,17d9d839-3eb9-4424-9550-df039eb6fbc5,2018-04-30,hello_325@myemail.com,Unknown,,No intake,,,68.23549243066398,101.00398686293744,10.8,4
1775,2a287404-2372-476d-a73a-ad779d7b8b1e,2018-01-31,user326@myemail.com,56-65,Focus,Vitamin C,0.39711633389988,False,72.86745474805238,72.39229123287612,5.7,3
1776,2a287404-2372-476d-a73a-ad779d7b8b1e,2018-02-28,user326@myemail.com,56-65,,No intake,,,78.61947889758798,92.37564435787104,4.6,3
1777,2a287404-2372-476d-a73a-ad779d7b8b1e,2018-03-31,user326@myemail.com,56-65,,No intake,,,97.72783398773802,126.73030395012194,4.6,3
1778,2a287404-2372-476d-a73a-ad779d7b8b1e,2018-04-30,user326@myemail.com,56-65,Recovery,Vitamin C,0.27327081959035493,True,97.26925699015298,118.2791074403308,11.5,3
1779,2a287404-2372-476d-a73a-ad779d7b8b1e,2018-04-30,user326@myemail.com,56-65,Endurance,Zinc,0.45544339617418056,False,97.26925699015298,118.2791074403308,11.5,3
1780,2a287404-2372-476d-a73a-ad779d7b8b1e,2018-04-30,user326@myemail.com,56-65,Strength,Zinc,0.227372546430924,False,97.26925699015298,118.2791074403308,11.5,3
1781,2a287404-2372-476d-a73a-ad779d7b8b1e,2018-04-30,user326@myemail.com,56-65,Memory,Vitamin C,0.31588220613065227,False,97.26925699015298,118.2791074403308,11.5,3
1782,c7b001b2-50bb-4425-8781-e6285857a923,2018-01-31,hello_327@email.com,Unknown,Sleep Quality,Vitamin C,0.42654807564533614,False,68.27487501689151,120.74095975059164,8.1,2
1783,c7b001b2-50bb-4425-8781-e6285857a923,2018-02-28,hello_327@email.com,Unknown,Strength,Zinc,0.4952032171391839,True,74.3287616497229,118.86818468584664,7.3,4
1784,c7b001b2-50bb-4425-8781-e6285857a923,2018-03-31,hello_327@email.com,Unknown,,No intake,,,65.97597553815089,91.76811149681234,10.5,1
1785,c7b001b2-50bb-4425-8781-e6285857a923,2018-04-30,hello_327@email.com,Unknown,,No intake,,,80.39940317253988,76.97647454537432,10.7,4
1786,6de54790-026d-4fb1-b5ff-5a02e50f2d8a,2018-01-31,user328@myemail.com,18-25,Memory,Vitamin C,0.4535039995337529,False,78.42330202778666,89.07270288231672,6.7,3
1787,6de54790-026d-4fb1-b5ff-5a02e50f2d8a,2018-02-28,user328@myemail.com,18-25,Endurance,Zinc,0.12650187878167998,False,96.0304064980293,128.2249710129611,9.5,1
1788,6de54790-026d-4fb1-b5ff-5a02e50f2d8a,2018-03-31,user328@myemail.com,18-25,Sleep Quality,Zinc,0.43209294589366815,False,97.2002151116429,138.63295584481497,10.2,2
1789,6de54790-026d-4fb1-b5ff-5a02e50f2d8a,2018-04-30,user328@myemail.com,18-25,Focus,Magnesium,0.1977526985367354,False,75.34269564029168,104.5692910319093,9.2,4
1790,bf7441a1-bb83-4a2c-9528-aa64591c62d4,2018-01-31,hello_329@myemail.com,Unknown,Recovery,Magnesium,0.12700049154895499,False,79.66951772075959,70.67902484461295,5.2,1
1791,bf7441a1-bb83-4a2c-9528-aa64591c62d4,2018-02-28,hello_329@myemail.com,Unknown,,No intake,,,95.84944996584532,79.80313684939603,11.0,1
1792,bf7441a1-bb83-4a2c-9528-aa64591c62d4,2018-03-31,hello_329@myemail.com,Unknown,Strength,Omega-3,0.22519508567218188,False,92.26831230980248,92.5456402721386,8.3,3
1793,bf7441a1-bb83-4a2c-9528-aa64591c62d4,2018-03-31,hello_329@myemail.com,Unknown,Endurance,Magnesium,0.3600624882953976,False,92.26831230980248,92.5456402721386,8.3,3
1794,bf7441a1-bb83-4a2c-9528-aa64591c62d4,2018-04-30,hello_329@myemail.com,Unknown,,No intake,,,60.14625245378597,110.50097440150648,6.3,3
1795,640c9fba-b955-41d4-b853-ae61cfc893bd,2018-01-31,hello330@example.com,26-35,,No intake,,,72.8023825673433,75.25655520637198,7.4,4
1796,640c9fba-b955-41d4-b853-ae61cfc893bd,2018-02-28,hello330@example.com,26-35,Recovery,Omega-3,0.2939485898388634,False,76.87096967744503,136.03501090969172,4.3,2
1797,640c9fba-b955-41d4-b853-ae61cfc893bd,2018-02-28,hello330@example.com,26-35,Strength,Placebo,0.44502273300954026,False,76.87096967744503,136.03501090969172,4.3,2
1798,640c9fba-b955-41d4-b853-ae61cfc893bd,2018-02-28,hello330@example.com,26-35,Focus,Magnesium,0.4846981506818381,False,76.87096967744503,136.03501090969172,4.3,2
1799,640c9fba-b955-41d4-b853-ae61cfc893bd,2018-03-31,hello330@example.com,26-35,Sleep Quality,Placebo,0.29924820657034495,False,69.18865134732927,95.55585712990803,5.0,1
1800,640c9fba-b955-41d4-b853-ae61cfc893bd,2018-04-30,hello330@example.com,26-35,Focus,Magnesium,0.19880874813915422,False,67.98286463583754,133.8808952547376,10.1,3
1801,22f6af0f-09f3-4048-9e7e-37d8bea06c9d,2018-01-31,contact_331@example.com,26-35,,No intake,,,61.51138026382719,124.63652619299152,4.0,4
1802,22f6af0f-09f3-4048-9e7e-37d8bea06c9d,2018-02-28,contact_331@example.com,26-35,Sleep Quality,Zinc,0.24198641239446203,True,85.73478900279042,122.88060907609068,7.3,3
1803,22f6af0f-09f3-4048-9e7e-37d8bea06c9d,2018-02-28,contact_331@example.com,26-35,Sleep Quality,Vitamin C,0.2294864855291069,True,85.73478900279042,122.88060907609068,7.3,3
1804,22f6af0f-09f3-4048-9e7e-37d8bea06c9d,2018-02-28,contact_331@example.com,26-35,Endurance,Magnesium,0.375032977363075,False,85.73478900279042,122.88060907609068,7.3,3
1805,22f6af0f-09f3-4048-9e7e-37d8bea06c9d,2018-02-28,contact_331@example.com,26-35,Endurance,Zinc,0.3336874485171214,False,85.73478900279042,122.88060907609068,7.3,3
1806,22f6af0f-09f3-4048-9e7e-37d8bea06c9d,2018-03-31,contact_331@example.com,26-35,Recovery,Zinc,0.38581668058000207,False,70.50041161932663,112.47037058475624,8.2,4
1807,22f6af0f-09f3-4048-9e7e-37d8bea06c9d,2018-03-31,contact_331@example.com,26-35,Sleep Quality,Zinc,0.37317667785013214,False,70.50041161932663,112.47037058475624,8.2,4
1808,22f6af0f-09f3-4048-9e7e-37d8bea06c9d,2018-04-30,contact_331@example.com,26-35,Recovery,Magnesium,0.19167409577247868,False,62.09388713725252,113.87486719362911,4.4,3
1809,22f6af0f-09f3-4048-9e7e-37d8bea06c9d,2018-04-30,contact_331@example.com,26-35,Endurance,Zinc,0.2576238079343428,True,62.09388713725252,113.87486719362911,4.4,3
1810,ebb43c8c-6ded-4eb6-8a69-584de89e2d33,2018-01-31,hi_332@example.com,56-65,Memory,Vitamin C,0.47871971111830364,False,69.23917242112255,114.66022646513736,11.8,2
1811,ebb43c8c-6ded-4eb6-8a69-584de89e2d33,2018-02-28,hi_332@example.com,56-65,Endurance,Placebo,0.32877814496280083,False,92.07655811344506,114.01049709179074,5.8,1
1812,ebb43c8c-6ded-4eb6-8a69-584de89e2d33,2018-03-31,hi_332@example.com,56-65,Focus,Magnesium,0.4141684370591439,False,94.05956726586186,108.76097619788528,6.4,3
1813,ebb43c8c-6ded-4eb6-8a69-584de89e2d33,2018-03-31,hi_332@example.com,56-65,Recovery,Zinc,0.36141685868261364,True,94.05956726586186,108.76097619788528,6.4,3
1814,ebb43c8c-6ded-4eb6-8a69-584de89e2d33,2018-04-30,hi_332@example.com,56-65,Endurance,Zinc,0.4875872521287983,False,79.3226498077321,139.04898129380223,6.4,1
1815,ebb43c8c-6ded-4eb6-8a69-584de89e2d33,2018-04-30,hi_332@example.com,56-65,Strength,Placebo,0.31958985399445566,False,79.3226498077321,139.04898129380223,6.4,1
1816,6737b675-0971-4892-a1b1-0b29ae6ec676,2018-01-31,hi_333@example.com,46-55,Memory,Placebo,0.36213042855306105,False,76.64282681634745,121.26033971979874,5.8,4
1817,6737b675-0971-4892-a1b1-0b29ae6ec676,2018-01-31,hi_333@example.com,46-55,Sleep Quality,Vitamin C,0.2084881105707369,False,76.64282681634745,121.26033971979874,5.8,4
1818,6737b675-0971-4892-a1b1-0b29ae6ec676,2018-01-31,hi_333@example.com,46-55,Strength,Placebo,0.3968887342096842,False,76.64282681634745,121.26033971979874,5.8,4
1819,6737b675-0971-4892-a1b1-0b29ae6ec676,2018-02-28,hi_333@example.com,46-55,Endurance,Zinc,0.4562204595077863,False,99.11414774007127,124.38624718747649,4.0,2
1820,6737b675-0971-4892-a1b1-0b29ae6ec676,2018-02-28,hi_333@example.com,46-55,Recovery,Zinc,0.18526568095676327,False,99.11414774007127,124.38624718747649,4.0,2
1821,6737b675-0971-4892-a1b1-0b29ae6ec676,2018-02-28,hi_333@example.com,46-55,Memory,Vitamin C,0.39301313172041014,False,99.11414774007127,124.38624718747649,4.0,2
1822,6737b675-0971-4892-a1b1-0b29ae6ec676,2018-02-28,hi_333@example.com,46-55,Sleep Quality,Zinc,0.11537156745784584,False,99.11414774007127,124.38624718747649,4.0,2
1823,6737b675-0971-4892-a1b1-0b29ae6ec676,2018-03-31,hi_333@example.com,46-55,,No intake,,,68.02258638352279,131.0723970558572,9.8,1
1824,6737b675-0971-4892-a1b1-0b29ae6ec676,2018-04-30,hi_333@example.com,46-55,,No intake,,,68.61437131418434,85.09478339080944,11.7,3
1825,b8d10979-076d-450d-ae91-dc68645c00e7,2018-01-31,contact334@example.com,18-25,,No intake,,,71.67468708145599,75.86629113665425,5.8,1
1826,b8d10979-076d-450d-ae91-dc68645c00e7,2018-02-28,contact334@example.com,18-25,Focus,Zinc,0.436682306089179,False,66.91029273124349,103.8026105619019,9.3,1
1827,b8d10979-076d-450d-ae91-dc68645c00e7,2018-03-31,contact334@example.com,18-25,,No intake,,,75.17462392816746,105.98564869334912,9.9,4
1828,b8d10979-076d-450d-ae91-dc68645c00e7,2018-04-30,contact334@example.com,18-25,Endurance,Zinc,0.43274634802928197,False,96.43336907959016,128.04272459649422,10.8,2
1829,b8d10979-076d-450d-ae91-dc68645c00e7,2018-04-30,contact334@example.com,18-25,Recovery,Placebo,0.3242126421981985,False,96.43336907959016,128.04272459649422,10.8,2
1830,b8d10979-076d-450d-ae91-dc68645c00e7,2018-04-30,contact334@example.com,18-25,Endurance,Zinc,0.25900893164288635,False,96.43336907959016,128.04272459649422,10.8,2
1831,b8d10979-076d-450d-ae91-dc68645c00e7,2018-04-30,contact334@example.com,18-25,Endurance,Placebo,0.32817989394893776,False,96.43336907959016,128.04272459649422,10.8,2
1832,a801a583-4f21-46b7-afeb-5e3d6271e424,2018-01-31,hello335@example.com,18-25,Strength,Omega-3,0.46136009635720937,False,84.61391362514297,101.06485054976348,7.4,2
1833,a801a583-4f21-46b7-afeb-5e3d6271e424,2018-01-31,hello335@example.com,18-25,Recovery,Placebo,0.35146797067931723,False,84.61391362514297,101.06485054976348,7.4,2
1834,a801a583-4f21-46b7-afeb-5e3d6271e424,2018-01-31,hello335@example.com,18-25,Endurance,Magnesium,0.15580018858511746,True,84.61391362514297,101.06485054976348,7.4,2
1835,a801a583-4f21-46b7-afeb-5e3d6271e424,2018-02-28,hello335@example.com,18-25,Memory,Zinc,0.3521136157985372,False,76.47786194449054,109.95971178810188,6.4,1
1836,a801a583-4f21-46b7-afeb-5e3d6271e424,2018-02-28,hello335@example.com,18-25,Memory,Vitamin C,0.14386553185337675,False,76.47786194449054,109.95971178810188,6.4,1
1837,a801a583-4f21-46b7-afeb-5e3d6271e424,2018-02-28,hello335@example.com,18-25,Sleep Quality,Placebo,0.21491992001470592,False,76.47786194449054,109.95971178810188,6.4,1
1838,a801a583-4f21-46b7-afeb-5e3d6271e424,2018-03-31,hello335@example.com,18-25,Recovery,Vitamin C,0.11559656188199804,False,97.37643178284858,106.89496569594208,6.6,1
1839,a801a583-4f21-46b7-afeb-5e3d6271e424,2018-04-30,hello335@example.com,18-25,Sleep Quality,Placebo,0.113040708820579,False,61.93856929903289,72.67419486301738,9.7,4
1840,0506e2b9-fe57-4148-8aeb-46866f531c6e,2018-01-31,user336@email.com,36-45,,No intake,,,68.41104711607446,113.065042761784,10.5,1
1841,0506e2b9-fe57-4148-8aeb-46866f531c6e,2018-02-28,user336@email.com,36-45,Focus,Zinc,0.45694409011005677,True,82.63554420407036,127.96303000419766,5.5,4
1842,0506e2b9-fe57-4148-8aeb-46866f531c6e,2018-03-31,user336@email.com,36-45,Recovery,Vitamin C,0.45963558398423726,True,84.62210492772716,81.02503836530627,7.0,2
1843,0506e2b9-fe57-4148-8aeb-46866f531c6e,2018-04-30,user336@email.com,36-45,,No intake,,,61.582300262504525,111.6032213748617,11.2,2
1844,ba0f7577-95e7-4c27-be47-3b5c19830792,2018-01-31,contact_337@example.com,56-65,Recovery,Zinc,0.3583339407667585,False,76.1215503162853,111.552738111249,10.5,4
1845,ba0f7577-95e7-4c27-be47-3b5c19830792,2018-02-28,contact_337@example.com,56-65,Memory,Placebo,0.1551211950725071,False,85.96615859323491,81.49294748394512,11.9,1
1846,ba0f7577-95e7-4c27-be47-3b5c19830792,2018-03-31,contact_337@example.com,56-65,,No intake,,,87.92282185613607,78.64245016115152,10.0,2
1847,ba0f7577-95e7-4c27-be47-3b5c19830792,2018-04-30,contact_337@example.com,56-65,Focus,Zinc,0.2001597255462561,False,85.52559610065077,138.60363600835393,7.1,3
1848,36952087-63b8-4f19-ba0d-1b7183271d63,2018-01-31,hello338@example.com,36-45,Strength,Zinc,0.4828339269776875,True,72.82252897443698,97.56034187571262,8.7,4
1849,36952087-63b8-4f19-ba0d-1b7183271d63,2018-01-31,hello338@example.com,36-45,Recovery,Vitamin C,0.36268534720399076,False,72.82252897443698,97.56034187571262,8.7,4
1850,36952087-63b8-4f19-ba0d-1b7183271d63,2018-02-28,hello338@example.com,36-45,Sleep Quality,Zinc,0.456200994939165,False,63.74080494391638,85.91952101064705,9.3,2
1851,36952087-63b8-4f19-ba0d-1b7183271d63,2018-02-28,hello338@example.com,36-45,Focus,Omega-3,0.3505457377906632,False,63.74080494391638,85.91952101064705,9.3,2
1852,36952087-63b8-4f19-ba0d-1b7183271d63,2018-02-28,hello338@example.com,36-45,Endurance,Magnesium,0.30152774813141836,False,63.74080494391638,85.91952101064705,9.3,2
1853,36952087-63b8-4f19-ba0d-1b7183271d63,2018-03-31,hello338@example.com,36-45,,No intake,,,77.08449785677337,81.99271811180624,4.6,2
1854,36952087-63b8-4f19-ba0d-1b7183271d63,2018-04-30,hello338@example.com,36-45,Sleep Quality,Vitamin C,0.276352439047432,False,65.15017749472221,116.73211995082644,8.4,2
1855,36952087-63b8-4f19-ba0d-1b7183271d63,2018-04-30,hello338@example.com,36-45,Recovery,Zinc,0.16044407394591204,True,65.15017749472221,116.73211995082644,8.4,2
1856,9311b53b-0ee1-41ba-a227-ae0051679da2,2018-01-31,contact339@myemail.com,56-65,Endurance,Zinc,0.42208848388540243,False,97.90494634082668,112.66117081290952,9.7,3
1857,9311b53b-0ee1-41ba-a227-ae0051679da2,2018-01-31,contact339@myemail.com,56-65,Strength,Vitamin C,0.3806944041842317,True,97.90494634082668,112.66117081290952,9.7,3
1858,9311b53b-0ee1-41ba-a227-ae0051679da2,2018-02-28,contact339@myemail.com,56-65,,No intake,,,79.00683464090513,115.04864860911924,5.3,3
1859,9311b53b-0ee1-41ba-a227-ae0051679da2,2018-03-31,contact339@myemail.com,56-65,Sleep Quality,Zinc,0.27614367897047803,False,72.6903669742747,76.16042192580166,10.2,3
1860,9311b53b-0ee1-41ba-a227-ae0051679da2,2018-04-30,contact339@myemail.com,56-65,Memory,Vitamin C,0.4046705141784994,False,90.652162844756,132.54742084489058,8.7,1
1861,cf17811b-cfa7-4b51-b2f1-503563fa39fb,2018-01-31,user340@example.com,56-65,,No intake,,,79.91794370329055,97.24864777663338,11.6,4
1862,cf17811b-cfa7-4b51-b2f1-503563fa39fb,2018-02-28,user340@example.com,56-65,,No intake,,,72.40136096049801,91.93585845012504,4.3,1
1863,cf17811b-cfa7-4b51-b2f1-503563fa39fb,2018-03-31,user340@example.com,56-65,Memory,Magnesium,0.24988174798687585,False,92.47870969563206,102.36530130734177,6.1,3
1864,cf17811b-cfa7-4b51-b2f1-503563fa39fb,2018-03-31,user340@example.com,56-65,Focus,Magnesium,0.14137844667717397,False,92.47870969563206,102.36530130734177,6.1,3
1865,cf17811b-cfa7-4b51-b2f1-503563fa39fb,2018-03-31,user340@example.com,56-65,Focus,Vitamin C,0.25160887818650784,True,92.47870969563206,102.36530130734177,6.1,3
1866,cf17811b-cfa7-4b51-b2f1-503563fa39fb,2018-04-30,user340@example.com,56-65,Recovery,Magnesium,0.1960982230079954,False,94.68608604004488,97.30462460233396,8.8,4
1867,a50e9d79-6bfa-4985-9d8f-9c9ee905b1e4,2018-01-31,user341@myemail.com,26-35,Sleep Quality,Omega-3,0.2542192005361612,False,86.92032665154707,130.4503902197402,6.4,1
1868,a50e9d79-6bfa-4985-9d8f-9c9ee905b1e4,2018-02-28,user341@myemail.com,26-35,,No intake,,,61.87857689630669,135.04826826385244,9.7,1
1869,a50e9d79-6bfa-4985-9d8f-9c9ee905b1e4,2018-03-31,user341@myemail.com,26-35,Strength,Placebo,0.17603416503993793,False,82.65291520666128,91.24172515147244,10.1,1
1870,a50e9d79-6bfa-4985-9d8f-9c9ee905b1e4,2018-04-30,user341@myemail.com,26-35,Endurance,Omega-3,0.1309258747530618,False,90.53179647989126,130.47550652219684,4.8,3
1871,a50e9d79-6bfa-4985-9d8f-9c9ee905b1e4,2018-04-30,user341@myemail.com,26-35,Endurance,Placebo,0.21935636874795228,False,90.53179647989126,130.47550652219684,4.8,3
1872,f7d8b339-06ee-4881-9d73-d0d69819a856,2018-01-31,contact_342@example.com,36-45,Recovery,Zinc,0.4743503877624398,False,65.46012048334329,124.7066190673147,8.1,2
1873,f7d8b339-06ee-4881-9d73-d0d69819a856,2018-01-31,contact_342@example.com,36-45,Strength,Magnesium,0.21806241552873545,True,65.46012048334329,124.7066190673147,8.1,2
1874,f7d8b339-06ee-4881-9d73-d0d69819a856,2018-02-28,contact_342@example.com,36-45,Sleep Quality,Vitamin C,0.34352083699939845,False,69.14683005538413,135.15653706413332,8.1,4
1875,f7d8b339-06ee-4881-9d73-d0d69819a856,2018-03-31,contact_342@example.com,36-45,Focus,Zinc,0.3961858603778921,True,95.29980420272544,87.20252185301214,7.0,3
1876,f7d8b339-06ee-4881-9d73-d0d69819a856,2018-03-31,contact_342@example.com,36-45,Endurance,Omega-3,0.13149334730539267,False,95.29980420272544,87.20252185301214,7.0,3
1877,f7d8b339-06ee-4881-9d73-d0d69819a856,2018-03-31,contact_342@example.com,36-45,Sleep Quality,Placebo,0.36503330574957954,True,95.29980420272544,87.20252185301214,7.0,3
1878,f7d8b339-06ee-4881-9d73-d0d69819a856,2018-04-30,contact_342@example.com,36-45,Sleep Quality,Zinc,0.19003666583787207,False,60.80486887412296,110.38714050846852,11.5,4
1879,f7d8b339-06ee-4881-9d73-d0d69819a856,2018-04-30,contact_342@example.com,36-45,Sleep Quality,Placebo,0.1440232801750486,False,60.80486887412296,110.38714050846852,11.5,4
1880,f7d8b339-06ee-4881-9d73-d0d69819a856,2018-04-30,contact_342@example.com,36-45,Recovery,Placebo,0.15320160839506314,False,60.80486887412296,110.38714050846852,11.5,4
1881,67dfc7e0-b8d6-43a3-9703-4699fed829ea,2018-01-31,hi_343@email.com,26-35,Recovery,Vitamin C,0.4678486810564035,False,90.10908551303903,89.21812093183112,10.6,3
1882,67dfc7e0-b8d6-43a3-9703-4699fed829ea,2018-02-28,hi_343@email.com,26-35,,No intake,,,78.95093170057692,127.6866143339062,9.6,1
1883,67dfc7e0-b8d6-43a3-9703-4699fed829ea,2018-03-31,hi_343@email.com,26-35,Endurance,Placebo,0.23482854483623328,False,77.87088635358427,70.3726933399745,9.7,1
1884,67dfc7e0-b8d6-43a3-9703-4699fed829ea,2018-03-31,hi_343@email.com,26-35,Memory,Omega-3,0.4283374654314754,False,77.87088635358427,70.3726933399745,9.7,1
1885,67dfc7e0-b8d6-43a3-9703-4699fed829ea,2018-04-30,hi_343@email.com,26-35,Focus,Zinc,0.4567166845932632,False,60.28386129979549,109.53734140204772,7.7,2
1886,3e87d5ac-6d96-4640-b5cd-a20f9a2715ac,2018-01-31,hi_344@myemail.com,56-65,Strength,Zinc,0.4298462957183118,True,92.77592923865971,93.74424018903426,11.4,2
1887,3e87d5ac-6d96-4640-b5cd-a20f9a2715ac,2018-01-31,hi_344@myemail.com,56-65,Strength,Magnesium,0.29124277844799873,False,92.77592923865971,93.74424018903426,11.4,2
1888,3e87d5ac-6d96-4640-b5cd-a20f9a2715ac,2018-02-28,hi_344@myemail.com,56-65,,No intake,,,74.39299602546265,92.58785949544742,9.6,4
1889,3e87d5ac-6d96-4640-b5cd-a20f9a2715ac,2018-03-31,hi_344@myemail.com,56-65,Memory,Vitamin C,0.2710509886749554,False,81.63062525202172,115.1434426705442,9.8,2
1890,3e87d5ac-6d96-4640-b5cd-a20f9a2715ac,2018-04-30,hi_344@myemail.com,56-65,,No intake,,,87.09202745342637,129.60391145197957,10.9,2
1891,d3a4e02a-95df-4a85-b3d0-f37823f5e51c,2018-01-31,user_345@myemail.com,26-35,Memory,Zinc,0.11502915433784407,False,88.10518305751663,112.64367739753284,6.2,4
1892,d3a4e02a-95df-4a85-b3d0-f37823f5e51c,2018-01-31,user_345@myemail.com,26-35,Recovery,Magnesium,0.46893023128837313,False,88.10518305751663,112.64367739753284,6.2,4
1893,d3a4e02a-95df-4a85-b3d0-f37823f5e51c,2018-01-31,user_345@myemail.com,26-35,Focus,Omega-3,0.4960348982531084,False,88.10518305751663,112.64367739753284,6.2,4
1894,d3a4e02a-95df-4a85-b3d0-f37823f5e51c,2018-02-28,user_345@myemail.com,26-35,,No intake,,,98.23920235304288,129.72210850527057,10.5,3
1895,d3a4e02a-95df-4a85-b3d0-f37823f5e51c,2018-03-31,user_345@myemail.com,26-35,,No intake,,,81.25359812946436,88.5217978316721,5.6,2
1896,d3a4e02a-95df-4a85-b3d0-f37823f5e51c,2018-04-30,user_345@myemail.com,26-35,Recovery,Magnesium,0.1557861854660726,False,75.9887820389771,106.36512983354868,6.8,3
1897,fb2ed336-4ca1-4668-bcaa-1cf8e58f9b7c,2018-01-31,hello_346@example.com,Unknown,Focus,Magnesium,0.33378696722335,False,98.14814505966832,101.53755773469533,6.7,1
1898,fb2ed336-4ca1-4668-bcaa-1cf8e58f9b7c,2018-01-31,hello_346@example.com,Unknown,Endurance,Placebo,0.33617867530479045,False,98.14814505966832,101.53755773469533,6.7,1
1899,fb2ed336-4ca1-4668-bcaa-1cf8e58f9b7c,2018-02-28,hello_346@example.com,Unknown,Strength,Magnesium,0.34307102459548955,False,85.68440940102084,70.81514296521674,11.8,2
1900,fb2ed336-4ca1-4668-bcaa-1cf8e58f9b7c,2018-03-31,hello_346@example.com,Unknown,,No intake,,,71.92601425106223,108.9768500198518,10.9,1
1901,fb2ed336-4ca1-4668-bcaa-1cf8e58f9b7c,2018-04-30,hello_346@example.com,Unknown,,No intake,,,65.05856981614285,116.30670269023224,9.6,1
1902,653bb30e-5e12-4191-a5f7-16163c10a36d,2018-01-31,hi347@myemail.com,46-55,,No intake,,,93.70218005860724,111.4340083093349,9.8,3
1903,653bb30e-5e12-4191-a5f7-16163c10a36d,2018-02-28,hi347@myemail.com,46-55,Focus,Omega-3,0.28201304764879775,False,74.48726411176607,121.5395929148395,8.5,4
1904,653bb30e-5e12-4191-a5f7-16163c10a36d,2018-03-31,hi347@myemail.com,46-55,Strength,Vitamin C,0.4409292699102061,True,86.41878885457724,109.9937669917154,11.6,2
1905,653bb30e-5e12-4191-a5f7-16163c10a36d,2018-03-31,hi347@myemail.com,46-55,Focus,Magnesium,0.3684360697983675,True,86.41878885457724,109.9937669917154,11.6,2
1906,653bb30e-5e12-4191-a5f7-16163c10a36d,2018-04-30,hi347@myemail.com,46-55,Focus,Placebo,0.10354651125344937,False,78.83265677463592,74.67251783955298,8.0,3
1907,653bb30e-5e12-4191-a5f7-16163c10a36d,2018-04-30,hi347@myemail.com,46-55,Recovery,Zinc,0.20870747906951906,False,78.83265677463592,74.67251783955298,8.0,3
1908,5c884231-5198-400a-803e-2c93b3d4ab6a,2018-01-31,contact_348@example.com,56-65,Endurance,Omega-3,0.31008730065236023,False,67.95719119180153,78.1511866859298,7.0,4
1909,5c884231-5198-400a-803e-2c93b3d4ab6a,2018-01-31,contact_348@example.com,56-65,Strength,Vitamin C,0.1964441790740874,False,67.95719119180153,78.1511866859298,7.0,4
1910,5c884231-5198-400a-803e-2c93b3d4ab6a,2018-02-28,contact_348@example.com,56-65,,No intake,,,84.0674643448186,111.75322042807667,5.3,1
1911,5c884231-5198-400a-803e-2c93b3d4ab6a,2018-03-31,contact_348@example.com,56-65,Recovery,Zinc,0.13256390601076976,False,62.427322758027294,89.24854343815481,10.3,2
1912,5c884231-5198-400a-803e-2c93b3d4ab6a,2018-04-30,contact_348@example.com,56-65,Memory,Omega-3,0.31424379982666145,False,76.53369839484769,75.5751590324336,9.9,1
1913,9b25d7cc-91e9-4362-b6b0-62e4cb10091e,2018-01-31,contact_349@myemail.com,56-65,Sleep Quality,Placebo,0.2842373747082089,False,81.86459758654684,100.07219204139828,7.1,1
1914,9b25d7cc-91e9-4362-b6b0-62e4cb10091e,2018-02-28,contact_349@myemail.com,56-65,Endurance,Vitamin C,0.4699489021733641,False,77.44187896474315,108.80258186585588,4.2,2
1915,9b25d7cc-91e9-4362-b6b0-62e4cb10091e,2018-02-28,contact_349@myemail.com,56-65,Sleep Quality,Magnesium,0.3607650426931808,True,77.44187896474315,108.80258186585588,4.2,2
1916,9b25d7cc-91e9-4362-b6b0-62e4cb10091e,2018-03-31,contact_349@myemail.com,56-65,,No intake,,,89.94688701003963,93.01221918447246,10.7,4
1917,9b25d7cc-91e9-4362-b6b0-62e4cb10091e,2018-04-30,contact_349@myemail.com,56-65,Endurance,Placebo,0.2874040199679298,False,93.1169981818125,120.43035915580448,4.1,4
1918,f0c4b1c9-6aa1-481f-9456-70705d22b3f0,2018-01-31,hi350@example.com,56-65,,No intake,,,90.84972296132712,115.06394256708712,9.6,2
1919,f0c4b1c9-6aa1-481f-9456-70705d22b3f0,2018-02-28,hi350@example.com,56-65,,No intake,,,61.55251791247208,93.29728527641704,11.8,2
1920,f0c4b1c9-6aa1-481f-9456-70705d22b3f0,2018-03-31,hi350@example.com,56-65,Recovery,Zinc,0.44372423169310893,False,67.76515081783889,122.84107702359924,7.5,3
1921,f0c4b1c9-6aa1-481f-9456-70705d22b3f0,2018-04-30,hi350@example.com,56-65,,No intake,,,81.46430037055097,115.40865297731249,5.9,3
1922,4835cc58-6e98-472a-8f9d-28dd47fa4879,2018-01-31,hi_351@example.com,26-35,Focus,Magnesium,0.14578582638981766,False,97.39288161775204,114.62117651025316,9.6,1
1923,4835cc58-6e98-472a-8f9d-28dd47fa4879,2018-02-28,hi_351@example.com,26-35,Sleep Quality,Placebo,0.11374728236053921,False,93.39827100208468,108.73993905509477,10.5,2
1924,4835cc58-6e98-472a-8f9d-28dd47fa4879,2018-02-28,hi_351@example.com,26-35,Recovery,Vitamin C,0.19172849651507531,False,93.39827100208468,108.73993905509477,10.5,2
1925,4835cc58-6e98-472a-8f9d-28dd47fa4879,2018-03-31,hi_351@example.com,26-35,Recovery,Placebo,0.41293856323255645,True,93.70138033407208,70.79727676619869,8.4,4
1926,4835cc58-6e98-472a-8f9d-28dd47fa4879,2018-03-31,hi_351@example.com,26-35,Focus,Vitamin C,0.16414938604207727,False,93.70138033407208,70.79727676619869,8.4,4
1927,4835cc58-6e98-472a-8f9d-28dd47fa4879,2018-03-31,hi_351@example.com,26-35,Recovery,Placebo,0.3212292429468862,False,93.70138033407208,70.79727676619869,8.4,4
1928,4835cc58-6e98-472a-8f9d-28dd47fa4879,2018-04-30,hi_351@example.com,26-35,Memory,Zinc,0.21101559445758747,True,72.128327750387,118.75550284338225,11.7,1
1929,319b2ad3-0a7f-46ab-8cf3-c94c0e85bae4,2018-01-31,hi_352@example.com,56-65,Recovery,Omega-3,0.4929580214491075,True,77.1779158831481,96.32292537764096,4.4,1
1930,319b2ad3-0a7f-46ab-8cf3-c94c0e85bae4,2018-01-31,hi_352@example.com,56-65,Recovery,Vitamin C,0.29667511441350847,True,77.1779158831481,96.32292537764096,4.4,1
1931,319b2ad3-0a7f-46ab-8cf3-c94c0e85bae4,2018-01-31,hi_352@example.com,56-65,Recovery,Zinc,0.34424749207854155,False,77.1779158831481,96.32292537764096,4.4,1
1932,319b2ad3-0a7f-46ab-8cf3-c94c0e85bae4,2018-01-31,hi_352@example.com,56-65,Focus,Placebo,0.1260687983588828,False,77.1779158831481,96.32292537764096,4.4,1
1933,319b2ad3-0a7f-46ab-8cf3-c94c0e85bae4,2018-02-28,hi_352@example.com,56-65,Focus,Vitamin C,0.16033177506441146,False,78.8282378926375,135.9826797111059,8.0,1
1934,319b2ad3-0a7f-46ab-8cf3-c94c0e85bae4,2018-02-28,hi_352@example.com,56-65,Focus,Zinc,0.19978050678097292,True,78.8282378926375,135.9826797111059,8.0,1
1935,319b2ad3-0a7f-46ab-8cf3-c94c0e85bae4,2018-03-31,hi_352@example.com,56-65,Endurance,Magnesium,0.3059895139928421,False,66.29486333399642,127.25893397540436,9.7,1
1936,319b2ad3-0a7f-46ab-8cf3-c94c0e85bae4,2018-03-31,hi_352@example.com,56-65,Recovery,Magnesium,0.18932601890960207,False,66.29486333399642,127.25893397540436,9.7,1
1937,319b2ad3-0a7f-46ab-8cf3-c94c0e85bae4,2018-04-30,hi_352@example.com,56-65,Sleep Quality,Vitamin C,0.1088663023562447,False,61.24272520977825,111.13861286719184,10.9,4
1938,65dcb543-d399-4e6b-9fc3-b5f980fde639,2018-01-31,hi353@email.com,Unknown,Strength,Omega-3,0.28764118998059596,False,97.87611597842069,87.65273872734886,5.4,1
1939,65dcb543-d399-4e6b-9fc3-b5f980fde639,2018-02-28,hi353@email.com,Unknown,Endurance,Omega-3,0.263364315139277,False,69.62850342654028,84.26021752943666,10.4,2
1940,65dcb543-d399-4e6b-9fc3-b5f980fde639,2018-03-31,hi353@email.com,Unknown,Endurance,Zinc,0.4172049595077594,True,69.59795614894526,93.82693863742844,8.4,3
1941,65dcb543-d399-4e6b-9fc3-b5f980fde639,2018-03-31,hi353@email.com,Unknown,Endurance,Vitamin C,0.21101151679401142,False,69.59795614894526,93.82693863742844,8.4,3
1942,65dcb543-d399-4e6b-9fc3-b5f980fde639,2018-04-30,hi353@email.com,Unknown,Recovery,Vitamin C,0.2305987790065594,True,63.33516215075038,103.3597560506013,7.2,4
1943,b087f878-482e-4f22-b214-1b756b492f61,2018-01-31,user_354@myemail.com,56-65,Focus,Placebo,0.26560042067253326,False,97.14031007775114,90.7245857027263,5.1,2
1944,b087f878-482e-4f22-b214-1b756b492f61,2018-02-28,user_354@myemail.com,56-65,,No intake,,,83.18948459759088,106.0450646774738,10.9,2
1945,b087f878-482e-4f22-b214-1b756b492f61,2018-03-31,user_354@myemail.com,56-65,,No intake,,,86.68147428501416,81.57592978592301,5.3,2
1946,b087f878-482e-4f22-b214-1b756b492f61,2018-04-30,user_354@myemail.com,56-65,Endurance,Magnesium,0.21282410035382335,False,96.4630754905221,138.439896897785,6.5,3
1947,7b2c470d-9809-40ec-b95b-b75bc73f7295,2018-01-31,hello355@myemail.com,18-25,Endurance,Placebo,0.28503327465977885,False,73.82480675603158,77.55471884754957,6.3,3
1948,7b2c470d-9809-40ec-b95b-b75bc73f7295,2018-02-28,hello355@myemail.com,18-25,Focus,Omega-3,0.3203581503078279,True,84.86029244552336,135.23608977580605,11.0,3
1949,7b2c470d-9809-40ec-b95b-b75bc73f7295,2018-03-31,hello355@myemail.com,18-25,,No intake,,,61.5519781891555,133.95046079818866,9.4,2
1950,7b2c470d-9809-40ec-b95b-b75bc73f7295,2018-04-30,hello355@myemail.com,18-25,,No intake,,,67.47090112924518,106.77523372736486,10.4,3
1951,a49a9985-b1e4-4557-9bc7-9a00ea906ebc,2018-01-31,user_356@example.com,18-25,,No intake,,,93.24983220359768,120.7437190285259,6.0,1
1952,a49a9985-b1e4-4557-9bc7-9a00ea906ebc,2018-02-28,user_356@example.com,18-25,Sleep Quality,Placebo,0.15134895941302665,False,90.67073425353342,100.52338085808114,9.0,3
1953,a49a9985-b1e4-4557-9bc7-9a00ea906ebc,2018-03-31,user_356@example.com,18-25,,No intake,,,74.02570765828588,114.10242042797069,8.6,4
1954,a49a9985-b1e4-4557-9bc7-9a00ea906ebc,2018-04-30,user_356@example.com,18-25,Focus,Vitamin C,0.2864564591831256,True,75.0724251109685,93.8403156194783,10.7,2
1955,a49a9985-b1e4-4557-9bc7-9a00ea906ebc,2018-04-30,user_356@example.com,18-25,Focus,Magnesium,0.4921836683418309,False,75.0724251109685,93.8403156194783,10.7,2
1956,cda3f996-32a0-4ec9-b02a-03e785536118,2018-01-31,contact357@myemail.com,46-55,Strength,Vitamin C,0.3374783915263423,False,81.34217734214317,91.08113138498118,11.2,2
1957,cda3f996-32a0-4ec9-b02a-03e785536118,2018-01-31,contact357@myemail.com,46-55,Focus,Zinc,0.42287462724689157,False,81.34217734214317,91.08113138498118,11.2,2
1958,cda3f996-32a0-4ec9-b02a-03e785536118,2018-02-28,contact357@myemail.com,46-55,Strength,Vitamin C,0.37853838243811233,False,60.00964018740538,110.47608503186596,4.1,1
1959,cda3f996-32a0-4ec9-b02a-03e785536118,2018-02-28,contact357@myemail.com,46-55,Focus,Zinc,0.4444220364870366,False,60.00964018740538,110.47608503186596,4.1,1
1960,cda3f996-32a0-4ec9-b02a-03e785536118,2018-03-31,contact357@myemail.com,46-55,Memory,Omega-3,0.37526684701956753,False,69.64977344152112,104.86907719287862,9.4,3
1961,cda3f996-32a0-4ec9-b02a-03e785536118,2018-03-31,contact357@myemail.com,46-55,Memory,Zinc,0.2494088414718248,False,69.64977344152112,104.86907719287862,9.4,3
1962,cda3f996-32a0-4ec9-b02a-03e785536118,2018-04-30,contact357@myemail.com,46-55,Focus,Vitamin C,0.10286977534018152,True,68.32927234432857,110.56754584049868,4.4,3
1963,48156d1c-22a4-4172-9181-2cf4b3121095,2018-01-31,hi358@myemail.com,18-25,Endurance,Placebo,0.2720914013608328,True,70.01931786999054,90.0662406900916,8.4,4
1964,48156d1c-22a4-4172-9181-2cf4b3121095,2018-02-28,hi358@myemail.com,18-25,,No intake,,,92.23623370133764,95.68704822718966,6.3,1
1965,48156d1c-22a4-4172-9181-2cf4b3121095,2018-03-31,hi358@myemail.com,18-25,,No intake,,,71.18695426185772,75.87285724402365,6.5,4
1966,48156d1c-22a4-4172-9181-2cf4b3121095,2018-04-30,hi358@myemail.com,18-25,Recovery,Vitamin C,0.37025110707948017,False,67.66085288200593,73.6593460590544,6.8,4
1967,58bfc4d3-0b39-4b17-8b46-ff414e4c4541,2018-01-31,contact359@email.com,56-65,,No intake,,,80.17053843172127,87.74199907711113,9.0,2
1968,58bfc4d3-0b39-4b17-8b46-ff414e4c4541,2018-02-28,contact359@email.com,56-65,,No intake,,,94.62580145490928,75.19728015313821,6.7,2
1969,58bfc4d3-0b39-4b17-8b46-ff414e4c4541,2018-03-31,contact359@email.com,56-65,Recovery,Vitamin C,0.2729922921672484,False,69.6539881535,77.26422960443185,9.9,3
1970,58bfc4d3-0b39-4b17-8b46-ff414e4c4541,2018-03-31,contact359@email.com,56-65,Strength,Placebo,0.16842403701334063,False,69.6539881535,77.26422960443185,9.9,3
1971,58bfc4d3-0b39-4b17-8b46-ff414e4c4541,2018-03-31,contact359@email.com,56-65,Memory,Zinc,0.3552438084815799,False,69.6539881535,77.26422960443185,9.9,3
1972,58bfc4d3-0b39-4b17-8b46-ff414e4c4541,2018-04-30,contact359@email.com,56-65,,No intake,,,63.14144971171195,126.9049883775756,7.2,3
1973,5d4f280e-be2b-4fc9-9b4a-91f505404285,2018-01-31,hi_360@example.com,Unknown,Focus,Placebo,0.4172246883614191,False,74.25618943398659,72.72115879116825,4.5,4
1974,5d4f280e-be2b-4fc9-9b4a-91f505404285,2018-01-31,hi_360@example.com,Unknown,Sleep Quality,Magnesium,0.2820733389337047,False,74.25618943398659,72.72115879116825,4.5,4
1975,5d4f280e-be2b-4fc9-9b4a-91f505404285,2018-02-28,hi_360@example.com,Unknown,Sleep Quality,Zinc,0.2833620212122115,True,89.90607298259911,116.125995575432,10.3,3
1976,5d4f280e-be2b-4fc9-9b4a-91f505404285,2018-02-28,hi_360@example.com,Unknown,Memory,Placebo,0.22621898945796606,False,89.90607298259911,116.125995575432,10.3,3
1977,5d4f280e-be2b-4fc9-9b4a-91f505404285,2018-03-31,hi_360@example.com,Unknown,Strength,Omega-3,0.20090376419502842,False,82.02762178779179,89.07904241707803,6.3,4
1978,5d4f280e-be2b-4fc9-9b4a-91f505404285,2018-04-30,hi_360@example.com,Unknown,Recovery,Placebo,0.20769327142972646,True,92.6717347829739,131.00819764956884,7.5,3
1979,5d4f280e-be2b-4fc9-9b4a-91f505404285,2018-04-30,hi_360@example.com,Unknown,Endurance,Zinc,0.20747001834595982,False,92.6717347829739,131.00819764956884,7.5,3
1980,965e4772-7814-4050-b449-57e618422819,2018-01-31,user_361@email.com,Unknown,Sleep Quality,Vitamin C,0.3405706340899203,True,98.38368590436936,103.94945992042496,9.5,3
1981,965e4772-7814-4050-b449-57e618422819,2018-01-31,user_361@email.com,Unknown,Focus,Magnesium,0.1845889125223517,False,98.38368590436936,103.94945992042496,9.5,3
1982,965e4772-7814-4050-b449-57e618422819,2018-01-31,user_361@email.com,Unknown,Recovery,Magnesium,0.2442812811624128,False,98.38368590436936,103.94945992042496,9.5,3
1983,965e4772-7814-4050-b449-57e618422819,2018-02-28,user_361@email.com,Unknown,,No intake,,,91.70649907006468,91.3903521529478,6.7,2
1984,965e4772-7814-4050-b449-57e618422819,2018-03-31,user_361@email.com,Unknown,,No intake,,,84.15212315375014,106.23472549826042,4.5,2
1985,965e4772-7814-4050-b449-57e618422819,2018-04-30,user_361@email.com,Unknown,Sleep Quality,Vitamin C,0.10683740804814217,True,79.73366352209521,96.7370613331688,7.0,2
1986,965e4772-7814-4050-b449-57e618422819,2018-04-30,user_361@email.com,Unknown,Focus,Zinc,0.16642577776077622,False,79.73366352209521,96.7370613331688,7.0,2
1987,8e9f5c8d-8559-424e-9a1f-80db193794ba,2018-01-31,contact_362@example.com,46-55,,No intake,,,61.60276345393066,109.50107452688812,11.6,2
1988,8e9f5c8d-8559-424e-9a1f-80db193794ba,2018-02-28,contact_362@example.com,46-55,,No intake,,,99.37287915256164,78.01730078284437,9.1,1
1989,8e9f5c8d-8559-424e-9a1f-80db193794ba,2018-03-31,contact_362@example.com,46-55,Focus,Vitamin C,0.2707163880698078,False,75.3392449030017,139.7893351968786,9.4,2
1990,8e9f5c8d-8559-424e-9a1f-80db193794ba,2018-04-30,contact_362@example.com,46-55,Strength,Vitamin C,0.2971503588541198,False,66.08912855667467,99.78891143877024,9.1,1
1991,0a3d4cd6-b313-46a6-83de-159f8ed85887,2018-01-31,hi363@email.com,26-35,Recovery,Vitamin C,0.18686580638257688,False,86.66835421585827,94.3761447795158,5.6,2
1992,0a3d4cd6-b313-46a6-83de-159f8ed85887,2018-02-28,hi363@email.com,26-35,Memory,Omega-3,0.41806330108617284,False,71.37153156381837,119.71468938213854,7.3,3
1993,0a3d4cd6-b313-46a6-83de-159f8ed85887,2018-03-31,hi363@email.com,26-35,Memory,Vitamin C,0.1779476328869603,True,83.43113083724191,95.47295845467328,10.0,4
1994,0a3d4cd6-b313-46a6-83de-159f8ed85887,2018-04-30,hi363@email.com,26-35,,No intake,,,83.47071631378364,128.32920135201303,4.8,3
1995,dc6a7453-8aba-48fe-92bb-c8503e2f04b5,2018-01-31,hi_364@email.com,Over 65,Strength,Zinc,0.20464811091626955,False,77.82919283611477,101.79895070522976,6.2,3
1996,dc6a7453-8aba-48fe-92bb-c8503e2f04b5,2018-02-28,hi_364@email.com,Over 65,,No intake,,,93.4447446218017,120.36908892858044,6.2,1
1997,dc6a7453-8aba-48fe-92bb-c8503e2f04b5,2018-03-31,hi_364@email.com,Over 65,,No intake,,,70.59868246221772,77.52172515093206,7.5,2
1998,dc6a7453-8aba-48fe-92bb-c8503e2f04b5,2018-04-30,hi_364@email.com,Over 65,,No intake,,,77.94530366470937,129.22834298885783,11.8,4
1999,2a339880-09d0-491c-a9e6-e8d45b3f6f19,2018-01-31,hi365@email.com,46-55,,No intake,,,81.50768514363887,121.50025907446768,4.5,4
2000,2a339880-09d0-491c-a9e6-e8d45b3f6f19,2018-02-28,hi365@email.com,46-55,Memory,Omega-3,0.377384631625267,False,86.54498883069198,84.8201744923376,8.1,2
2001,2a339880-09d0-491c-a9e6-e8d45b3f6f19,2018-02-28,hi365@email.com,46-55,Endurance,Placebo,0.11402851179141299,False,86.54498883069198,84.8201744923376,8.1,2
2002,2a339880-09d0-491c-a9e6-e8d45b3f6f19,2018-03-31,hi365@email.com,46-55,Endurance,Omega-3,0.13228932183316577,False,91.35887402022358,80.17002068220506,5.4,1
2003,2a339880-09d0-491c-a9e6-e8d45b3f6f19,2018-04-30,hi365@email.com,46-55,Sleep Quality,Vitamin C,0.25258762559753306,False,75.79229131513024,92.14046441079373,11.8,1
2004,37ec12e8-1cd4-4563-b8c1-c3912688f506,2018-01-31,user366@email.com,Unknown,,No intake,,,85.84187776386383,138.3249410222333,4.9,1
2005,37ec12e8-1cd4-4563-b8c1-c3912688f506,2018-02-28,user366@email.com,Unknown,Sleep Quality,Magnesium,0.4692003357559533,False,66.02443812274076,87.9782102196941,7.2,4
2006,37ec12e8-1cd4-4563-b8c1-c3912688f506,2018-03-31,user366@email.com,Unknown,Sleep Quality,Magnesium,0.44417226723541703,False,97.30592402169914,101.92890462626433,9.9,1
2007,37ec12e8-1cd4-4563-b8c1-c3912688f506,2018-04-30,user366@email.com,Unknown,Sleep Quality,Placebo,0.24251868622074269,False,75.32235225684013,72.10141580021354,9.6,1
2008,37ec12e8-1cd4-4563-b8c1-c3912688f506,2018-04-30,user366@email.com,Unknown,Sleep Quality,Magnesium,0.4675984652316242,False,75.32235225684013,72.10141580021354,9.6,1
2009,a578bd64-d50b-4890-90ae-d6f4bc746880,2018-01-31,contact367@email.com,56-65,,No intake,,,89.18085687905753,97.80592706963628,7.4,4
2010,a578bd64-d50b-4890-90ae-d6f4bc746880,2018-02-28,contact367@email.com,56-65,,No intake,,,60.81364327528711,109.9924010803172,6.8,4
2011,a578bd64-d50b-4890-90ae-d6f4bc746880,2018-03-31,contact367@email.com,56-65,,No intake,,,68.20748571619228,136.71872287555755,7.2,3
2012,a578bd64-d50b-4890-90ae-d6f4bc746880,2018-04-30,contact367@email.com,56-65,Focus,Vitamin C,0.36145457796402003,False,79.48330177294312,106.17152314580451,6.1,4
2013,a578bd64-d50b-4890-90ae-d6f4bc746880,2018-04-30,contact367@email.com,56-65,Sleep Quality,Magnesium,0.24940816729614457,True,79.48330177294312,106.17152314580451,6.1,4
2014,52adc96e-97ad-44b0-97e7-61265fc88428,2018-01-31,user_368@example.com,56-65,Memory,Placebo,0.3904903167481108,False,95.13009870929386,127.33751283243814,5.6,2
2015,52adc96e-97ad-44b0-97e7-61265fc88428,2018-02-28,user_368@example.com,56-65,,No intake,,,81.09020599802709,108.29893497982304,7.9,4
2016,52adc96e-97ad-44b0-97e7-61265fc88428,2018-03-31,user_368@example.com,56-65,Focus,Magnesium,0.3352219063387262,False,97.19481929175517,72.85495094048626,6.1,4
2017,52adc96e-97ad-44b0-97e7-61265fc88428,2018-03-31,user_368@example.com,56-65,Focus,Zinc,0.3957060602903391,False,97.19481929175517,72.85495094048626,6.1,4
2018,52adc96e-97ad-44b0-97e7-61265fc88428,2018-04-30,user_368@example.com,56-65,,No intake,,,79.35187586331185,92.05057926328418,6.3,1
2019,a7bddd91-dbfd-418b-92a3-35879412ee6d,2018-01-31,hi369@example.com,Unknown,,No intake,,,79.617963869438,110.28846554817724,9.3,3
2020,a7bddd91-dbfd-418b-92a3-35879412ee6d,2018-02-28,hi369@example.com,Unknown,Focus,Zinc,0.18217369992587398,True,64.78987154002128,136.5415776151787,11.7,1
2021,a7bddd91-dbfd-418b-92a3-35879412ee6d,2018-02-28,hi369@example.com,Unknown,Recovery,Vitamin C,0.20719800982544373,False,64.78987154002128,136.5415776151787,11.7,1
2022,a7bddd91-dbfd-418b-92a3-35879412ee6d,2018-03-31,hi369@example.com,Unknown,Recovery,Vitamin C,0.3824926816937832,False,92.1062497660888,130.13912518258633,8.8,3
2023,a7bddd91-dbfd-418b-92a3-35879412ee6d,2018-03-31,hi369@example.com,Unknown,Sleep Quality,Placebo,0.43483980071556094,True,92.1062497660888,130.13912518258633,8.8,3
2024,a7bddd91-dbfd-418b-92a3-35879412ee6d,2018-03-31,hi369@example.com,Unknown,Strength,Placebo,0.311149683155825,False,92.1062497660888,130.13912518258633,8.8,3
2025,a7bddd91-dbfd-418b-92a3-35879412ee6d,2018-04-30,hi369@example.com,Unknown,,No intake,,,69.8786164986825,85.98489299251933,4.6,1
2026,8310983c-e0ee-44e9-8906-49f113876321,2018-01-31,hello370@myemail.com,26-35,Focus,Placebo,0.4407529959439383,True,95.9844995748926,85.40768810134145,4.6,2
2027,8310983c-e0ee-44e9-8906-49f113876321,2018-02-28,hello370@myemail.com,26-35,Strength,Magnesium,0.4916340189506352,False,96.43296881321584,84.08210769797306,11.6,1
2028,8310983c-e0ee-44e9-8906-49f113876321,2018-03-31,hello370@myemail.com,26-35,Focus,Placebo,0.11033946553602939,False,97.732404474966,134.5749227411752,6.4,1
2029,8310983c-e0ee-44e9-8906-49f113876321,2018-03-31,hello370@myemail.com,26-35,Recovery,Vitamin C,0.3679075609558405,False,97.732404474966,134.5749227411752,6.4,1
2030,8310983c-e0ee-44e9-8906-49f113876321,2018-04-30,hello370@myemail.com,26-35,Strength,Omega-3,0.21261837357050536,False,80.8092195641236,129.68663071712044,4.7,2
2031,efbae6e1-4278-42e5-adc3-69f674d8b469,2018-01-31,hello_371@example.com,36-45,Endurance,Omega-3,0.4620106389772793,False,87.08375139134577,124.2418402577064,8.8,2
2032,efbae6e1-4278-42e5-adc3-69f674d8b469,2018-02-28,hello_371@example.com,36-45,,No intake,,,91.14063520246654,97.49145799569592,9.0,4
2033,efbae6e1-4278-42e5-adc3-69f674d8b469,2018-03-31,hello_371@example.com,36-45,Recovery,Magnesium,0.1261857408590584,False,65.24058474601863,105.30664930091368,9.2,1
2034,efbae6e1-4278-42e5-adc3-69f674d8b469,2018-04-30,hello_371@example.com,36-45,Memory,Zinc,0.18144108629386196,False,84.03828779989989,102.5032221356607,6.1,2
2035,b15acc32-8091-42cf-943d-1fb1632d29f2,2018-01-31,user372@email.com,Unknown,Endurance,Omega-3,0.48044327283304505,False,61.37191605213247,87.73786752915609,4.1,2
2036,b15acc32-8091-42cf-943d-1fb1632d29f2,2018-02-28,user372@email.com,Unknown,Memory,Magnesium,0.1324337365065146,False,79.90264333554904,105.35196323041367,11.7,4
2037,b15acc32-8091-42cf-943d-1fb1632d29f2,2018-03-31,user372@email.com,Unknown,Sleep Quality,Omega-3,0.2949879233262176,False,66.19370726480909,72.13475834969282,6.0,3
2038,b15acc32-8091-42cf-943d-1fb1632d29f2,2018-03-31,user372@email.com,Unknown,Memory,Magnesium,0.4932060625001038,False,66.19370726480909,72.13475834969282,6.0,3
2039,b15acc32-8091-42cf-943d-1fb1632d29f2,2018-04-30,user372@email.com,Unknown,Sleep Quality,Zinc,0.19260682729842238,False,67.31691703848338,79.22672614482214,9.4,2
2040,b15acc32-8091-42cf-943d-1fb1632d29f2,2018-04-30,user372@email.com,Unknown,Strength,Placebo,0.13366817462408154,True,67.31691703848338,79.22672614482214,9.4,2
2041,e05e4447-63fb-459c-927e-a09b19a8f6e8,2018-01-31,contact_373@example.com,56-65,Strength,Magnesium,0.3514528639611399,False,74.60190266770405,132.06127173182625,9.7,2
2042,e05e4447-63fb-459c-927e-a09b19a8f6e8,2018-01-31,contact_373@example.com,56-65,Recovery,Magnesium,0.18131363413764442,False,74.60190266770405,132.06127173182625,9.7,2
2043,e05e4447-63fb-459c-927e-a09b19a8f6e8,2018-02-28,contact_373@example.com,56-65,,No intake,,,77.29748666866013,122.61758369219964,8.9,1
2044,e05e4447-63fb-459c-927e-a09b19a8f6e8,2018-03-31,contact_373@example.com,56-65,,No intake,,,84.92689698128748,99.6007886341361,6.5,4
2045,e05e4447-63fb-459c-927e-a09b19a8f6e8,2018-04-30,contact_373@example.com,56-65,Strength,Placebo,0.24100738440218203,True,62.97713673754063,106.2005253598714,6.2,1
2046,e05e4447-63fb-459c-927e-a09b19a8f6e8,2018-04-30,contact_373@example.com,56-65,Recovery,Zinc,0.2185470427363288,False,62.97713673754063,106.2005253598714,6.2,1
2047,2cc8e24f-9fdc-47a9-8cc7-279ef80a0586,2018-01-31,hi_374@myemail.com,46-55,Memory,Omega-3,0.14473837751905316,False,80.14767044949778,95.89992201719842,8.8,3
2048,2cc8e24f-9fdc-47a9-8cc7-279ef80a0586,2018-01-31,hi_374@myemail.com,46-55,Focus,Vitamin C,0.2730686135670777,False,80.14767044949778,95.89992201719842,8.8,3
2049,2cc8e24f-9fdc-47a9-8cc7-279ef80a0586,2018-02-28,hi_374@myemail.com,46-55,,No intake,,,67.30500521012405,121.85459070124708,10.9,4
2050,2cc8e24f-9fdc-47a9-8cc7-279ef80a0586,2018-03-31,hi_374@myemail.com,46-55,Strength,Placebo,0.3782980993426821,False,82.95900700126967,124.89310254624556,11.6,1
2051,2cc8e24f-9fdc-47a9-8cc7-279ef80a0586,2018-03-31,hi_374@myemail.com,46-55,Recovery,Zinc,0.26393843948409684,False,82.95900700126967,124.89310254624556,11.6,1
2052,2cc8e24f-9fdc-47a9-8cc7-279ef80a0586,2018-03-31,hi_374@myemail.com,46-55,Endurance,Magnesium,0.44564631847855407,False,82.95900700126967,124.89310254624556,11.6,1
2053,2cc8e24f-9fdc-47a9-8cc7-279ef80a0586,2018-03-31,hi_374@myemail.com,46-55,Sleep Quality,Magnesium,0.2142041794958236,False,82.95900700126967,124.89310254624556,11.6,1
2054,2cc8e24f-9fdc-47a9-8cc7-279ef80a0586,2018-03-31,hi_374@myemail.com,46-55,Memory,Magnesium,0.3147247534411136,False,82.95900700126967,124.89310254624556,11.6,1
2055,2cc8e24f-9fdc-47a9-8cc7-279ef80a0586,2018-04-30,hi_374@myemail.com,46-55,,No intake,,,85.49618449044735,123.42996331422114,4.8,2
2056,650eafed-f764-47da-bd13-321df7e16daa,2018-01-31,user375@example.com,36-45,,No intake,,,82.26837026211416,120.58282073841148,5.2,2
2057,650eafed-f764-47da-bd13-321df7e16daa,2018-02-28,user375@example.com,36-45,Strength,Placebo,0.11226379606007891,True,89.5318204191323,84.3153037084957,11.6,4
2058,650eafed-f764-47da-bd13-321df7e16daa,2018-03-31,user375@example.com,36-45,,No intake,,,73.42436976963606,93.65789854683352,9.9,2
2059,650eafed-f764-47da-bd13-321df7e16daa,2018-04-30,user375@example.com,36-45,Sleep Quality,Zinc,0.471533719501517,False,90.60426366532523,102.88918044885725,11.1,1
2060,0f8a38bb-f191-4640-964d-1124d58d2089,2018-01-31,contact_376@email.com,36-45,,No intake,,,77.31068326832775,93.1555093999359,5.6,4
2061,0f8a38bb-f191-4640-964d-1124d58d2089,2018-02-28,contact_376@email.com,36-45,Sleep Quality,Zinc,0.3262541074804575,False,79.36737993290387,122.84581401108304,8.7,2
2062,0f8a38bb-f191-4640-964d-1124d58d2089,2018-03-31,contact_376@email.com,36-45,,No intake,,,85.92408509044286,93.05474669749682,9.6,2
2063,0f8a38bb-f191-4640-964d-1124d58d2089,2018-04-30,contact_376@email.com,36-45,,No intake,,,60.73433535996896,79.6762460749736,9.4,3
2064,f53dfa61-54ef-4beb-87f4-ada6a75d0aa4,2018-01-31,contact_377@myemail.com,56-65,,No intake,,,86.15976885680993,97.93283164338128,7.3,3
2065,f53dfa61-54ef-4beb-87f4-ada6a75d0aa4,2018-02-28,contact_377@myemail.com,56-65,,No intake,,,84.74340596288462,138.59401029476663,4.1,4
2066,f53dfa61-54ef-4beb-87f4-ada6a75d0aa4,2018-03-31,contact_377@myemail.com,56-65,Strength,Vitamin C,0.2815263654897482,True,72.3938846701312,85.81169890535031,8.7,3
2067,f53dfa61-54ef-4beb-87f4-ada6a75d0aa4,2018-04-30,contact_377@myemail.com,56-65,Focus,Magnesium,0.2366409043732137,False,63.43177139597958,112.85110612602602,6.0,1
2068,f53dfa61-54ef-4beb-87f4-ada6a75d0aa4,2018-04-30,contact_377@myemail.com,56-65,Recovery,Vitamin C,0.28757713737632634,False,63.43177139597958,112.85110612602602,6.0,1
2069,74d44b48-ae65-44bc-a5bc-a832485b6efb,2018-01-31,contact378@example.com,46-55,Memory,Vitamin C,0.17585905200781465,False,63.63741799652165,100.30811348877944,7.6,2
2070,74d44b48-ae65-44bc-a5bc-a832485b6efb,2018-01-31,contact378@example.com,46-55,Strength,Omega-3,0.34169638563883953,False,63.63741799652165,100.30811348877944,7.6,2
2071,74d44b48-ae65-44bc-a5bc-a832485b6efb,2018-02-28,contact378@example.com,46-55,Strength,Vitamin C,0.3155848477425684,True,96.92894987940916,74.97171973545287,11.7,2
2072,74d44b48-ae65-44bc-a5bc-a832485b6efb,2018-03-31,contact378@example.com,46-55,Endurance,Placebo,0.309537231494738,False,87.57117284903349,104.15136241986416,7.2,2
2073,74d44b48-ae65-44bc-a5bc-a832485b6efb,2018-03-31,contact378@example.com,46-55,Strength,Zinc,0.4602367602513045,False,87.57117284903349,104.15136241986416,7.2,2
2074,74d44b48-ae65-44bc-a5bc-a832485b6efb,2018-04-30,contact378@example.com,46-55,,No intake,,,65.08410455082962,119.15150300538188,10.7,4
2075,066bef9d-c883-4f5e-804d-a31fba51b5e8,2018-01-31,contact_379@email.com,36-45,,No intake,,,74.26892677235625,105.92539830794732,5.5,4
2076,066bef9d-c883-4f5e-804d-a31fba51b5e8,2018-02-28,contact_379@email.com,36-45,,No intake,,,83.69931975606386,131.04742446226066,9.4,3
2077,066bef9d-c883-4f5e-804d-a31fba51b5e8,2018-03-31,contact_379@email.com,36-45,Sleep Quality,Omega-3,0.282105738950073,False,93.42286820362594,90.22559116603078,11.8,2
2078,066bef9d-c883-4f5e-804d-a31fba51b5e8,2018-03-31,contact_379@email.com,36-45,Strength,Placebo,0.26637305481296847,True,93.42286820362594,90.22559116603078,11.8,2
2079,066bef9d-c883-4f5e-804d-a31fba51b5e8,2018-04-30,contact_379@email.com,36-45,Endurance,Omega-3,0.17060048900722227,False,61.74643714852034,76.03744199127755,4.8,2
2080,50019e28-0422-416f-8ce9-4d18738f674b,2018-01-31,hi_380@myemail.com,18-25,Memory,Zinc,0.3758172734630392,False,69.46532525880036,135.55959281606044,4.1,2
2081,50019e28-0422-416f-8ce9-4d18738f674b,2018-01-31,hi_380@myemail.com,18-25,Sleep Quality,Zinc,0.2707546782836664,True,69.46532525880036,135.55959281606044,4.1,2
2082,50019e28-0422-416f-8ce9-4d18738f674b,2018-02-28,hi_380@myemail.com,18-25,Endurance,Vitamin C,0.4182181105674756,False,95.5899596118152,96.47374446697532,7.5,2
2083,50019e28-0422-416f-8ce9-4d18738f674b,2018-02-28,hi_380@myemail.com,18-25,Sleep Quality,Magnesium,0.44850156232807764,False,95.5899596118152,96.47374446697532,7.5,2
2084,50019e28-0422-416f-8ce9-4d18738f674b,2018-03-31,hi_380@myemail.com,18-25,,No intake,,,60.36662200735266,110.34838860175434,4.7,2
2085,50019e28-0422-416f-8ce9-4d18738f674b,2018-04-30,hi_380@myemail.com,18-25,Memory,Zinc,0.2642837583613353,False,68.0559641117555,125.44021882911372,10.0,1
2086,6df5f983-d69a-490f-a741-6d2851ab2100,2018-01-31,user_381@email.com,Over 65,Strength,Omega-3,0.1088156814670537,False,98.36096703891864,92.70195647129064,11.3,2
2087,6df5f983-d69a-490f-a741-6d2851ab2100,2018-01-31,user_381@email.com,Over 65,Focus,Vitamin C,0.379853866800544,False,98.36096703891864,92.70195647129064,11.3,2
2088,6df5f983-d69a-490f-a741-6d2851ab2100,2018-02-28,user_381@email.com,Over 65,,No intake,,,84.53607386088684,120.13151767243278,7.5,1
2089,6df5f983-d69a-490f-a741-6d2851ab2100,2018-03-31,user_381@email.com,Over 65,Recovery,Magnesium,0.2120450809226261,False,70.46685466550025,79.47931948724796,6.1,2
2090,6df5f983-d69a-490f-a741-6d2851ab2100,2018-04-30,user_381@email.com,Over 65,Endurance,Zinc,0.41983803197681707,False,62.6796437758339,90.39056230438536,7.5,4
2091,6df5f983-d69a-490f-a741-6d2851ab2100,2018-04-30,user_381@email.com,Over 65,Endurance,Magnesium,0.3624580170237433,False,62.6796437758339,90.39056230438536,7.5,4
2092,6df5f983-d69a-490f-a741-6d2851ab2100,2018-04-30,user_381@email.com,Over 65,Recovery,Placebo,0.35246608427962833,False,62.6796437758339,90.39056230438536,7.5,4
2093,50e531da-4662-478f-9ef5-c52cb6ce57ba,2018-01-31,contact382@myemail.com,56-65,,No intake,,,61.12765361788889,80.12974452955639,9.8,4
2094,50e531da-4662-478f-9ef5-c52cb6ce57ba,2018-02-28,contact382@myemail.com,56-65,Sleep Quality,Omega-3,0.3052850633726992,False,69.7898031854771,126.78613908809504,4.1,1
2095,50e531da-4662-478f-9ef5-c52cb6ce57ba,2018-03-31,contact382@myemail.com,56-65,Memory,Omega-3,0.2637492507712667,False,95.25943278355642,85.58544646587498,8.7,2
2096,50e531da-4662-478f-9ef5-c52cb6ce57ba,2018-04-30,contact382@myemail.com,56-65,Recovery,Magnesium,0.45906733844022685,False,76.63654617190038,120.21824887836472,8.9,4
2097,50e531da-4662-478f-9ef5-c52cb6ce57ba,2018-04-30,contact382@myemail.com,56-65,Recovery,Omega-3,0.4975080169377451,False,76.63654617190038,120.21824887836472,8.9,4
2098,e074ed34-f43d-41ba-a035-59ff5f39ec57,2018-01-31,hello383@myemail.com,26-35,Memory,Omega-3,0.3831922005532351,False,88.81333476663971,136.03088780719568,9.1,4
2099,e074ed34-f43d-41ba-a035-59ff5f39ec57,2018-02-28,hello383@myemail.com,26-35,Sleep Quality,Zinc,0.3969523557026972,False,96.73140141519832,106.94405463482138,5.9,2
2100,e074ed34-f43d-41ba-a035-59ff5f39ec57,2018-02-28,hello383@myemail.com,26-35,Focus,Zinc,0.1163983642432456,False,96.73140141519832,106.94405463482138,5.9,2
2101,e074ed34-f43d-41ba-a035-59ff5f39ec57,2018-03-31,hello383@myemail.com,26-35,,No intake,,,76.32161846411266,107.80204345824814,9.7,2
2102,e074ed34-f43d-41ba-a035-59ff5f39ec57,2018-04-30,hello383@myemail.com,26-35,Focus,Placebo,0.2068738068682742,False,67.65109484149588,102.27234976684684,4.7,4
2103,229c1b6b-9c7d-4ea9-b133-2de7c9385aa6,2018-01-31,hi384@example.com,36-45,Endurance,Magnesium,0.42754198430523005,False,80.68471723427677,92.812310037555,5.6,2
2104,229c1b6b-9c7d-4ea9-b133-2de7c9385aa6,2018-01-31,hi384@example.com,36-45,Sleep Quality,Zinc,0.2321789415993444,False,80.68471723427677,92.812310037555,5.6,2
2105,229c1b6b-9c7d-4ea9-b133-2de7c9385aa6,2018-02-28,hi384@example.com,36-45,Memory,Vitamin C,0.12515930304274367,False,96.32334748239418,103.2958521647442,11.0,3
2106,229c1b6b-9c7d-4ea9-b133-2de7c9385aa6,2018-03-31,hi384@example.com,36-45,,No intake,,,92.17497656550802,112.19652725867316,9.9,2
2107,229c1b6b-9c7d-4ea9-b133-2de7c9385aa6,2018-04-30,hi384@example.com,36-45,,No intake,,,62.63319373452615,139.01941005194615,4.1,4
2108,78f214f9-2f71-4613-a410-ca691002031f,2018-01-31,user_385@email.com,56-65,Strength,Omega-3,0.4177465593688938,True,87.70291200310328,135.6435191522757,6.0,4
2109,78f214f9-2f71-4613-a410-ca691002031f,2018-01-31,user_385@email.com,56-65,Recovery,Vitamin C,0.2806047356298694,False,87.70291200310328,135.6435191522757,6.0,4
2110,78f214f9-2f71-4613-a410-ca691002031f,2018-02-28,user_385@email.com,56-65,,No intake,,,82.87590089835815,130.35070708051853,5.7,1
2111,78f214f9-2f71-4613-a410-ca691002031f,2018-03-31,user_385@email.com,56-65,,No intake,,,96.298527053857,132.23913749934007,6.2,3
2112,78f214f9-2f71-4613-a410-ca691002031f,2018-04-30,user_385@email.com,56-65,Recovery,Zinc,0.36030935591264407,False,64.8992566740119,102.749442830443,6.0,4
2113,78f214f9-2f71-4613-a410-ca691002031f,2018-04-30,user_385@email.com,56-65,Strength,Placebo,0.3122092365459578,False,64.8992566740119,102.749442830443,6.0,4
2114,73420928-0991-41c2-9e31-930b18b61f95,2018-01-31,user_386@example.com,26-35,,No intake,,,81.36144452818627,116.02110290242254,4.5,3
2115,73420928-0991-41c2-9e31-930b18b61f95,2018-02-28,user_386@example.com,26-35,,No intake,,,95.1785077404757,132.654670605535,7.7,2
2116,73420928-0991-41c2-9e31-930b18b61f95,2018-03-31,user_386@example.com,26-35,Endurance,Magnesium,0.11552180961237807,True,76.40095146966972,97.50655354939472,9.9,4
2117,73420928-0991-41c2-9e31-930b18b61f95,2018-03-31,user_386@example.com,26-35,Recovery,Zinc,0.16041399699877043,True,76.40095146966972,97.50655354939472,9.9,4
2118,73420928-0991-41c2-9e31-930b18b61f95,2018-03-31,user_386@example.com,26-35,Endurance,Placebo,0.15550398615420538,False,76.40095146966972,97.50655354939472,9.9,4
2119,73420928-0991-41c2-9e31-930b18b61f95,2018-04-30,user_386@example.com,26-35,Focus,Zinc,0.3152460501978086,False,79.27979670931468,137.3233734841828,8.9,1
2120,7eabff59-9204-4938-a2d0-efd17174dbb2,2018-01-31,hi_387@example.com,26-35,Recovery,Vitamin C,0.3283910609992797,False,62.81842710667833,99.1050243448428,9.4,4
2121,7eabff59-9204-4938-a2d0-efd17174dbb2,2018-02-28,hi_387@example.com,26-35,Focus,Magnesium,0.31206990790684924,False,71.12574561795643,112.0757865775251,4.6,1
2122,7eabff59-9204-4938-a2d0-efd17174dbb2,2018-03-31,hi_387@example.com,26-35,Strength,Magnesium,0.2835159461161431,False,72.9802659667579,119.68632992906603,11.6,3
2123,7eabff59-9204-4938-a2d0-efd17174dbb2,2018-03-31,hi_387@example.com,26-35,Recovery,Placebo,0.4771821818942476,False,72.9802659667579,119.68632992906603,11.6,3
2124,7eabff59-9204-4938-a2d0-efd17174dbb2,2018-03-31,hi_387@example.com,26-35,Sleep Quality,Placebo,0.22101061648188505,False,72.9802659667579,119.68632992906603,11.6,3
2125,7eabff59-9204-4938-a2d0-efd17174dbb2,2018-03-31,hi_387@example.com,26-35,Sleep Quality,Magnesium,0.4992791387544381,False,72.9802659667579,119.68632992906603,11.6,3
2126,7eabff59-9204-4938-a2d0-efd17174dbb2,2018-04-30,hi_387@example.com,26-35,,No intake,,,97.80489794979547,136.5414409153157,10.7,1
2127,ace642b1-b8e8-4e71-a34b-d729eb0660cd,2018-01-31,hi_388@example.com,26-35,,No intake,,,71.30669442164637,87.12313918365862,10.4,2
2128,ace642b1-b8e8-4e71-a34b-d729eb0660cd,2018-02-28,hi_388@example.com,26-35,,No intake,,,78.43474941078608,122.22916847670496,10.6,2
2129,ace642b1-b8e8-4e71-a34b-d729eb0660cd,2018-03-31,hi_388@example.com,26-35,Memory,Vitamin C,0.4959097662720358,False,86.85217694257119,106.45709103008576,11.5,2
2130,ace642b1-b8e8-4e71-a34b-d729eb0660cd,2018-04-30,hi_388@example.com,26-35,Memory,Vitamin C,0.131012564643669,False,66.48733489631509,88.79899984344488,8.4,4
2131,2190270c-793a-4630-8a6f-abe7c448ecc6,2018-01-31,contact389@example.com,Over 65,Endurance,Vitamin C,0.3693959246052733,True,79.45769548567498,124.36247878574734,5.6,2
2132,2190270c-793a-4630-8a6f-abe7c448ecc6,2018-02-28,contact389@example.com,Over 65,Endurance,Vitamin C,0.23717184375927336,True,89.54156157903631,108.65555961216926,8.9,2
2133,2190270c-793a-4630-8a6f-abe7c448ecc6,2018-03-31,contact389@example.com,Over 65,Strength,Zinc,0.36236694099278943,False,94.67420852108263,116.2681674454773,9.9,4
2134,2190270c-793a-4630-8a6f-abe7c448ecc6,2018-04-30,contact389@example.com,Over 65,Memory,Omega-3,0.12201918519768576,True,85.05037098649707,92.60307480045309,9.9,3
2135,2190270c-793a-4630-8a6f-abe7c448ecc6,2018-04-30,contact389@example.com,Over 65,Recovery,Zinc,0.3561042887536908,False,85.05037098649707,92.60307480045309,9.9,3
2136,016e4095-8b5d-43d9-83fd-e28b38be2f7d,2018-01-31,contact_390@email.com,36-45,,No intake,,,86.76214061267791,103.68917662793235,8.2,2
2137,016e4095-8b5d-43d9-83fd-e28b38be2f7d,2018-02-28,contact_390@email.com,36-45,Recovery,Magnesium,0.2260286506852928,False,65.05133890338276,113.21479756916467,4.5,2
2138,016e4095-8b5d-43d9-83fd-e28b38be2f7d,2018-02-28,contact_390@email.com,36-45,Endurance,Placebo,0.48169481266185277,False,65.05133890338276,113.21479756916467,4.5,2
2139,016e4095-8b5d-43d9-83fd-e28b38be2f7d,2018-03-31,contact_390@email.com,36-45,Strength,Magnesium,0.24270841883462413,False,97.83105988985388,98.34375699888908,7.0,4
2140,016e4095-8b5d-43d9-83fd-e28b38be2f7d,2018-04-30,contact_390@email.com,36-45,Strength,Zinc,0.3607097915276414,False,65.3029630993793,83.8860777893391,11.4,3
2141,5a25168e-ce31-474f-a294-d3cbae4ee4a9,2018-01-31,user391@myemail.com,56-65,,No intake,,,90.98691748727194,137.31483446207127,8.7,3
2142,5a25168e-ce31-474f-a294-d3cbae4ee4a9,2018-02-28,user391@myemail.com,56-65,Memory,Omega-3,0.10383440709658705,False,70.59265287113276,105.8027278029832,8.3,3
2143,5a25168e-ce31-474f-a294-d3cbae4ee4a9,2018-02-28,user391@myemail.com,56-65,Memory,Vitamin C,0.25237830506952286,True,70.59265287113276,105.8027278029832,8.3,3
2144,5a25168e-ce31-474f-a294-d3cbae4ee4a9,2018-03-31,user391@myemail.com,56-65,,No intake,,,97.34372574805006,121.37442592013905,6.2,4
2145,5a25168e-ce31-474f-a294-d3cbae4ee4a9,2018-04-30,user391@myemail.com,56-65,Strength,Zinc,0.44467119447780273,False,88.79838157477919,98.77330354892408,6.9,1
2146,5a25168e-ce31-474f-a294-d3cbae4ee4a9,2018-04-30,user391@myemail.com,56-65,Focus,Omega-3,0.42852493773173816,False,88.79838157477919,98.77330354892408,6.9,1
2147,d65b5011-4f13-43bb-b664-444f2bd4aabd,2018-01-31,contact_392@example.com,46-55,Endurance,Vitamin C,0.3867105819336905,False,90.15254851913475,94.85922348180014,11.2,1
2148,d65b5011-4f13-43bb-b664-444f2bd4aabd,2018-01-31,contact_392@example.com,46-55,Recovery,Omega-3,0.29959490550991996,False,90.15254851913475,94.85922348180014,11.2,1
2149,d65b5011-4f13-43bb-b664-444f2bd4aabd,2018-01-31,contact_392@example.com,46-55,Memory,Vitamin C,0.49376641367242663,True,90.15254851913475,94.85922348180014,11.2,1
2150,d65b5011-4f13-43bb-b664-444f2bd4aabd,2018-02-28,contact_392@example.com,46-55,,No intake,,,68.76236692239533,98.50150089269874,9.3,2
2151,d65b5011-4f13-43bb-b664-444f2bd4aabd,2018-03-31,contact_392@example.com,46-55,,No intake,,,77.72159906540644,98.64376506499548,10.3,2
2152,d65b5011-4f13-43bb-b664-444f2bd4aabd,2018-04-30,contact_392@example.com,46-55,,No intake,,,84.71252778357146,108.09260811593674,7.6,2
2153,51eab936-ed1c-4521-8115-7cf602ae5a09,2018-01-31,user393@example.com,Over 65,Endurance,Vitamin C,0.1111887589101436,False,90.79894472826405,108.04289089869542,9.0,1
2154,51eab936-ed1c-4521-8115-7cf602ae5a09,2018-02-28,user393@example.com,Over 65,Focus,Zinc,0.1117704266002757,False,64.15837503649558,104.800767111801,6.0,4
2155,51eab936-ed1c-4521-8115-7cf602ae5a09,2018-02-28,user393@example.com,Over 65,Focus,Vitamin C,0.3802948397337209,False,64.15837503649558,104.800767111801,6.0,4
2156,51eab936-ed1c-4521-8115-7cf602ae5a09,2018-03-31,user393@example.com,Over 65,Strength,Magnesium,0.17015543408797762,True,98.49461265818113,79.43500494422067,9.6,2
2157,51eab936-ed1c-4521-8115-7cf602ae5a09,2018-04-30,user393@example.com,Over 65,,No intake,,,95.60882682218224,104.7252834950372,7.4,4
2158,a9bf1f72-85e6-4e93-9cda-eb49ebf922e0,2018-01-31,hello394@example.com,36-45,Focus,Placebo,0.11912654109734472,True,70.81394361982338,81.83727302944561,7.5,2
2159,a9bf1f72-85e6-4e93-9cda-eb49ebf922e0,2018-02-28,hello394@example.com,36-45,Strength,Omega-3,0.4139108433533631,True,92.91040972129328,78.82950504070357,9.2,4
2160,a9bf1f72-85e6-4e93-9cda-eb49ebf922e0,2018-02-28,hello394@example.com,36-45,Focus,Zinc,0.34718921873892294,True,92.91040972129328,78.82950504070357,9.2,4
2161,a9bf1f72-85e6-4e93-9cda-eb49ebf922e0,2018-02-28,hello394@example.com,36-45,Recovery,Placebo,0.3460189794277177,True,92.91040972129328,78.82950504070357,9.2,4
2162,a9bf1f72-85e6-4e93-9cda-eb49ebf922e0,2018-03-31,hello394@example.com,36-45,,No intake,,,80.73295692159294,135.28520021388175,11.5,4
2163,a9bf1f72-85e6-4e93-9cda-eb49ebf922e0,2018-04-30,hello394@example.com,36-45,,No intake,,,78.47225926248075,112.3465009203393,4.5,1
2164,4145173d-aa54-4ba7-9a82-937ef4c6f037,2018-01-31,hello395@email.com,Unknown,,No intake,,,72.57736423245622,116.1643040687209,10.6,4
2165,4145173d-aa54-4ba7-9a82-937ef4c6f037,2018-02-28,hello395@email.com,Unknown,Strength,Vitamin C,0.2771966154625273,False,83.2387434652637,98.12555692333548,6.3,3
2166,4145173d-aa54-4ba7-9a82-937ef4c6f037,2018-03-31,hello395@email.com,Unknown,,No intake,,,89.1955647081439,133.6286624340405,7.6,1
2167,4145173d-aa54-4ba7-9a82-937ef4c6f037,2018-04-30,hello395@email.com,Unknown,Strength,Magnesium,0.17628640409191798,False,76.43731619851033,114.65513427057658,4.2,2
2168,a1bd5d15-1409-49ab-81d6-928b250e2541,2018-01-31,contact_396@example.com,26-35,Endurance,Vitamin C,0.24615781544923587,False,85.16876772033169,123.84189086665111,6.4,1
2169,a1bd5d15-1409-49ab-81d6-928b250e2541,2018-02-28,contact_396@example.com,26-35,,No intake,,,87.97251684621216,95.79937283193996,8.0,3
2170,a1bd5d15-1409-49ab-81d6-928b250e2541,2018-03-31,contact_396@example.com,26-35,,No intake,,,88.44487268061144,137.20083165733877,4.4,3
2171,a1bd5d15-1409-49ab-81d6-928b250e2541,2018-04-30,contact_396@example.com,26-35,,No intake,,,62.078643925247206,127.43229031108206,7.9,4
2172,9f59e84e-062e-4c5b-a2a0-b3384d00dc74,2018-01-31,hello_397@example.com,46-55,,No intake,,,94.38991222740268,129.77639241101804,11.4,3
2173,9f59e84e-062e-4c5b-a2a0-b3384d00dc74,2018-02-28,hello_397@example.com,46-55,Sleep Quality,Zinc,0.2048524201781713,False,78.33013259060192,82.0535987198028,4.8,3
2174,9f59e84e-062e-4c5b-a2a0-b3384d00dc74,2018-02-28,hello_397@example.com,46-55,Memory,Zinc,0.21246120564557192,False,78.33013259060192,82.0535987198028,4.8,3
2175,9f59e84e-062e-4c5b-a2a0-b3384d00dc74,2018-03-31,hello_397@example.com,46-55,,No intake,,,70.49664326784858,88.96742455098537,10.1,3
2176,9f59e84e-062e-4c5b-a2a0-b3384d00dc74,2018-04-30,hello_397@example.com,46-55,,No intake,,,69.67058029918726,89.9938619778504,7.3,3
2177,19fa1176-bf79-47d3-9438-3b75219d973f,2018-01-31,hi398@myemail.com,18-25,,No intake,,,79.32056451375801,88.96364562728098,9.2,2
2178,19fa1176-bf79-47d3-9438-3b75219d973f,2018-02-28,hi398@myemail.com,18-25,Endurance,Zinc,0.11074078161365693,False,95.47326157875835,129.87857134730015,6.1,2
2179,19fa1176-bf79-47d3-9438-3b75219d973f,2018-03-31,hi398@myemail.com,18-25,Endurance,Magnesium,0.25965268096001237,False,75.13390326730588,72.23193566460145,5.3,1
2180,19fa1176-bf79-47d3-9438-3b75219d973f,2018-03-31,hi398@myemail.com,18-25,Endurance,Omega-3,0.385779397575758,True,75.13390326730588,72.23193566460145,5.3,1
2181,19fa1176-bf79-47d3-9438-3b75219d973f,2018-03-31,hi398@myemail.com,18-25,Sleep Quality,Omega-3,0.15475154665490276,False,75.13390326730588,72.23193566460145,5.3,1
2182,19fa1176-bf79-47d3-9438-3b75219d973f,2018-04-30,hi398@myemail.com,18-25,Strength,Zinc,0.41284049019364255,False,89.98902987134173,75.3269992286542,5.3,4
2183,277489d0-d1cf-431e-834c-25efaee1a056,2018-01-31,hi399@email.com,18-25,,No intake,,,63.87274923948874,89.17404094409326,4.6,2
2184,277489d0-d1cf-431e-834c-25efaee1a056,2018-02-28,hi399@email.com,18-25,,No intake,,,79.04226808604247,83.99110822546106,5.5,3
2185,277489d0-d1cf-431e-834c-25efaee1a056,2018-03-31,hi399@email.com,18-25,,No intake,,,99.66744561570944,86.23017297179939,9.3,4
2186,277489d0-d1cf-431e-834c-25efaee1a056,2018-04-30,hi399@email.com,18-25,Memory,Zinc,0.3291546404719626,False,90.81751211169347,125.856023247731,11.1,2
2187,277489d0-d1cf-431e-834c-25efaee1a056,2018-04-30,hi399@email.com,18-25,Focus,Omega-3,0.10732688288629003,False,90.81751211169347,125.856023247731,11.1,2
2188,277489d0-d1cf-431e-834c-25efaee1a056,2018-04-30,hi399@email.com,18-25,Strength,Zinc,0.33092256727589914,False,90.81751211169347,125.856023247731,11.1,2
2189,277489d0-d1cf-431e-834c-25efaee1a056,2018-04-30,hi399@email.com,18-25,Recovery,Omega-3,0.19790366030405215,False,90.81751211169347,125.856023247731,11.1,2
2190,dbfa9467-84ad-4807-ad0d-9228bc92330a,2018-01-31,hi400@myemail.com,26-35,,No intake,,,68.42113953762453,109.41886157244328,10.5,1
2191,dbfa9467-84ad-4807-ad0d-9228bc92330a,2018-02-28,hi400@myemail.com,26-35,Focus,Vitamin C,0.355612999018679,False,80.05765894791642,70.40394629050776,9.5,3
2192,dbfa9467-84ad-4807-ad0d-9228bc92330a,2018-03-31,hi400@myemail.com,26-35,Recovery,Vitamin C,0.48674089289785216,False,69.34499054594266,100.05259359929369,4.9,4
2193,dbfa9467-84ad-4807-ad0d-9228bc92330a,2018-04-30,hi400@myemail.com,26-35,,No intake,,,76.38243709050037,98.55194487952512,6.3,2
2194,1e9c58f2-86da-4025-88cb-b4d8dc8c889d,2018-01-31,contact_401@example.com,36-45,Endurance,Vitamin C,0.48284967827422404,True,91.2033609493986,77.97616886111805,6.5,4
2195,1e9c58f2-86da-4025-88cb-b4d8dc8c889d,2018-01-31,contact_401@example.com,36-45,Endurance,Vitamin C,0.4567500667736884,False,91.2033609493986,77.97616886111805,6.5,4
2196,1e9c58f2-86da-4025-88cb-b4d8dc8c889d,2018-02-28,contact_401@example.com,36-45,,No intake,,,90.84899261161615,117.329925202102,6.0,2
2197,1e9c58f2-86da-4025-88cb-b4d8dc8c889d,2018-03-31,contact_401@example.com,36-45,Memory,Vitamin C,0.16955687002589795,False,69.1240151160954,119.14680318656436,8.1,1
2198,1e9c58f2-86da-4025-88cb-b4d8dc8c889d,2018-04-30,contact_401@example.com,36-45,,No intake,,,96.8889327261944,120.46252533364684,8.3,3
2199,5118fe9e-c1be-4fcf-9416-58264d3efb79,2018-01-31,contact_402@myemail.com,Unknown,Sleep Quality,Magnesium,0.29381539245025867,False,83.70272731059308,120.99296618910144,6.9,1
2200,5118fe9e-c1be-4fcf-9416-58264d3efb79,2018-02-28,contact_402@myemail.com,Unknown,,No intake,,,75.19697163848058,70.00369788526078,6.8,3
2201,5118fe9e-c1be-4fcf-9416-58264d3efb79,2018-03-31,contact_402@myemail.com,Unknown,Sleep Quality,Zinc,0.40049761207394863,False,80.07742323123443,136.77445626927056,10.6,3
2202,5118fe9e-c1be-4fcf-9416-58264d3efb79,2018-04-30,contact_402@myemail.com,Unknown,Sleep Quality,Magnesium,0.20971215049005276,False,84.20285013750976,126.9946136938264,10.3,4
2203,d9bde714-4a59-4dba-986a-4b6821e8e3a2,2018-01-31,contact403@example.com,36-45,Sleep Quality,Vitamin C,0.2693666837225087,True,82.39562127383141,133.27871876124996,6.5,2
2204,d9bde714-4a59-4dba-986a-4b6821e8e3a2,2018-01-31,contact403@example.com,36-45,Endurance,Magnesium,0.34438945871835247,False,82.39562127383141,133.27871876124996,6.5,2
2205,d9bde714-4a59-4dba-986a-4b6821e8e3a2,2018-02-28,contact403@example.com,36-45,,No intake,,,79.45620142144713,71.09503067152039,11.3,1
2206,d9bde714-4a59-4dba-986a-4b6821e8e3a2,2018-03-31,contact403@example.com,36-45,Sleep Quality,Vitamin C,0.36791480127096754,False,80.197312163576,135.37011570500175,11.6,1
2207,d9bde714-4a59-4dba-986a-4b6821e8e3a2,2018-03-31,contact403@example.com,36-45,Focus,Zinc,0.4665460426969583,False,80.197312163576,135.37011570500175,11.6,1
2208,d9bde714-4a59-4dba-986a-4b6821e8e3a2,2018-03-31,contact403@example.com,36-45,Strength,Placebo,0.2364288638280276,False,80.197312163576,135.37011570500175,11.6,1
2209,d9bde714-4a59-4dba-986a-4b6821e8e3a2,2018-04-30,contact403@example.com,36-45,,No intake,,,67.05647641711545,126.68519700816734,6.6,1
2210,a725334e-c79f-41d2-bf4f-71af98a507fc,2018-01-31,user_404@myemail.com,26-35,Memory,Vitamin C,0.2399356102026927,False,92.50931617218716,128.6053400071089,6.8,4
2211,a725334e-c79f-41d2-bf4f-71af98a507fc,2018-01-31,user_404@myemail.com,26-35,Focus,Vitamin C,0.3476640098650818,False,92.50931617218716,128.6053400071089,6.8,4
2212,a725334e-c79f-41d2-bf4f-71af98a507fc,2018-02-28,user_404@myemail.com,26-35,,No intake,,,81.67041279764061,76.5301169305378,8.0,4
2213,a725334e-c79f-41d2-bf4f-71af98a507fc,2018-03-31,user_404@myemail.com,26-35,,No intake,,,65.24319446818812,121.71446202430184,11.5,4
2214,a725334e-c79f-41d2-bf4f-71af98a507fc,2018-04-30,user_404@myemail.com,26-35,Memory,Omega-3,0.14321012774326142,True,90.64628406331111,137.19416827494638,11.0,3
2215,a725334e-c79f-41d2-bf4f-71af98a507fc,2018-04-30,user_404@myemail.com,26-35,Endurance,Vitamin C,0.4934767433668706,False,90.64628406331111,137.19416827494638,11.0,3
2216,a725334e-c79f-41d2-bf4f-71af98a507fc,2018-04-30,user_404@myemail.com,26-35,Strength,Magnesium,0.21517462188149392,False,90.64628406331111,137.19416827494638,11.0,3
2217,281a73ba-5c9c-463c-bf7f-91d865b4f582,2018-01-31,user405@example.com,56-65,Endurance,Placebo,0.3592875743895702,False,97.29775913509404,117.49831389927124,4.8,1
2218,281a73ba-5c9c-463c-bf7f-91d865b4f582,2018-02-28,user405@example.com,56-65,Focus,Omega-3,0.19256504887085948,False,97.89227596947848,109.93929832372244,7.1,3
2219,281a73ba-5c9c-463c-bf7f-91d865b4f582,2018-02-28,user405@example.com,56-65,Endurance,Omega-3,0.4617241487949094,True,97.89227596947848,109.93929832372244,7.1,3
2220,281a73ba-5c9c-463c-bf7f-91d865b4f582,2018-03-31,user405@example.com,56-65,Focus,Magnesium,0.16917260585577812,False,74.7607092964469,136.19407744242977,8.4,1
2221,281a73ba-5c9c-463c-bf7f-91d865b4f582,2018-04-30,user405@example.com,56-65,,No intake,,,65.42067494243017,101.00559852141052,8.0,1
2222,b0202e46-d883-4cbe-86ed-797b8170881c,2018-01-31,hello406@myemail.com,56-65,,No intake,,,80.73598506532261,111.95054964173352,5.6,2
2223,b0202e46-d883-4cbe-86ed-797b8170881c,2018-02-28,hello406@myemail.com,56-65,,No intake,,,64.50436917396883,103.34368054460565,10.9,1
2224,b0202e46-d883-4cbe-86ed-797b8170881c,2018-03-31,hello406@myemail.com,56-65,Endurance,Omega-3,0.49077100569351806,True,97.35949674050468,135.29923549522096,9.4,4
2225,b0202e46-d883-4cbe-86ed-797b8170881c,2018-04-30,hello406@myemail.com,56-65,Sleep Quality,Vitamin C,0.22552751213086464,False,67.34318509420584,75.3259308735855,10.7,4
2226,b0202e46-d883-4cbe-86ed-797b8170881c,2018-04-30,hello406@myemail.com,56-65,Focus,Zinc,0.13053425686658113,True,67.34318509420584,75.3259308735855,10.7,4
2227,b0202e46-d883-4cbe-86ed-797b8170881c,2018-04-30,hello406@myemail.com,56-65,Memory,Omega-3,0.21639020229954617,False,67.34318509420584,75.3259308735855,10.7,4
2228,251e4e27-b381-4ac1-80e9-6dd8c90e6eb6,2018-01-31,hi_407@example.com,Over 65,Sleep Quality,Magnesium,0.462673255459317,False,70.11063439804656,105.07837905777436,10.9,4
2229,251e4e27-b381-4ac1-80e9-6dd8c90e6eb6,2018-02-28,hi_407@example.com,Over 65,,No intake,,,76.26546107539882,118.08667089698068,10.0,2
2230,251e4e27-b381-4ac1-80e9-6dd8c90e6eb6,2018-03-31,hi_407@example.com,Over 65,,No intake,,,75.32657874236503,125.43345768955658,7.5,2
2231,251e4e27-b381-4ac1-80e9-6dd8c90e6eb6,2018-04-30,hi_407@example.com,Over 65,Memory,Omega-3,0.36041331920127506,False,91.78651569591555,110.81130532108956,8.9,3
2232,b6f71228-434d-4cc4-8d26-ad1f86a3e041,2018-01-31,hi408@email.com,36-45,,No intake,,,78.25267282203849,133.62424208850177,5.3,1
2233,b6f71228-434d-4cc4-8d26-ad1f86a3e041,2018-02-28,hi408@email.com,36-45,,No intake,,,66.83073040013348,135.93940128187103,9.4,1
2234,b6f71228-434d-4cc4-8d26-ad1f86a3e041,2018-03-31,hi408@email.com,36-45,Memory,Omega-3,0.251342169625075,True,70.68839581944296,74.50234562355085,5.4,4
2235,b6f71228-434d-4cc4-8d26-ad1f86a3e041,2018-04-30,hi408@email.com,36-45,Recovery,Magnesium,0.4886084108328625,False,80.36453540750088,98.1659377678962,9.6,4
2236,9eaf28a6-153f-4a25-92bc-74d5d6b37087,2018-01-31,hello409@myemail.com,36-45,Strength,Magnesium,0.4333888406720193,True,65.8981566970454,71.64213152048082,5.8,4
2237,9eaf28a6-153f-4a25-92bc-74d5d6b37087,2018-01-31,hello409@myemail.com,36-45,Strength,Omega-3,0.4475888660256009,False,65.8981566970454,71.64213152048082,5.8,4
2238,9eaf28a6-153f-4a25-92bc-74d5d6b37087,2018-02-28,hello409@myemail.com,36-45,,No intake,,,84.46622702584057,93.059166016211,4.9,4
2239,9eaf28a6-153f-4a25-92bc-74d5d6b37087,2018-03-31,hello409@myemail.com,36-45,Focus,Magnesium,0.4683069559434133,False,82.62989226204584,107.58077525794216,5.3,4
2240,9eaf28a6-153f-4a25-92bc-74d5d6b37087,2018-04-30,hello409@myemail.com,36-45,Recovery,Magnesium,0.4856880799352125,False,88.58809265529031,133.75564513569643,4.0,4
2241,ce69cb98-fa59-4f0f-ac8a-7c74dc51aeeb,2018-01-31,hello_410@myemail.com,18-25,Focus,Placebo,0.3595393314778059,False,97.50818461517471,129.2588025725782,9.7,1
2242,ce69cb98-fa59-4f0f-ac8a-7c74dc51aeeb,2018-02-28,hello_410@myemail.com,18-25,Strength,Zinc,0.4042591758312103,True,96.49018244404624,78.924980867039,9.9,2
2243,ce69cb98-fa59-4f0f-ac8a-7c74dc51aeeb,2018-03-31,hello_410@myemail.com,18-25,Sleep Quality,Placebo,0.11429542069098701,False,97.84302472275326,76.5121262318627,8.1,4
2244,ce69cb98-fa59-4f0f-ac8a-7c74dc51aeeb,2018-04-30,hello_410@myemail.com,18-25,,No intake,,,69.78862388094804,111.24871371296668,5.3,1
2245,7de1df62-7a6f-44b0-8418-5cf226f3b4f5,2018-01-31,user411@myemail.com,Over 65,Endurance,Vitamin C,0.45971151701453317,True,65.26261226557419,107.2482580721148,4.7,4
2246,7de1df62-7a6f-44b0-8418-5cf226f3b4f5,2018-01-31,user411@myemail.com,Over 65,Focus,Omega-3,0.29329510611720583,False,65.26261226557419,107.2482580721148,4.7,4
2247,7de1df62-7a6f-44b0-8418-5cf226f3b4f5,2018-02-28,user411@myemail.com,Over 65,Memory,Omega-3,0.34669197415016223,False,72.09106801985794,88.64643490010167,4.2,3
2248,7de1df62-7a6f-44b0-8418-5cf226f3b4f5,2018-02-28,user411@myemail.com,Over 65,Sleep Quality,Magnesium,0.4317309840248388,True,72.09106801985794,88.64643490010167,4.2,3
2249,7de1df62-7a6f-44b0-8418-5cf226f3b4f5,2018-02-28,user411@myemail.com,Over 65,Recovery,Placebo,0.22206780081813227,False,72.09106801985794,88.64643490010167,4.2,3
2250,7de1df62-7a6f-44b0-8418-5cf226f3b4f5,2018-03-31,user411@myemail.com,Over 65,,No intake,,,95.80340691065258,132.96171591876845,5.3,3
2251,7de1df62-7a6f-44b0-8418-5cf226f3b4f5,2018-04-30,user411@myemail.com,Over 65,,No intake,,,98.88213898493952,134.91564866230874,11.1,1
2252,cb3298e3-25cb-4184-b5b1-0c6a6a599bb5,2018-01-31,contact_412@email.com,Unknown,Focus,Omega-3,0.27310034764439983,False,94.37299804281903,98.1828006838114,5.9,2
2253,cb3298e3-25cb-4184-b5b1-0c6a6a599bb5,2018-02-28,contact_412@email.com,Unknown,Strength,Omega-3,0.49060287612025044,False,64.40070884510175,132.32117899794642,6.8,3
2254,cb3298e3-25cb-4184-b5b1-0c6a6a599bb5,2018-02-28,contact_412@email.com,Unknown,Recovery,Omega-3,0.45211908696741643,False,64.40070884510175,132.32117899794642,6.8,3
2255,cb3298e3-25cb-4184-b5b1-0c6a6a599bb5,2018-03-31,contact_412@email.com,Unknown,Sleep Quality,Vitamin C,0.4635991977491245,False,97.89711992239172,96.87642259840808,4.8,3
2256,cb3298e3-25cb-4184-b5b1-0c6a6a599bb5,2018-04-30,contact_412@email.com,Unknown,Sleep Quality,Zinc,0.3184218369746258,False,76.93432109403145,121.57717822807902,5.8,2
2257,cb3298e3-25cb-4184-b5b1-0c6a6a599bb5,2018-04-30,contact_412@email.com,Unknown,Focus,Vitamin C,0.4566322231832438,False,76.93432109403145,121.57717822807902,5.8,2
2258,cb3298e3-25cb-4184-b5b1-0c6a6a599bb5,2018-04-30,contact_412@email.com,Unknown,Endurance,Omega-3,0.23902571246469648,False,76.93432109403145,121.57717822807902,5.8,2
2259,cb3298e3-25cb-4184-b5b1-0c6a6a599bb5,2018-04-30,contact_412@email.com,Unknown,Memory,Vitamin C,0.17361194587298484,False,76.93432109403145,121.57717822807902,5.8,2
2260,ae8008e4-024d-4a1d-8492-48b72b2cbf3d,2018-01-31,hello_413@email.com,36-45,Strength,Omega-3,0.28644580997579033,False,60.37241163049415,103.3159552283407,8.2,3
2261,ae8008e4-024d-4a1d-8492-48b72b2cbf3d,2018-02-28,hello_413@email.com,36-45,Focus,Zinc,0.24977995101537398,False,77.69574962992775,78.58082095550282,8.9,4
2262,ae8008e4-024d-4a1d-8492-48b72b2cbf3d,2018-03-31,hello_413@email.com,36-45,Focus,Placebo,0.48402679327185477,False,61.842766787018704,134.95539408659153,6.0,2
2263,ae8008e4-024d-4a1d-8492-48b72b2cbf3d,2018-03-31,hello_413@email.com,36-45,Focus,Zinc,0.382275058580953,False,61.842766787018704,134.95539408659153,6.0,2
2264,ae8008e4-024d-4a1d-8492-48b72b2cbf3d,2018-04-30,hello_413@email.com,36-45,Memory,Zinc,0.19011555674501773,False,81.75511684644471,101.78676153642756,4.5,3
2265,ae8008e4-024d-4a1d-8492-48b72b2cbf3d,2018-04-30,hello_413@email.com,36-45,Memory,Zinc,0.10685926160734449,False,81.75511684644471,101.78676153642756,4.5,3
2266,ae8008e4-024d-4a1d-8492-48b72b2cbf3d,2018-04-30,hello_413@email.com,36-45,Strength,Vitamin C,0.46080103978796055,False,81.75511684644471,101.78676153642756,4.5,3
2267,ae8008e4-024d-4a1d-8492-48b72b2cbf3d,2018-04-30,hello_413@email.com,36-45,Focus,Magnesium,0.1374553309789827,False,81.75511684644471,101.78676153642756,4.5,3
2268,97599dbf-755e-4295-bcae-bdcb8b97fb8a,2018-01-31,contact_414@example.com,46-55,Memory,Placebo,0.48653337352225745,True,73.54216109748205,121.41409282256824,7.1,2
2269,97599dbf-755e-4295-bcae-bdcb8b97fb8a,2018-02-28,contact_414@example.com,46-55,Focus,Vitamin C,0.49671922801830654,False,78.93739734376194,95.70216701019044,5.9,4
2270,97599dbf-755e-4295-bcae-bdcb8b97fb8a,2018-03-31,contact_414@example.com,46-55,,No intake,,,84.52681442972468,71.32166150033643,5.8,3
2271,97599dbf-755e-4295-bcae-bdcb8b97fb8a,2018-04-30,contact_414@example.com,46-55,,No intake,,,94.7520438327128,77.03712510842851,11.7,1
2272,89aa331b-a96a-4007-bae7-ca8b94bdf681,2018-01-31,hello_415@email.com,Over 65,,No intake,,,86.47606305887714,104.73536356429472,8.9,3
2273,89aa331b-a96a-4007-bae7-ca8b94bdf681,2018-02-28,hello_415@email.com,Over 65,,No intake,,,77.36195473912723,118.29750499884535,8.5,3
2274,89aa331b-a96a-4007-bae7-ca8b94bdf681,2018-03-31,hello_415@email.com,Over 65,Sleep Quality,Zinc,0.47039661356794216,False,92.7771141468146,93.43147286054952,7.3,4
2275,89aa331b-a96a-4007-bae7-ca8b94bdf681,2018-04-30,hello_415@email.com,Over 65,Focus,Omega-3,0.4523015352226873,False,96.22328550292528,118.68419214243552,7.4,1
2276,c013e21f-ce7b-46c6-990f-254b459b8c8a,2018-01-31,contact_416@email.com,Unknown,,No intake,,,64.7903986572879,118.90449126023692,8.3,1
2277,c013e21f-ce7b-46c6-990f-254b459b8c8a,2018-02-28,contact_416@email.com,Unknown,Memory,Placebo,0.3610893758222693,False,81.27731910211166,119.27551351294817,9.6,1
2278,c013e21f-ce7b-46c6-990f-254b459b8c8a,2018-03-31,contact_416@email.com,Unknown,Recovery,Vitamin C,0.32039811333810164,True,71.38047838969777,104.4765297814356,9.6,4
2279,c013e21f-ce7b-46c6-990f-254b459b8c8a,2018-03-31,contact_416@email.com,Unknown,Strength,Magnesium,0.14508467309956358,False,71.38047838969777,104.4765297814356,9.6,4
2280,c013e21f-ce7b-46c6-990f-254b459b8c8a,2018-04-30,contact_416@email.com,Unknown,Recovery,Magnesium,0.25689927253075556,False,61.8824479150779,134.04203050850526,5.4,4
2281,afa3f0fe-6cb6-4b26-8c04-4faafae6dc80,2018-01-31,hello_417@email.com,56-65,,No intake,,,86.7418678045594,104.24375625864307,8.0,4
2282,afa3f0fe-6cb6-4b26-8c04-4faafae6dc80,2018-02-28,hello_417@email.com,56-65,,No intake,,,94.51083109836902,101.51856354476467,7.3,4
2283,afa3f0fe-6cb6-4b26-8c04-4faafae6dc80,2018-03-31,hello_417@email.com,56-65,,No intake,,,66.51610617909576,83.9566573307439,11.0,4
2284,afa3f0fe-6cb6-4b26-8c04-4faafae6dc80,2018-04-30,hello_417@email.com,56-65,,No intake,,,92.496546304956,91.53585611494356,9.1,1
2285,24222f04-1d15-4c45-9511-d4abaf6f398f,2018-01-31,contact_418@email.com,36-45,Strength,Omega-3,0.4930369888042352,False,94.13582934147766,72.96341447628123,8.3,2
2286,24222f04-1d15-4c45-9511-d4abaf6f398f,2018-02-28,contact_418@email.com,36-45,,No intake,,,96.57361770665936,114.34747055313191,4.9,4
2287,24222f04-1d15-4c45-9511-d4abaf6f398f,2018-03-31,contact_418@email.com,36-45,Sleep Quality,Omega-3,0.30462247860772484,True,70.6114035634421,87.3975020748965,8.8,2
2288,24222f04-1d15-4c45-9511-d4abaf6f398f,2018-03-31,contact_418@email.com,36-45,Recovery,Vitamin C,0.4943215690894353,False,70.6114035634421,87.3975020748965,8.8,2
2289,24222f04-1d15-4c45-9511-d4abaf6f398f,2018-04-30,contact_418@email.com,36-45,Focus,Omega-3,0.22093069330915738,True,96.15812260759556,91.29086781398256,4.9,3
2290,24222f04-1d15-4c45-9511-d4abaf6f398f,2018-04-30,contact_418@email.com,36-45,Focus,Vitamin C,0.4828027671277418,True,96.15812260759556,91.29086781398256,4.9,3
2291,64c9a4bf-00e8-4855-b7a6-bfeb03ee81c9,2018-01-31,contact_419@example.com,36-45,Sleep Quality,Vitamin C,0.32158882183445087,False,72.8265101894573,123.95701651650248,6.7,3
2292,64c9a4bf-00e8-4855-b7a6-bfeb03ee81c9,2018-02-28,contact_419@example.com,36-45,Focus,Omega-3,0.3819147947361061,False,82.0935205382201,92.90548282130176,5.1,4
2293,64c9a4bf-00e8-4855-b7a6-bfeb03ee81c9,2018-02-28,contact_419@example.com,36-45,Recovery,Omega-3,0.16648612074809632,False,82.0935205382201,92.90548282130176,5.1,4
2294,64c9a4bf-00e8-4855-b7a6-bfeb03ee81c9,2018-03-31,contact_419@example.com,36-45,Focus,Vitamin C,0.19963073286863675,False,62.020298833291285,86.95371244091996,9.5,3
2295,64c9a4bf-00e8-4855-b7a6-bfeb03ee81c9,2018-04-30,contact_419@example.com,36-45,Strength,Magnesium,0.3281329704804992,False,61.75524353474975,81.83404243935941,5.7,2
2296,e7f1a436-2f0d-43f4-a4e9-37ebb7d271c1,2018-01-31,user420@myemail.com,36-45,,No intake,,,88.81492850928811,124.24008815273692,7.1,3
2297,e7f1a436-2f0d-43f4-a4e9-37ebb7d271c1,2018-02-28,user420@myemail.com,36-45,Strength,Magnesium,0.2264205180675484,False,77.77919911911164,79.07943805930188,11.2,3
2298,e7f1a436-2f0d-43f4-a4e9-37ebb7d271c1,2018-03-31,user420@myemail.com,36-45,Sleep Quality,Omega-3,0.3551917509572866,False,70.2516950147687,101.76276321752476,5.6,2
2299,e7f1a436-2f0d-43f4-a4e9-37ebb7d271c1,2018-03-31,user420@myemail.com,36-45,Recovery,Zinc,0.30432368628461487,False,70.2516950147687,101.76276321752476,5.6,2
2300,e7f1a436-2f0d-43f4-a4e9-37ebb7d271c1,2018-03-31,user420@myemail.com,36-45,Sleep Quality,Zinc,0.29298880919602616,False,70.2516950147687,101.76276321752476,5.6,2
2301,e7f1a436-2f0d-43f4-a4e9-37ebb7d271c1,2018-04-30,user420@myemail.com,36-45,Memory,Vitamin C,0.2511542563090896,False,67.61653984099641,105.4851081254036,8.1,3
2302,f2aaf189-c2b3-4801-ae39-630e5a943148,2018-01-31,hello421@myemail.com,Over 65,Sleep Quality,Zinc,0.1600077447159448,False,86.79813963436872,118.11729388800002,7.4,4
2303,f2aaf189-c2b3-4801-ae39-630e5a943148,2018-02-28,hello421@myemail.com,Over 65,Memory,Zinc,0.2619572387292265,False,60.0160617610136,114.32984376330968,4.1,2
2304,f2aaf189-c2b3-4801-ae39-630e5a943148,2018-03-31,hello421@myemail.com,Over 65,Memory,Omega-3,0.2737355406593167,False,92.23564676787416,126.75044710616224,10.3,2
2305,f2aaf189-c2b3-4801-ae39-630e5a943148,2018-04-30,hello421@myemail.com,Over 65,Strength,Magnesium,0.14676125691201936,False,63.16998424519716,73.13260037483667,4.6,1
2306,5a676865-ed20-4ed9-ae62-c68dd08696ac,2018-01-31,user422@example.com,36-45,,No intake,,,67.65958459632478,90.7508507345578,7.8,1
2307,5a676865-ed20-4ed9-ae62-c68dd08696ac,2018-02-28,user422@example.com,36-45,Memory,Magnesium,0.38925657223496685,False,75.44945581196359,89.60938831427659,8.5,2
2308,5a676865-ed20-4ed9-ae62-c68dd08696ac,2018-03-31,user422@example.com,36-45,,No intake,,,79.39434958864415,80.22118339144758,9.0,2
2309,5a676865-ed20-4ed9-ae62-c68dd08696ac,2018-04-30,user422@example.com,36-45,,No intake,,,74.19980463255767,90.24247776995102,9.5,1
2310,188e7951-ff83-4500-9c17-85f4d631f5ac,2018-01-31,user423@example.com,Over 65,Strength,Zinc,0.4441149059258196,False,72.82848659937176,91.68357199000324,6.0,4
2311,188e7951-ff83-4500-9c17-85f4d631f5ac,2018-01-31,user423@example.com,Over 65,Sleep Quality,Vitamin C,0.3279949278154973,False,72.82848659937176,91.68357199000324,6.0,4
2312,188e7951-ff83-4500-9c17-85f4d631f5ac,2018-02-28,user423@example.com,Over 65,Memory,Placebo,0.49340820841012073,False,98.55664048292752,106.53191233492348,4.1,3
2313,188e7951-ff83-4500-9c17-85f4d631f5ac,2018-02-28,user423@example.com,Over 65,Sleep Quality,Vitamin C,0.2614785734130237,True,98.55664048292752,106.53191233492348,4.1,3
2314,188e7951-ff83-4500-9c17-85f4d631f5ac,2018-03-31,user423@example.com,Over 65,Memory,Placebo,0.32106741447719095,True,85.66318724973577,116.45931352483792,9.8,3
2315,188e7951-ff83-4500-9c17-85f4d631f5ac,2018-04-30,user423@example.com,Over 65,,No intake,,,60.93731821469553,96.67703595282698,8.3,3
2316,5f0e4914-1dcf-44f6-a091-dc5b167dc2f5,2018-01-31,contact_424@example.com,18-25,Focus,Omega-3,0.1997934346123128,True,77.20703633777254,120.36291619193668,10.7,2
2317,5f0e4914-1dcf-44f6-a091-dc5b167dc2f5,2018-02-28,contact_424@example.com,18-25,Endurance,Vitamin C,0.3648850471600449,False,95.0003479897588,93.5315737005706,10.6,4
2318,5f0e4914-1dcf-44f6-a091-dc5b167dc2f5,2018-03-31,contact_424@example.com,18-25,Focus,Magnesium,0.1805760519689465,False,72.05824745642671,90.31985741203324,10.7,1
2319,5f0e4914-1dcf-44f6-a091-dc5b167dc2f5,2018-04-30,contact_424@example.com,18-25,Sleep Quality,Placebo,0.23247550886089755,False,63.78225379097553,107.88316390999172,7.9,4
2320,101520fd-0ea5-4b5b-8ec3-c75ce0566261,2018-01-31,contact_425@example.com,26-35,,No intake,,,90.33539086359671,71.66014522140534,6.7,4
2321,101520fd-0ea5-4b5b-8ec3-c75ce0566261,2018-02-28,contact_425@example.com,26-35,Recovery,Zinc,0.19837488570113965,False,84.24055327744325,75.58523865438002,10.3,3
2322,101520fd-0ea5-4b5b-8ec3-c75ce0566261,2018-03-31,contact_425@example.com,26-35,Focus,Placebo,0.35557824874215704,True,82.81250031306016,99.25786805105687,7.6,1
2323,101520fd-0ea5-4b5b-8ec3-c75ce0566261,2018-04-30,contact_425@example.com,26-35,,No intake,,,62.14306238429632,136.00388979742297,5.5,4
2324,fc1fe0c3-021d-4e11-99e0-49ecaab815cf,2018-01-31,hi426@email.com,36-45,,No intake,,,65.6199603918207,120.50582458903966,10.8,1
2325,fc1fe0c3-021d-4e11-99e0-49ecaab815cf,2018-02-28,hi426@email.com,36-45,Recovery,Omega-3,0.1348896555366891,True,84.90197584852456,76.16885986503904,11.1,2
2326,fc1fe0c3-021d-4e11-99e0-49ecaab815cf,2018-02-28,hi426@email.com,36-45,Endurance,Zinc,0.1930832801555486,True,84.90197584852456,76.16885986503904,11.1,2
2327,fc1fe0c3-021d-4e11-99e0-49ecaab815cf,2018-03-31,hi426@email.com,36-45,Sleep Quality,Omega-3,0.30979567503660926,False,68.31295365835344,129.24226089466117,7.7,3
2328,fc1fe0c3-021d-4e11-99e0-49ecaab815cf,2018-04-30,hi426@email.com,36-45,Sleep Quality,Zinc,0.2661573719875193,False,80.16280318993697,121.26105394257269,4.6,1
2329,9199b4d8-8259-4b1f-a60c-139fe9fbabb8,2018-01-31,contact427@example.com,56-65,,No intake,,,81.79526744117574,112.76625679918573,7.1,2
2330,9199b4d8-8259-4b1f-a60c-139fe9fbabb8,2018-02-28,contact427@example.com,56-65,Endurance,Vitamin C,0.40224453272966876,False,71.34028761083758,127.42050724264242,10.4,2
2331,9199b4d8-8259-4b1f-a60c-139fe9fbabb8,2018-03-31,contact427@example.com,56-65,Recovery,Omega-3,0.10932893262507003,True,97.93700622165971,98.287689342007,11.2,2
2332,9199b4d8-8259-4b1f-a60c-139fe9fbabb8,2018-04-30,contact427@example.com,56-65,,No intake,,,93.698564273423,85.5050735597697,5.6,4
2333,d160044e-14cb-431d-a307-587a5bf9c605,2018-01-31,hello428@email.com,Over 65,Sleep Quality,Omega-3,0.25622975103698753,True,88.89494030531193,105.84163723761316,4.5,4
2334,d160044e-14cb-431d-a307-587a5bf9c605,2018-01-31,hello428@email.com,Over 65,Focus,Zinc,0.2321069553291664,False,88.89494030531193,105.84163723761316,4.5,4
2335,d160044e-14cb-431d-a307-587a5bf9c605,2018-01-31,hello428@email.com,Over 65,Endurance,Zinc,0.21626650463975092,False,88.89494030531193,105.84163723761316,4.5,4
2336,d160044e-14cb-431d-a307-587a5bf9c605,2018-02-28,hello428@email.com,Over 65,Strength,Omega-3,0.22644063271312972,False,63.119754656376365,108.41892289154316,11.0,3
2337,d160044e-14cb-431d-a307-587a5bf9c605,2018-02-28,hello428@email.com,Over 65,Sleep Quality,Placebo,0.3330489432712985,False,63.119754656376365,108.41892289154316,11.0,3
2338,d160044e-14cb-431d-a307-587a5bf9c605,2018-03-31,hello428@email.com,Over 65,,No intake,,,64.24520077236077,107.68284604069385,7.1,3
2339,d160044e-14cb-431d-a307-587a5bf9c605,2018-04-30,hello428@email.com,Over 65,,No intake,,,79.71125383459822,109.55516540360736,8.3,2
2340,ee2bd377-9fc0-43ab-ab87-2d68da5dc34a,2018-01-31,contact429@example.com,36-45,Sleep Quality,Omega-3,0.13312170988581828,False,66.42853396763942,136.40934427674267,11.7,3
2341,ee2bd377-9fc0-43ab-ab87-2d68da5dc34a,2018-02-28,contact429@example.com,36-45,Strength,Omega-3,0.47393392087009406,False,99.13061854117896,133.1571936167362,4.5,4
2342,ee2bd377-9fc0-43ab-ab87-2d68da5dc34a,2018-03-31,contact429@example.com,36-45,Sleep Quality,Omega-3,0.18982744771070056,False,66.34080936109638,131.30019255912575,9.2,3
2343,ee2bd377-9fc0-43ab-ab87-2d68da5dc34a,2018-04-30,contact429@example.com,36-45,Memory,Placebo,0.13823749452107895,False,79.49871341855896,126.09917676360392,4.6,1
2344,ee2bd377-9fc0-43ab-ab87-2d68da5dc34a,2018-04-30,contact429@example.com,36-45,Focus,Zinc,0.23910600836585116,False,79.49871341855896,126.09917676360392,4.6,1
2345,2317c5b3-6e0f-4cae-bd06-f5192c2039b5,2018-01-31,hi_430@example.com,36-45,,No intake,,,74.56484227366022,136.03996750857,7.0,4
2346,2317c5b3-6e0f-4cae-bd06-f5192c2039b5,2018-02-28,hi_430@example.com,36-45,Endurance,Vitamin C,0.2553191111794156,False,85.57545685816392,76.89462491755823,10.4,2
2347,2317c5b3-6e0f-4cae-bd06-f5192c2039b5,2018-02-28,hi_430@example.com,36-45,Memory,Magnesium,0.2781604311150037,False,85.57545685816392,76.89462491755823,10.4,2
2348,2317c5b3-6e0f-4cae-bd06-f5192c2039b5,2018-03-31,hi_430@example.com,36-45,Strength,Zinc,0.2606863678741551,False,65.161456355577,88.55862830120176,7.5,2
2349,2317c5b3-6e0f-4cae-bd06-f5192c2039b5,2018-04-30,hi_430@example.com,36-45,Focus,Zinc,0.2993485781803678,True,77.21265712169563,104.65391619582094,12.0,3
2350,b94671f2-db98-4ee9-81c6-89998ce4efe0,2018-01-31,user_431@email.com,36-45,,No intake,,,70.98820131228575,129.25741451863837,8.5,4
2351,b94671f2-db98-4ee9-81c6-89998ce4efe0,2018-02-28,user_431@email.com,36-45,,No intake,,,95.51006098686751,105.36159980659129,6.6,2
2352,b94671f2-db98-4ee9-81c6-89998ce4efe0,2018-03-31,user_431@email.com,36-45,Strength,Zinc,0.1665097473528433,True,61.623428485387805,122.3624317539112,5.8,2
2353,b94671f2-db98-4ee9-81c6-89998ce4efe0,2018-03-31,user_431@email.com,36-45,Endurance,Placebo,0.2735903396481181,False,61.623428485387805,122.3624317539112,5.8,2
2354,b94671f2-db98-4ee9-81c6-89998ce4efe0,2018-03-31,user_431@email.com,36-45,Focus,Zinc,0.24556783072179025,False,61.623428485387805,122.3624317539112,5.8,2
2355,b94671f2-db98-4ee9-81c6-89998ce4efe0,2018-03-31,user_431@email.com,36-45,Sleep Quality,Zinc,0.4796735537891073,False,61.623428485387805,122.3624317539112,5.8,2
2356,b94671f2-db98-4ee9-81c6-89998ce4efe0,2018-04-30,user_431@email.com,36-45,,No intake,,,96.54909976025836,79.72719336742414,6.8,4
2357,b5a21b94-42a1-466b-ba0b-3d1231d85e27,2018-01-31,hello_432@email.com,56-65,Memory,Vitamin C,0.426533759558033,False,93.31976554212002,87.66896690835921,7.0,4
2358,b5a21b94-42a1-466b-ba0b-3d1231d85e27,2018-01-31,hello_432@email.com,56-65,Memory,Omega-3,0.2443539649977228,False,93.31976554212002,87.66896690835921,7.0,4
2359,b5a21b94-42a1-466b-ba0b-3d1231d85e27,2018-02-28,hello_432@email.com,56-65,Focus,Zinc,0.35275586888074173,False,71.90282865763263,121.22432665263707,4.5,2
2360,b5a21b94-42a1-466b-ba0b-3d1231d85e27,2018-02-28,hello_432@email.com,56-65,Focus,Zinc,0.19696883800242954,True,71.90282865763263,121.22432665263707,4.5,2
2361,b5a21b94-42a1-466b-ba0b-3d1231d85e27,2018-02-28,hello_432@email.com,56-65,Strength,Vitamin C,0.25264442954686417,False,71.90282865763263,121.22432665263707,4.5,2
2362,b5a21b94-42a1-466b-ba0b-3d1231d85e27,2018-03-31,hello_432@email.com,56-65,Focus,Vitamin C,0.38196517129765767,False,91.5716261870842,81.53138062214069,7.0,3
2363,b5a21b94-42a1-466b-ba0b-3d1231d85e27,2018-03-31,hello_432@email.com,56-65,Strength,Zinc,0.18411809070780266,True,91.5716261870842,81.53138062214069,7.0,3
2364,b5a21b94-42a1-466b-ba0b-3d1231d85e27,2018-04-30,hello_432@email.com,56-65,Endurance,Placebo,0.31632491299297405,False,61.2485424135499,94.59491542584487,7.7,3
2365,b5a21b94-42a1-466b-ba0b-3d1231d85e27,2018-04-30,hello_432@email.com,56-65,Recovery,Placebo,0.49543619161053276,False,61.2485424135499,94.59491542584487,7.7,3
2366,f9b10088-001f-413c-9de8-5c2561448b54,2018-01-31,user_433@myemail.com,Over 65,Memory,Magnesium,0.34082146917081807,True,98.67462201173576,88.54063804695,9.8,3
2367,f9b10088-001f-413c-9de8-5c2561448b54,2018-02-28,user_433@myemail.com,Over 65,,No intake,,,81.06379770359158,94.4903185955735,9.3,1
2368,f9b10088-001f-413c-9de8-5c2561448b54,2018-03-31,user_433@myemail.com,Over 65,,No intake,,,72.13124104261782,119.58268343545792,9.7,4
2369,f9b10088-001f-413c-9de8-5c2561448b54,2018-04-30,user_433@myemail.com,Over 65,,No intake,,,74.50332850378709,95.74930267999608,4.1,2
2370,56803329-0f17-41a2-9391-6e9bb6f366a9,2018-01-31,hi434@example.com,18-25,Recovery,Zinc,0.12221744934902824,False,62.6562141384199,108.8684325825558,5.7,1
2371,56803329-0f17-41a2-9391-6e9bb6f366a9,2018-01-31,hi434@example.com,18-25,Sleep Quality,Magnesium,0.4271111535886512,True,62.6562141384199,108.8684325825558,5.7,1
2372,56803329-0f17-41a2-9391-6e9bb6f366a9,2018-02-28,hi434@example.com,18-25,,No intake,,,99.57398056168157,76.99523139380868,9.3,3
2373,56803329-0f17-41a2-9391-6e9bb6f366a9,2018-03-31,hi434@example.com,18-25,,No intake,,,61.5716778060277,126.35123852642394,7.9,1
2374,56803329-0f17-41a2-9391-6e9bb6f366a9,2018-04-30,hi434@example.com,18-25,Strength,Vitamin C,0.1607866747368643,False,86.19628492591437,95.89220379536874,4.0,2
2375,af365a8c-8d2e-4751-bf24-4bf213695744,2018-01-31,hi_435@example.com,18-25,Memory,Placebo,0.12953145687755296,False,77.70943710825833,115.39739113233398,10.4,2
2376,af365a8c-8d2e-4751-bf24-4bf213695744,2018-02-28,hi_435@example.com,18-25,Recovery,Placebo,0.18762664652495156,True,97.9566487275486,120.77727211632828,10.2,4
2377,af365a8c-8d2e-4751-bf24-4bf213695744,2018-03-31,hi_435@example.com,18-25,,No intake,,,69.83998961227181,84.67626454781903,8.4,3
2378,af365a8c-8d2e-4751-bf24-4bf213695744,2018-04-30,hi_435@example.com,18-25,Sleep Quality,Vitamin C,0.43718249129404607,True,81.28347295752044,131.9272489467345,4.5,3
2379,e9ca33b8-6dca-4b28-a99c-cffd3db50a55,2018-01-31,hello436@example.com,46-55,,No intake,,,79.29424834331012,113.13569761248672,10.1,1
2380,e9ca33b8-6dca-4b28-a99c-cffd3db50a55,2018-02-28,hello436@example.com,46-55,Recovery,Vitamin C,0.2753675458807646,False,88.11465776200406,100.01075992260373,8.7,3
2381,e9ca33b8-6dca-4b28-a99c-cffd3db50a55,2018-03-31,hello436@example.com,46-55,Strength,Magnesium,0.4638659886436465,False,62.72040927809682,82.76346285047536,10.3,1
2382,e9ca33b8-6dca-4b28-a99c-cffd3db50a55,2018-04-30,hello436@example.com,46-55,,No intake,,,67.7515652009342,135.96106565308446,10.0,2
2383,6110ae8a-b3b8-4001-99fc-35471f847edc,2018-01-31,user_437@myemail.com,26-35,Strength,Omega-3,0.4873439126038776,False,68.582592803714,122.85477428921376,10.4,2
2384,6110ae8a-b3b8-4001-99fc-35471f847edc,2018-01-31,user_437@myemail.com,26-35,Endurance,Zinc,0.4034594370969789,True,68.582592803714,122.85477428921376,10.4,2
2385,6110ae8a-b3b8-4001-99fc-35471f847edc,2018-01-31,user_437@myemail.com,26-35,Sleep Quality,Vitamin C,0.3829176822966142,False,68.582592803714,122.85477428921376,10.4,2
2386,6110ae8a-b3b8-4001-99fc-35471f847edc,2018-01-31,user_437@myemail.com,26-35,Endurance,Placebo,0.23945779134228706,False,68.582592803714,122.85477428921376,10.4,2
2387,6110ae8a-b3b8-4001-99fc-35471f847edc,2018-02-28,user_437@myemail.com,26-35,Focus,Zinc,0.25672774928917236,False,89.5260301936676,84.56171939132741,8.1,2
2388,6110ae8a-b3b8-4001-99fc-35471f847edc,2018-02-28,user_437@myemail.com,26-35,Strength,Vitamin C,0.28813203532190684,False,89.5260301936676,84.56171939132741,8.1,2
2389,6110ae8a-b3b8-4001-99fc-35471f847edc,2018-03-31,user_437@myemail.com,26-35,,No intake,,,67.5655478530696,93.63975423069571,5.1,2
2390,6110ae8a-b3b8-4001-99fc-35471f847edc,2018-04-30,user_437@myemail.com,26-35,Recovery,Omega-3,0.40073348442386036,False,82.93967055563907,126.67719806616512,9.4,2
2391,45f121b6-9c9c-47eb-bac6-c19d92144d10,2018-01-31,user438@myemail.com,46-55,,No intake,,,68.60975282003815,118.69743642507372,9.0,1
2392,45f121b6-9c9c-47eb-bac6-c19d92144d10,2018-02-28,user438@myemail.com,46-55,,No intake,,,94.46499800335914,123.6049004901007,9.9,2
2393,45f121b6-9c9c-47eb-bac6-c19d92144d10,2018-03-31,user438@myemail.com,46-55,Endurance,Zinc,0.4016804367969779,False,97.68741817958552,100.88407715490528,5.4,1
2394,45f121b6-9c9c-47eb-bac6-c19d92144d10,2018-03-31,user438@myemail.com,46-55,Focus,Omega-3,0.36945334193538426,False,97.68741817958552,100.88407715490528,5.4,1
2395,45f121b6-9c9c-47eb-bac6-c19d92144d10,2018-04-30,user438@myemail.com,46-55,,No intake,,,80.73971899768962,120.15333838495168,5.6,2
2396,1a46798a-036d-43ab-a1b7-41b139fa8436,2018-01-31,hi439@email.com,36-45,Recovery,Magnesium,0.3812554173149923,False,74.09235536836712,97.05456060047396,11.1,1
2397,1a46798a-036d-43ab-a1b7-41b139fa8436,2018-02-28,hi439@email.com,36-45,Memory,Placebo,0.18104752765011145,False,69.36231100069996,84.78840418567376,10.0,1
2398,1a46798a-036d-43ab-a1b7-41b139fa8436,2018-02-28,hi439@email.com,36-45,Focus,Zinc,0.2789473911967489,False,69.36231100069996,84.78840418567376,10.0,1
2399,1a46798a-036d-43ab-a1b7-41b139fa8436,2018-03-31,hi439@email.com,36-45,Recovery,Vitamin C,0.37432606646881783,False,61.99124006092176,114.2873924388952,11.3,1
2400,1a46798a-036d-43ab-a1b7-41b139fa8436,2018-04-30,hi439@email.com,36-45,Focus,Zinc,0.46798660914545703,False,70.74000304789982,138.3209747919156,10.1,3
2401,119812a6-ff27-4a5c-bf0d-f402e625c6b2,2018-01-31,hi_440@example.com,Over 65,Strength,Omega-3,0.3655984069838431,False,86.16943119781271,91.74206799767308,8.8,1
2402,119812a6-ff27-4a5c-bf0d-f402e625c6b2,2018-02-28,hi_440@example.com,Over 65,,No intake,,,81.34467725236843,102.26787145487778,9.2,1
2403,119812a6-ff27-4a5c-bf0d-f402e625c6b2,2018-03-31,hi_440@example.com,Over 65,,No intake,,,97.7616511312371,117.18009597488977,11.1,2
2404,119812a6-ff27-4a5c-bf0d-f402e625c6b2,2018-04-30,hi_440@example.com,Over 65,Endurance,Placebo,0.3272911262666645,False,75.85109049966802,107.90543974857415,8.6,1
2405,7fdf275a-57a4-49d4-8734-7241c7124ea8,2018-01-31,hello441@myemail.com,36-45,Sleep Quality,Magnesium,0.22969995825544604,True,87.75453369313578,129.03994569963345,9.1,1
2406,7fdf275a-57a4-49d4-8734-7241c7124ea8,2018-01-31,hello441@myemail.com,36-45,Sleep Quality,Zinc,0.2289988873426775,True,87.75453369313578,129.03994569963345,9.1,1
2407,7fdf275a-57a4-49d4-8734-7241c7124ea8,2018-01-31,hello441@myemail.com,36-45,Memory,Vitamin C,0.47072654157135935,True,87.75453369313578,129.03994569963345,9.1,1
2408,7fdf275a-57a4-49d4-8734-7241c7124ea8,2018-02-28,hello441@myemail.com,36-45,,No intake,,,79.57290989900486,123.32198945286612,5.3,4
2409,7fdf275a-57a4-49d4-8734-7241c7124ea8,2018-03-31,hello441@myemail.com,36-45,Strength,Vitamin C,0.3302645585086849,False,80.50304863696846,74.080804270365,7.8,3
2410,7fdf275a-57a4-49d4-8734-7241c7124ea8,2018-04-30,hello441@myemail.com,36-45,Strength,Placebo,0.48109714925058805,True,70.7109725841647,139.8894863746642,9.7,4
2411,b8cbf762-2997-40f9-9e56-6ab6d1fbfe45,2018-01-31,contact442@example.com,46-55,Recovery,Vitamin C,0.16804049847526795,True,78.19803107367999,122.6681717603627,6.2,2
2412,b8cbf762-2997-40f9-9e56-6ab6d1fbfe45,2018-01-31,contact442@example.com,46-55,Strength,Zinc,0.4002389450029285,False,78.19803107367999,122.6681717603627,6.2,2
2413,b8cbf762-2997-40f9-9e56-6ab6d1fbfe45,2018-01-31,contact442@example.com,46-55,Memory,Placebo,0.2307280528800837,False,78.19803107367999,122.6681717603627,6.2,2
2414,b8cbf762-2997-40f9-9e56-6ab6d1fbfe45,2018-02-28,contact442@example.com,46-55,,No intake,,,78.83139988050829,130.47323214058792,5.6,3
2415,b8cbf762-2997-40f9-9e56-6ab6d1fbfe45,2018-03-31,contact442@example.com,46-55,,No intake,,,88.26570086995736,115.58383984667424,6.5,3
2416,b8cbf762-2997-40f9-9e56-6ab6d1fbfe45,2018-04-30,contact442@example.com,46-55,Strength,Omega-3,0.3501135003518393,False,97.62559996744456,129.93995896327334,5.9,4
2417,cfc9a50b-7b2a-426d-a51d-c5ca8c06161c,2018-01-31,hi443@example.com,46-55,Memory,Magnesium,0.13338084629511737,False,73.17285109930017,77.86680824500966,5.7,3
2418,cfc9a50b-7b2a-426d-a51d-c5ca8c06161c,2018-02-28,hi443@example.com,46-55,Memory,Vitamin C,0.4808695349825125,False,61.68801874325194,94.34164848915208,7.4,4
2419,cfc9a50b-7b2a-426d-a51d-c5ca8c06161c,2018-02-28,hi443@example.com,46-55,Focus,Vitamin C,0.2955194968164964,False,61.68801874325194,94.34164848915208,7.4,4
2420,cfc9a50b-7b2a-426d-a51d-c5ca8c06161c,2018-03-31,hi443@example.com,46-55,Endurance,Zinc,0.4048987060066858,True,79.85180502002558,131.34946605231448,11.3,1
2421,cfc9a50b-7b2a-426d-a51d-c5ca8c06161c,2018-03-31,hi443@example.com,46-55,Recovery,Omega-3,0.21575124034877116,True,79.85180502002558,131.34946605231448,11.3,1
2422,cfc9a50b-7b2a-426d-a51d-c5ca8c06161c,2018-04-30,hi443@example.com,46-55,,No intake,,,81.77845328596675,84.11586478868246,8.1,4
2423,e5e1e617-c439-4004-8787-87c07cd839d6,2018-01-31,user_444@example.com,46-55,,No intake,,,66.73762204527661,75.47694690060159,5.5,3
2424,e5e1e617-c439-4004-8787-87c07cd839d6,2018-02-28,user_444@example.com,46-55,Strength,Placebo,0.47247867208187805,True,90.41858425104266,125.16832579616532,4.6,3
2425,e5e1e617-c439-4004-8787-87c07cd839d6,2018-03-31,user_444@example.com,46-55,,No intake,,,99.39716433765966,128.48403089503074,9.6,2
2426,e5e1e617-c439-4004-8787-87c07cd839d6,2018-04-30,user_444@example.com,46-55,Sleep Quality,Placebo,0.4091826849402836,False,97.83098868033844,81.38565527329304,7.1,2
2427,69e27d33-bbd1-43ed-8672-f8091a4ed809,2018-01-31,contact445@myemail.com,Over 65,Recovery,Omega-3,0.32582858344284454,True,67.8842415529461,129.80421879479007,10.6,2
2428,69e27d33-bbd1-43ed-8672-f8091a4ed809,2018-02-28,contact445@myemail.com,Over 65,Sleep Quality,Zinc,0.1942068911166142,False,95.01452959603044,118.07374569180188,9.3,2
2429,69e27d33-bbd1-43ed-8672-f8091a4ed809,2018-02-28,contact445@myemail.com,Over 65,Endurance,Omega-3,0.12687883924108526,False,95.01452959603044,118.07374569180188,9.3,2
2430,69e27d33-bbd1-43ed-8672-f8091a4ed809,2018-02-28,contact445@myemail.com,Over 65,Memory,Magnesium,0.4799610377678139,False,95.01452959603044,118.07374569180188,9.3,2
2431,69e27d33-bbd1-43ed-8672-f8091a4ed809,2018-03-31,contact445@myemail.com,Over 65,,No intake,,,88.17974545646739,106.40578782516089,10.4,3
2432,69e27d33-bbd1-43ed-8672-f8091a4ed809,2018-04-30,contact445@myemail.com,Over 65,,No intake,,,78.15386255227646,128.11751349469694,6.2,2
2433,f3ad3e81-f2b0-4050-9d76-8ac97c1ebeff,2018-01-31,user446@example.com,56-65,Sleep Quality,Magnesium,0.25958329082197346,False,81.62443977298916,99.3474474523276,9.5,4
2434,f3ad3e81-f2b0-4050-9d76-8ac97c1ebeff,2018-02-28,user446@example.com,56-65,Endurance,Zinc,0.12047189426728376,False,93.98400699929832,83.5795769356378,6.1,1
2435,f3ad3e81-f2b0-4050-9d76-8ac97c1ebeff,2018-03-31,user446@example.com,56-65,Recovery,Zinc,0.25739706844744387,False,79.20539758553493,89.93968736274296,11.5,3
2436,f3ad3e81-f2b0-4050-9d76-8ac97c1ebeff,2018-04-30,user446@example.com,56-65,Endurance,Omega-3,0.12466648292296163,False,74.92829476420508,105.36148128053205,9.1,2
2437,f3ad3e81-f2b0-4050-9d76-8ac97c1ebeff,2018-04-30,user446@example.com,56-65,Focus,Placebo,0.332784141607677,False,74.92829476420508,105.36148128053205,9.1,2
2438,f3ad3e81-f2b0-4050-9d76-8ac97c1ebeff,2018-04-30,user446@example.com,56-65,Endurance,Vitamin C,0.3937620338019945,False,74.92829476420508,105.36148128053205,9.1,2
2439,f3ad3e81-f2b0-4050-9d76-8ac97c1ebeff,2018-04-30,user446@example.com,56-65,Strength,Omega-3,0.3347677426360344,False,74.92829476420508,105.36148128053205,9.1,2
2440,e11f5fc9-2269-4ed5-a018-5febd9f22410,2018-01-31,hello_447@myemail.com,46-55,Focus,Placebo,0.325040596959426,False,79.72989972103943,107.19315548712233,6.6,3
2441,e11f5fc9-2269-4ed5-a018-5febd9f22410,2018-02-28,hello_447@myemail.com,46-55,,No intake,,,83.16519216140196,126.39065785088636,6.2,2
2442,e11f5fc9-2269-4ed5-a018-5febd9f22410,2018-03-31,hello_447@myemail.com,46-55,Memory,Omega-3,0.14263897993174002,False,67.56310615113395,125.3946906556634,5.5,3
2443,e11f5fc9-2269-4ed5-a018-5febd9f22410,2018-03-31,hello_447@myemail.com,46-55,Focus,Zinc,0.36786446465315065,False,67.56310615113395,125.3946906556634,5.5,3
2444,e11f5fc9-2269-4ed5-a018-5febd9f22410,2018-03-31,hello_447@myemail.com,46-55,Endurance,Vitamin C,0.34100453502126216,False,67.56310615113395,125.3946906556634,5.5,3
2445,e11f5fc9-2269-4ed5-a018-5febd9f22410,2018-04-30,hello_447@myemail.com,46-55,,No intake,,,96.03630921067963,110.69565900432023,9.6,2
2446,06bfab5b-828b-4c8c-9c22-6972556bbac7,2018-01-31,hello448@example.com,46-55,Recovery,Vitamin C,0.15632768725351806,False,86.96747795318456,124.65498383558337,5.7,1
2447,06bfab5b-828b-4c8c-9c22-6972556bbac7,2018-02-28,hello448@example.com,46-55,Sleep Quality,Zinc,0.24135934136306178,True,85.33075669349955,83.42414208055698,8.8,2
2448,06bfab5b-828b-4c8c-9c22-6972556bbac7,2018-03-31,hello448@example.com,46-55,,No intake,,,63.97984904722553,73.5045168965306,6.1,4
2449,06bfab5b-828b-4c8c-9c22-6972556bbac7,2018-04-30,hello448@example.com,46-55,,No intake,,,84.16695752690367,131.154367584429,9.3,3
2450,d53d8e97-c95d-4b70-b129-fbafd25f4164,2018-01-31,hi449@myemail.com,26-35,Sleep Quality,Magnesium,0.37156195781106527,True,64.8384264895397,75.28881456339387,10.5,3
2451,d53d8e97-c95d-4b70-b129-fbafd25f4164,2018-02-28,hi449@myemail.com,26-35,Endurance,Magnesium,0.19330636076681731,False,63.14790700781596,87.26819008207981,10.2,4
2452,d53d8e97-c95d-4b70-b129-fbafd25f4164,2018-02-28,hi449@myemail.com,26-35,Strength,Omega-3,0.23729943795949732,False,63.14790700781596,87.26819008207981,10.2,4
2453,d53d8e97-c95d-4b70-b129-fbafd25f4164,2018-03-31,hi449@myemail.com,26-35,,No intake,,,81.09243582569573,118.67232647370692,10.1,4
2454,d53d8e97-c95d-4b70-b129-fbafd25f4164,2018-04-30,hi449@myemail.com,26-35,Sleep Quality,Vitamin C,0.4018117355306967,False,76.1114213618598,98.66135563391164,5.5,1
2455,03423714-676b-4a38-8c00-6c35f4081ef0,2018-01-31,hi450@email.com,56-65,Recovery,Zinc,0.26279523551605,False,83.55241080624893,131.34197789408563,4.7,3
2456,03423714-676b-4a38-8c00-6c35f4081ef0,2018-02-28,hi450@email.com,56-65,Strength,Vitamin C,0.2901441429822596,False,63.56888672228954,90.85858562635886,9.6,1
2457,03423714-676b-4a38-8c00-6c35f4081ef0,2018-03-31,hi450@email.com,56-65,,No intake,,,77.23932251389033,70.83099426685516,6.9,3
2458,03423714-676b-4a38-8c00-6c35f4081ef0,2018-04-30,hi450@email.com,56-65,Strength,Vitamin C,0.4489638707507826,False,66.99146860180632,91.04589483925209,7.5,3
2459,19c0bf5a-d490-48a2-b5ec-a09acf81092f,2018-01-31,contact451@example.com,36-45,Focus,Vitamin C,0.26911293622624155,False,99.48400343696466,110.4652534429382,4.2,1
2460,19c0bf5a-d490-48a2-b5ec-a09acf81092f,2018-02-28,contact451@example.com,36-45,,No intake,,,82.44600849740698,96.31568627823052,6.1,3
2461,19c0bf5a-d490-48a2-b5ec-a09acf81092f,2018-03-31,contact451@example.com,36-45,Focus,Magnesium,0.3012282139822933,False,87.4974744376347,107.44109290311286,4.3,3
2462,19c0bf5a-d490-48a2-b5ec-a09acf81092f,2018-03-31,contact451@example.com,36-45,Memory,Omega-3,0.17110128144621456,False,87.4974744376347,107.44109290311286,4.3,3
2463,19c0bf5a-d490-48a2-b5ec-a09acf81092f,2018-03-31,contact451@example.com,36-45,Memory,Omega-3,0.4742903396233656,True,87.4974744376347,107.44109290311286,4.3,3
2464,19c0bf5a-d490-48a2-b5ec-a09acf81092f,2018-04-30,contact451@example.com,36-45,Sleep Quality,Magnesium,0.4954442019278088,False,73.01673122730432,131.36186831845131,11.0,1
2465,fb387a0d-a6e2-416f-9503-fbacefe7e5cd,2018-01-31,hi_452@example.com,26-35,Sleep Quality,Placebo,0.4006626708841485,False,63.78955659117376,133.8739537961258,5.9,2
2466,fb387a0d-a6e2-416f-9503-fbacefe7e5cd,2018-02-28,hi_452@example.com,26-35,,No intake,,,99.03483451134149,88.61818452578785,8.5,1
2467,fb387a0d-a6e2-416f-9503-fbacefe7e5cd,2018-03-31,hi_452@example.com,26-35,Memory,Vitamin C,0.3935439480822261,False,71.45036141532734,102.34983312889304,4.3,3
2468,fb387a0d-a6e2-416f-9503-fbacefe7e5cd,2018-03-31,hi_452@example.com,26-35,Sleep Quality,Vitamin C,0.2569048583070776,True,71.45036141532734,102.34983312889304,4.3,3
2469,fb387a0d-a6e2-416f-9503-fbacefe7e5cd,2018-04-30,hi_452@example.com,26-35,Recovery,Magnesium,0.3731010309359837,False,76.95232740694297,108.44008106690158,9.3,4
2470,fb387a0d-a6e2-416f-9503-fbacefe7e5cd,2018-04-30,hi_452@example.com,26-35,Sleep Quality,Omega-3,0.48314742395103044,False,76.95232740694297,108.44008106690158,9.3,4
2471,50808111-0267-4283-8406-2457a6e4cfe3,2018-01-31,hi453@example.com,18-25,,No intake,,,85.994556868103,136.43787198217728,6.6,2
2472,50808111-0267-4283-8406-2457a6e4cfe3,2018-02-28,hi453@example.com,18-25,,No intake,,,60.98789190744445,139.90321234150693,11.2,4
2473,50808111-0267-4283-8406-2457a6e4cfe3,2018-03-31,hi453@example.com,18-25,Endurance,Zinc,0.1263160968065701,False,92.41036522069147,86.47850741890687,11.1,2
2474,50808111-0267-4283-8406-2457a6e4cfe3,2018-04-30,hi453@example.com,18-25,Sleep Quality,Zinc,0.3555511025704802,False,81.4631276011448,120.88859099420708,6.6,4
2475,7c88d2b0-feed-489d-beed-9cc37c195628,2018-01-31,user_454@email.com,26-35,Focus,Zinc,0.28180315602819256,True,71.12868748275288,96.46217435632366,11.2,2
2476,7c88d2b0-feed-489d-beed-9cc37c195628,2018-02-28,user_454@email.com,26-35,Memory,Zinc,0.14204765194095867,False,62.46431941169877,70.56757378203493,12.0,1
2477,7c88d2b0-feed-489d-beed-9cc37c195628,2018-03-31,user_454@email.com,26-35,Focus,Placebo,0.22146145829504038,False,66.49993661897766,70.64767657051317,10.6,2
2478,7c88d2b0-feed-489d-beed-9cc37c195628,2018-04-30,user_454@email.com,26-35,,No intake,,,95.80135435413747,102.2396205293579,10.8,2
2479,30d70a4b-ffe0-41e0-82b9-9230c39335d2,2018-01-31,contact455@example.com,Unknown,Memory,Magnesium,0.3643580215755711,True,87.44096895743564,104.18344391030342,6.0,2
2480,30d70a4b-ffe0-41e0-82b9-9230c39335d2,2018-02-28,contact455@example.com,Unknown,,No intake,,,69.99606886547559,71.57987876014099,8.6,3
2481,30d70a4b-ffe0-41e0-82b9-9230c39335d2,2018-03-31,contact455@example.com,Unknown,,No intake,,,62.62403059780118,118.08491917420118,4.5,4
2482,30d70a4b-ffe0-41e0-82b9-9230c39335d2,2018-04-30,contact455@example.com,Unknown,Recovery,Vitamin C,0.2547080939526728,True,87.62461249546546,90.58023720164672,4.8,1
2483,30d70a4b-ffe0-41e0-82b9-9230c39335d2,2018-04-30,contact455@example.com,Unknown,Sleep Quality,Vitamin C,0.21809129982218556,False,87.62461249546546,90.58023720164672,4.8,1
2484,b3af8370-d0a2-41b5-88a6-8be843cb838e,2018-01-31,hi456@email.com,56-65,Recovery,Placebo,0.1325122093282775,True,82.8963090387106,109.19251710751648,12.0,4
2485,b3af8370-d0a2-41b5-88a6-8be843cb838e,2018-02-28,hi456@email.com,56-65,,No intake,,,76.18078097832941,91.06433512157932,6.6,4
2486,b3af8370-d0a2-41b5-88a6-8be843cb838e,2018-03-31,hi456@email.com,56-65,Strength,Vitamin C,0.18383139277533517,True,74.54445796760255,81.69940204085151,10.0,1
2487,b3af8370-d0a2-41b5-88a6-8be843cb838e,2018-03-31,hi456@email.com,56-65,Sleep Quality,Placebo,0.2083789899329104,True,74.54445796760255,81.69940204085151,10.0,1
2488,b3af8370-d0a2-41b5-88a6-8be843cb838e,2018-04-30,hi456@email.com,56-65,Endurance,Magnesium,0.16864934075382593,True,68.67257103716433,98.50216170192128,10.5,3
2489,b3af8370-d0a2-41b5-88a6-8be843cb838e,2018-04-30,hi456@email.com,56-65,Recovery,Magnesium,0.3331486288114205,False,68.67257103716433,98.50216170192128,10.5,3
2490,38bbb850-2b41-47a2-b287-833317055c1a,2018-01-31,user457@email.com,Over 65,Recovery,Zinc,0.18711640000495172,False,86.78445026150071,86.25913553533505,10.9,2
2491,38bbb850-2b41-47a2-b287-833317055c1a,2018-02-28,user457@email.com,Over 65,Focus,Magnesium,0.1049638860240638,False,98.82672111175482,107.43606838434177,12.0,3
2492,38bbb850-2b41-47a2-b287-833317055c1a,2018-03-31,user457@email.com,Over 65,,No intake,,,67.02860983347304,83.9179971200536,5.9,3
2493,38bbb850-2b41-47a2-b287-833317055c1a,2018-04-30,user457@email.com,Over 65,Focus,Vitamin C,0.3807422042602481,False,83.88466480062013,105.58841836512389,4.3,2
2494,45f343d4-4199-41fa-af05-25d59b113a87,2018-01-31,user458@myemail.com,18-25,,No intake,,,76.96740222983905,81.01649604082073,7.3,4
2495,45f343d4-4199-41fa-af05-25d59b113a87,2018-02-28,user458@myemail.com,18-25,Sleep Quality,Magnesium,0.4386325103540178,False,77.86754886978659,116.96822966400497,5.0,2
2496,45f343d4-4199-41fa-af05-25d59b113a87,2018-03-31,user458@myemail.com,18-25,Sleep Quality,Vitamin C,0.3899325494097236,True,70.16589120511257,122.77563791089968,4.2,1
2497,45f343d4-4199-41fa-af05-25d59b113a87,2018-04-30,user458@myemail.com,18-25,Endurance,Zinc,0.10822858587507822,False,93.00539502645675,77.72759639749536,6.9,2
2498,45f343d4-4199-41fa-af05-25d59b113a87,2018-04-30,user458@myemail.com,18-25,Focus,Vitamin C,0.3193893684701585,False,93.00539502645675,77.72759639749536,6.9,2
2499,45f343d4-4199-41fa-af05-25d59b113a87,2018-04-30,user458@myemail.com,18-25,Sleep Quality,Magnesium,0.2155751402286868,False,93.00539502645675,77.72759639749536,6.9,2
2500,23a38be6-b027-443c-a7d8-742b9036f614,2018-01-31,hi459@example.com,36-45,Strength,Placebo,0.4700987947804662,False,79.41022416588964,102.74616884261374,10.3,4
2501,23a38be6-b027-443c-a7d8-742b9036f614,2018-01-31,hi459@example.com,36-45,Sleep Quality,Placebo,0.4127360764691951,False,79.41022416588964,102.74616884261374,10.3,4
2502,23a38be6-b027-443c-a7d8-742b9036f614,2018-02-28,hi459@example.com,36-45,,No intake,,,81.73623408793057,74.96101904584116,8.5,3
2503,23a38be6-b027-443c-a7d8-742b9036f614,2018-03-31,hi459@example.com,36-45,,No intake,,,72.19043651189303,111.87277118794016,6.5,3
2504,23a38be6-b027-443c-a7d8-742b9036f614,2018-04-30,hi459@example.com,36-45,Endurance,Zinc,0.3042278998461146,False,67.27233862667799,88.50830085507518,9.2,2
2505,23a38be6-b027-443c-a7d8-742b9036f614,2018-04-30,hi459@example.com,36-45,Recovery,Zinc,0.2556125416270844,False,67.27233862667799,88.50830085507518,9.2,2
2506,30e51b7b-df93-47c4-bab2-97fc9063b1ed,2018-01-31,contact_460@email.com,Over 65,Strength,Omega-3,0.45167256235663,False,63.43641552811282,106.93371197870954,5.9,1
2507,30e51b7b-df93-47c4-bab2-97fc9063b1ed,2018-02-28,contact_460@email.com,Over 65,,No intake,,,88.56476563699664,106.22227065690038,4.1,4
2508,30e51b7b-df93-47c4-bab2-97fc9063b1ed,2018-03-31,contact_460@email.com,Over 65,,No intake,,,67.84937126751423,134.70480423356602,10.1,3
2509,30e51b7b-df93-47c4-bab2-97fc9063b1ed,2018-04-30,contact_460@email.com,Over 65,,No intake,,,87.6030141675519,108.4358255798106,9.0,2
2510,4a754ad0-debc-4e59-9208-8f092fb43d88,2018-01-31,user461@example.com,Unknown,,No intake,,,75.61505784187815,110.8098935802821,10.1,1
2511,4a754ad0-debc-4e59-9208-8f092fb43d88,2018-02-28,user461@example.com,Unknown,,No intake,,,76.63099203958606,98.11571880350662,4.3,1
2512,4a754ad0-debc-4e59-9208-8f092fb43d88,2018-03-31,user461@example.com,Unknown,Recovery,Zinc,0.1174080741423051,True,78.76709984371087,136.4355722227972,10.7,3
2513,4a754ad0-debc-4e59-9208-8f092fb43d88,2018-04-30,user461@example.com,Unknown,,No intake,,,74.70834032510173,124.40301366077269,9.0,3
2514,48b7cfa6-0b8b-428c-8d78-8029baa0d5db,2018-01-31,hello_462@email.com,Unknown,Strength,Magnesium,0.3160006252461541,False,64.0247990889036,89.97837032119891,8.5,4
2515,48b7cfa6-0b8b-428c-8d78-8029baa0d5db,2018-02-28,hello_462@email.com,Unknown,,No intake,,,72.38527240011383,129.09467100433625,9.0,1
2516,48b7cfa6-0b8b-428c-8d78-8029baa0d5db,2018-03-31,hello_462@email.com,Unknown,,No intake,,,86.54937442775754,100.2677452129563,10.9,4
2517,48b7cfa6-0b8b-428c-8d78-8029baa0d5db,2018-04-30,hello_462@email.com,Unknown,,No intake,,,86.63137605875484,128.0067000473516,8.7,1
2518,125274d8-966c-477b-b262-0fb342c0fb07,2018-01-31,contact_463@myemail.com,46-55,Strength,Zinc,0.1856338618010643,False,71.44897228959978,127.60216478054514,8.6,1
2519,125274d8-966c-477b-b262-0fb342c0fb07,2018-02-28,contact_463@myemail.com,46-55,Strength,Placebo,0.3135105574940151,False,78.40410506230752,83.2209130733998,11.9,2
2520,125274d8-966c-477b-b262-0fb342c0fb07,2018-02-28,contact_463@myemail.com,46-55,Memory,Placebo,0.45713225050529577,False,78.40410506230752,83.2209130733998,11.9,2
2521,125274d8-966c-477b-b262-0fb342c0fb07,2018-02-28,contact_463@myemail.com,46-55,Recovery,Placebo,0.15576137680460186,True,78.40410506230752,83.2209130733998,11.9,2
2522,125274d8-966c-477b-b262-0fb342c0fb07,2018-02-28,contact_463@myemail.com,46-55,Memory,Omega-3,0.4651442846631801,True,78.40410506230752,83.2209130733998,11.9,2
2523,125274d8-966c-477b-b262-0fb342c0fb07,2018-03-31,contact_463@myemail.com,46-55,,No intake,,,67.7378891204775,119.07987919685038,10.1,3
2524,125274d8-966c-477b-b262-0fb342c0fb07,2018-04-30,contact_463@myemail.com,46-55,,No intake,,,68.41488326119344,90.34500785145718,7.5,1
2525,8524d4c4-ffa6-466d-9397-0109c9bf9e17,2018-01-31,hello_464@myemail.com,Over 65,,No intake,,,60.921883536264296,90.82448689948676,9.7,4
2526,8524d4c4-ffa6-466d-9397-0109c9bf9e17,2018-02-28,hello_464@myemail.com,Over 65,Memory,Magnesium,0.3539814851889157,False,95.8698619963098,90.74436538164063,7.1,3
2527,8524d4c4-ffa6-466d-9397-0109c9bf9e17,2018-03-31,hello_464@myemail.com,Over 65,Endurance,Vitamin C,0.371867989300609,False,68.42826660299625,120.78977732919635,5.8,4
2528,8524d4c4-ffa6-466d-9397-0109c9bf9e17,2018-03-31,hello_464@myemail.com,Over 65,Memory,Omega-3,0.17568360212231057,False,68.42826660299625,120.78977732919635,5.8,4
2529,8524d4c4-ffa6-466d-9397-0109c9bf9e17,2018-03-31,hello_464@myemail.com,Over 65,Endurance,Magnesium,0.1345064564252386,False,68.42826660299625,120.78977732919635,5.8,4
2530,8524d4c4-ffa6-466d-9397-0109c9bf9e17,2018-04-30,hello_464@myemail.com,Over 65,,No intake,,,69.10135507745854,86.08782292547752,8.8,3
2531,ccba6993-f7c5-4134-a2bf-b3d34033b929,2018-01-31,user_465@email.com,18-25,Recovery,Magnesium,0.2386164279054097,False,71.18405730580527,70.06340846722631,11.4,3
2532,ccba6993-f7c5-4134-a2bf-b3d34033b929,2018-02-28,user_465@email.com,18-25,Strength,Magnesium,0.32605838822277755,False,65.09632286781716,120.06657974378432,11.4,1
2533,ccba6993-f7c5-4134-a2bf-b3d34033b929,2018-02-28,user_465@email.com,18-25,Sleep Quality,Placebo,0.2628660248356481,False,65.09632286781716,120.06657974378432,11.4,1
2534,ccba6993-f7c5-4134-a2bf-b3d34033b929,2018-02-28,user_465@email.com,18-25,Sleep Quality,Magnesium,0.46901710754113063,False,65.09632286781716,120.06657974378432,11.4,1
2535,ccba6993-f7c5-4134-a2bf-b3d34033b929,2018-03-31,user_465@email.com,18-25,Memory,Omega-3,0.47459329920683,True,85.57051532725451,81.98293206845877,6.7,2
2536,ccba6993-f7c5-4134-a2bf-b3d34033b929,2018-03-31,user_465@email.com,18-25,Memory,Magnesium,0.4921541394577745,False,85.57051532725451,81.98293206845877,6.7,2
2537,ccba6993-f7c5-4134-a2bf-b3d34033b929,2018-04-30,user_465@email.com,18-25,Recovery,Vitamin C,0.18859589000805696,False,63.00571812710346,77.31376767154842,8.2,1
2538,cdf8991f-a1e2-4061-bd79-7db8ce0fc04d,2018-01-31,user_466@email.com,18-25,,No intake,,,65.36809705305402,86.62612844158421,5.7,3
2539,cdf8991f-a1e2-4061-bd79-7db8ce0fc04d,2018-02-28,user_466@email.com,18-25,Memory,Zinc,0.44496701610790723,True,85.79026906360372,96.59303656258928,12.0,1
2540,cdf8991f-a1e2-4061-bd79-7db8ce0fc04d,2018-03-31,user_466@email.com,18-25,,No intake,,,73.58642481925772,103.31344292312406,11.8,1
2541,cdf8991f-a1e2-4061-bd79-7db8ce0fc04d,2018-04-30,user_466@email.com,18-25,Strength,Zinc,0.1652888343778395,False,88.31791306804756,73.11990284988416,9.2,3
2542,baf8fbae-25e6-4979-a9dd-d3f862de7896,2018-01-31,hello467@myemail.com,Unknown,Focus,Placebo,0.24244235980758375,False,82.29698978680568,137.94013328391523,10.4,3
2543,baf8fbae-25e6-4979-a9dd-d3f862de7896,2018-02-28,hello467@myemail.com,Unknown,,No intake,,,70.24084692246052,120.12441373936906,9.7,1
2544,baf8fbae-25e6-4979-a9dd-d3f862de7896,2018-03-31,hello467@myemail.com,Unknown,Memory,Omega-3,0.39156550217523145,False,86.03311801957312,92.62358457270352,8.7,1
2545,baf8fbae-25e6-4979-a9dd-d3f862de7896,2018-04-30,hello467@myemail.com,Unknown,,No intake,,,64.65094721171522,92.3088080099778,4.4,1
2546,24844cd4-1ff3-4d70-8770-7808de6abe24,2018-01-31,contact468@email.com,46-55,,No intake,,,81.45641532320121,101.39797845579216,7.6,4
2547,24844cd4-1ff3-4d70-8770-7808de6abe24,2018-02-28,contact468@email.com,46-55,Endurance,Placebo,0.4255208709040652,False,77.48592420180138,113.83713759341232,9.4,1
2548,24844cd4-1ff3-4d70-8770-7808de6abe24,2018-03-31,contact468@email.com,46-55,Endurance,Magnesium,0.43754732020703896,False,70.71494331269763,80.24611466122775,9.4,4
2549,24844cd4-1ff3-4d70-8770-7808de6abe24,2018-03-31,contact468@email.com,46-55,Focus,Placebo,0.2623518675348896,False,70.71494331269763,80.24611466122775,9.4,4
2550,24844cd4-1ff3-4d70-8770-7808de6abe24,2018-04-30,contact468@email.com,46-55,Sleep Quality,Vitamin C,0.12962259379881458,False,84.16019990958,83.22508696354666,7.0,2
2551,24844cd4-1ff3-4d70-8770-7808de6abe24,2018-04-30,contact468@email.com,46-55,Strength,Zinc,0.2816916230828806,False,84.16019990958,83.22508696354666,7.0,2
2552,24844cd4-1ff3-4d70-8770-7808de6abe24,2018-04-30,contact468@email.com,46-55,Focus,Zinc,0.35685351811764626,True,84.16019990958,83.22508696354666,7.0,2
2553,0aef388d-af13-476a-b083-cc1b1f8348b2,2018-01-31,contact_469@example.com,56-65,,No intake,,,94.8533436936113,130.16042079834855,11.5,4
2554,0aef388d-af13-476a-b083-cc1b1f8348b2,2018-02-28,contact_469@example.com,56-65,,No intake,,,99.95618799052306,87.93784467223509,5.3,1
2555,0aef388d-af13-476a-b083-cc1b1f8348b2,2018-03-31,contact_469@example.com,56-65,,No intake,,,84.31051074973698,96.61364985826242,8.0,2
2556,0aef388d-af13-476a-b083-cc1b1f8348b2,2018-04-30,contact_469@example.com,56-65,,No intake,,,76.1882349731668,130.98902956650818,9.5,4
2557,9ecdece2-19f1-4de8-adae-03dd0bfeec71,2018-01-31,hello470@example.com,18-25,Sleep Quality,Zinc,0.36859866801298474,False,69.00828400864806,116.42034805798758,9.6,4
2558,9ecdece2-19f1-4de8-adae-03dd0bfeec71,2018-02-28,hello470@example.com,18-25,Recovery,Omega-3,0.33154921742887583,True,70.28384357580447,93.9198315539182,9.2,3
2559,9ecdece2-19f1-4de8-adae-03dd0bfeec71,2018-02-28,hello470@example.com,18-25,Focus,Magnesium,0.16809977038469687,False,70.28384357580447,93.9198315539182,9.2,3
2560,9ecdece2-19f1-4de8-adae-03dd0bfeec71,2018-03-31,hello470@example.com,18-25,,No intake,,,79.17819912599063,117.85896820072344,6.2,2
2561,9ecdece2-19f1-4de8-adae-03dd0bfeec71,2018-04-30,hello470@example.com,18-25,Endurance,Magnesium,0.3614880371039923,False,74.69110805122837,71.37782507669895,5.2,3
2562,098471cd-95f3-4d7b-bf2f-e83a952aa8c7,2018-01-31,hello471@email.com,46-55,,No intake,,,96.55258090499775,121.49498620079557,9.1,2
2563,098471cd-95f3-4d7b-bf2f-e83a952aa8c7,2018-02-28,hello471@email.com,46-55,Recovery,Omega-3,0.4075471049967892,True,74.73181870622838,104.09112283613676,8.8,4
2564,098471cd-95f3-4d7b-bf2f-e83a952aa8c7,2018-03-31,hello471@email.com,46-55,Sleep Quality,Magnesium,0.4722832046753336,False,74.93778364581742,126.92275030991227,5.4,3
2565,098471cd-95f3-4d7b-bf2f-e83a952aa8c7,2018-03-31,hello471@email.com,46-55,Sleep Quality,Omega-3,0.38171656095265855,False,74.93778364581742,126.92275030991227,5.4,3
2566,098471cd-95f3-4d7b-bf2f-e83a952aa8c7,2018-03-31,hello471@email.com,46-55,Recovery,Omega-3,0.3945220063923643,False,74.93778364581742,126.92275030991227,5.4,3
2567,098471cd-95f3-4d7b-bf2f-e83a952aa8c7,2018-04-30,hello471@email.com,46-55,,No intake,,,75.34138049735908,136.82463564045278,9.6,1
2568,f4618b32-cb3e-403f-8620-2d94d92adf8c,2018-01-31,contact472@example.com,26-35,Sleep Quality,Magnesium,0.41175163132132825,False,93.46480841470633,134.80519846461976,7.6,4
2569,f4618b32-cb3e-403f-8620-2d94d92adf8c,2018-01-31,contact472@example.com,26-35,Memory,Vitamin C,0.4550632255042112,False,93.46480841470633,134.80519846461976,7.6,4
2570,f4618b32-cb3e-403f-8620-2d94d92adf8c,2018-02-28,contact472@example.com,26-35,Recovery,Omega-3,0.4736945764288556,True,86.03153283387607,133.64855304187387,9.3,2
2571,f4618b32-cb3e-403f-8620-2d94d92adf8c,2018-03-31,contact472@example.com,26-35,Focus,Magnesium,0.4325563364268317,False,84.56675401275571,105.8518969153721,10.7,2
2572,f4618b32-cb3e-403f-8620-2d94d92adf8c,2018-04-30,contact472@example.com,26-35,Sleep Quality,Placebo,0.3387517149344688,False,73.36572089535449,95.20994798972566,5.4,3
2573,1a11e108-ce03-4375-b987-3265aa3c6466,2018-01-31,user473@myemail.com,26-35,,No intake,,,92.71616707329758,102.55247273114708,4.2,3
2574,1a11e108-ce03-4375-b987-3265aa3c6466,2018-02-28,user473@myemail.com,26-35,Strength,Omega-3,0.46482395912840296,True,61.53455445422805,118.29272023193523,10.2,2
2575,1a11e108-ce03-4375-b987-3265aa3c6466,2018-03-31,user473@myemail.com,26-35,Recovery,Omega-3,0.3511132694865352,True,94.83188689352453,131.87984438098306,8.9,4
2576,1a11e108-ce03-4375-b987-3265aa3c6466,2018-04-30,user473@myemail.com,26-35,Focus,Zinc,0.11537323897298792,False,80.50999599175718,84.48904121000837,9.6,3
2577,c9a60b23-17c4-4f8c-bbcc-7fae339201df,2018-01-31,hi_474@myemail.com,36-45,Memory,Omega-3,0.19806121182061256,False,75.93000939453651,134.2735210923192,10.7,1
2578,c9a60b23-17c4-4f8c-bbcc-7fae339201df,2018-02-28,hi_474@myemail.com,36-45,Sleep Quality,Vitamin C,0.4545326632989463,False,79.88669122870743,127.06261623789224,10.4,2
2579,c9a60b23-17c4-4f8c-bbcc-7fae339201df,2018-03-31,hi_474@myemail.com,36-45,,No intake,,,86.69662122135324,138.51992106247644,11.7,1
2580,c9a60b23-17c4-4f8c-bbcc-7fae339201df,2018-04-30,hi_474@myemail.com,36-45,,No intake,,,60.51061706071589,131.6176241297181,8.3,2
2581,656f6136-4fc0-4bbf-b10d-12baf19d8104,2018-01-31,hi_475@example.com,56-65,Focus,Vitamin C,0.1930321090445122,False,94.86207425832993,89.59561307843347,7.9,1
2582,656f6136-4fc0-4bbf-b10d-12baf19d8104,2018-01-31,hi_475@example.com,56-65,Recovery,Zinc,0.12637635522371476,False,94.86207425832993,89.59561307843347,7.9,1
2583,656f6136-4fc0-4bbf-b10d-12baf19d8104,2018-02-28,hi_475@example.com,56-65,Focus,Vitamin C,0.22368309461173067,False,77.86958101245571,77.41691379408334,7.2,4
2584,656f6136-4fc0-4bbf-b10d-12baf19d8104,2018-02-28,hi_475@example.com,56-65,Strength,Magnesium,0.4070992366185736,True,77.86958101245571,77.41691379408334,7.2,4
2585,656f6136-4fc0-4bbf-b10d-12baf19d8104,2018-03-31,hi_475@example.com,56-65,Focus,Placebo,0.19393610861423408,False,73.71866078800312,77.85687503941121,5.2,2
2586,656f6136-4fc0-4bbf-b10d-12baf19d8104,2018-04-30,hi_475@example.com,56-65,Sleep Quality,Magnesium,0.49736804383302713,False,65.52982262536229,90.38563230047932,8.6,4
2587,656f6136-4fc0-4bbf-b10d-12baf19d8104,2018-04-30,hi_475@example.com,56-65,Memory,Zinc,0.32338876866907534,False,65.52982262536229,90.38563230047932,8.6,4
2588,453078b9-06ae-4dbf-9fc1-319bd6dc09b7,2018-01-31,hi476@email.com,46-55,Focus,Zinc,0.36112720946157617,False,77.57861497433768,112.99286067891774,6.2,3
2589,453078b9-06ae-4dbf-9fc1-319bd6dc09b7,2018-01-31,hi476@email.com,46-55,Sleep Quality,Zinc,0.4557546226996208,False,77.57861497433768,112.99286067891774,6.2,3
2590,453078b9-06ae-4dbf-9fc1-319bd6dc09b7,2018-02-28,hi476@email.com,46-55,Sleep Quality,Omega-3,0.234752785790632,False,79.85291085137516,126.30242282680209,11.4,2
2591,453078b9-06ae-4dbf-9fc1-319bd6dc09b7,2018-03-31,hi476@email.com,46-55,Endurance,Omega-3,0.19777577838867727,False,76.14586777973912,132.94752148870953,8.7,4
2592,453078b9-06ae-4dbf-9fc1-319bd6dc09b7,2018-03-31,hi476@email.com,46-55,Endurance,Magnesium,0.3030240996442104,False,76.14586777973912,132.94752148870953,8.7,4
2593,453078b9-06ae-4dbf-9fc1-319bd6dc09b7,2018-03-31,hi476@email.com,46-55,Sleep Quality,Magnesium,0.49343631679373273,False,76.14586777973912,132.94752148870953,8.7,4
2594,453078b9-06ae-4dbf-9fc1-319bd6dc09b7,2018-04-30,hi476@email.com,46-55,,No intake,,,87.14640375307589,113.66273690584627,8.7,1
2595,7c8d5439-a5a0-4437-be3a-2dea7b5e5450,2018-01-31,user_477@myemail.com,46-55,,No intake,,,76.83586115036904,70.39419189236376,6.8,4
2596,7c8d5439-a5a0-4437-be3a-2dea7b5e5450,2018-02-28,user_477@myemail.com,46-55,Recovery,Placebo,0.24154829737929448,False,98.45670311386294,83.04217435629735,4.4,2
2597,7c8d5439-a5a0-4437-be3a-2dea7b5e5450,2018-03-31,user_477@myemail.com,46-55,,No intake,,,83.97110071294367,76.98083426973575,4.3,4
2598,7c8d5439-a5a0-4437-be3a-2dea7b5e5450,2018-04-30,user_477@myemail.com,46-55,Endurance,Vitamin C,0.15713131168670647,False,92.29911742607636,95.4327132898307,7.4,1
2599,16fb14a3-6e0a-4ec9-ba2a-e72aa03cc620,2018-01-31,contact478@myemail.com,Unknown,Sleep Quality,Vitamin C,0.3580412820631733,False,64.37423612437915,105.0945695543622,4.7,1
2600,16fb14a3-6e0a-4ec9-ba2a-e72aa03cc620,2018-01-31,contact478@myemail.com,Unknown,Focus,Zinc,0.4021846852392984,False,64.37423612437915,105.0945695543622,4.7,1
2601,16fb14a3-6e0a-4ec9-ba2a-e72aa03cc620,2018-02-28,contact478@myemail.com,Unknown,Focus,Omega-3,0.49886925116444675,True,75.89165171783623,73.03780250049925,8.9,1
2602,16fb14a3-6e0a-4ec9-ba2a-e72aa03cc620,2018-03-31,contact478@myemail.com,Unknown,,No intake,,,73.4739080578861,94.39345830569587,11.0,3
2603,16fb14a3-6e0a-4ec9-ba2a-e72aa03cc620,2018-04-30,contact478@myemail.com,Unknown,Strength,Zinc,0.3695791673314368,False,82.77929552546368,82.54257722377258,11.1,2
2604,111e39ff-79a2-4146-8887-972d4e87baca,2018-01-31,hello479@email.com,Unknown,Strength,Zinc,0.4387025067980158,False,94.44454080245704,115.29491163812118,9.3,1
2605,111e39ff-79a2-4146-8887-972d4e87baca,2018-01-31,hello479@email.com,Unknown,Memory,Magnesium,0.17252523259386487,True,94.44454080245704,115.29491163812118,9.3,1
2606,111e39ff-79a2-4146-8887-972d4e87baca,2018-01-31,hello479@email.com,Unknown,Sleep Quality,Vitamin C,0.23893350629242538,True,94.44454080245704,115.29491163812118,9.3,1
2607,111e39ff-79a2-4146-8887-972d4e87baca,2018-02-28,hello479@email.com,Unknown,,No intake,,,63.13352871048026,102.4990658527038,5.7,3
2608,111e39ff-79a2-4146-8887-972d4e87baca,2018-03-31,hello479@email.com,Unknown,Focus,Placebo,0.4013188482196328,False,62.902991921788434,104.67223528537362,10.9,1
2609,111e39ff-79a2-4146-8887-972d4e87baca,2018-04-30,hello479@email.com,Unknown,,No intake,,,94.01270832630397,99.93842516234228,11.1,4
2610,1c9092b0-6f84-45c6-afec-31f9f3180dbd,2018-01-31,hello480@email.com,46-55,Memory,Omega-3,0.31491113861937925,False,68.5140034415343,136.92137973405968,5.6,2
2611,1c9092b0-6f84-45c6-afec-31f9f3180dbd,2018-01-31,hello480@email.com,46-55,Focus,Magnesium,0.19672779292823275,False,68.5140034415343,136.92137973405968,5.6,2
2612,1c9092b0-6f84-45c6-afec-31f9f3180dbd,2018-01-31,hello480@email.com,46-55,Focus,Placebo,0.36829379732307305,False,68.5140034415343,136.92137973405968,5.6,2
2613,1c9092b0-6f84-45c6-afec-31f9f3180dbd,2018-01-31,hello480@email.com,46-55,Recovery,Magnesium,0.2343836992782053,False,68.5140034415343,136.92137973405968,5.6,2
2614,1c9092b0-6f84-45c6-afec-31f9f3180dbd,2018-02-28,hello480@email.com,46-55,,No intake,,,86.75013017799255,85.03145875850943,9.9,4
2615,1c9092b0-6f84-45c6-afec-31f9f3180dbd,2018-03-31,hello480@email.com,46-55,,No intake,,,81.7151252944322,106.1664981890712,6.3,3
2616,1c9092b0-6f84-45c6-afec-31f9f3180dbd,2018-04-30,hello480@email.com,46-55,Memory,Placebo,0.2107958301548837,False,93.31574379548915,121.52121578557352,10.4,4
2617,021fec0e-28e1-4f21-9fa3-c714703f0d7b,2018-01-31,user_481@email.com,Over 65,,No intake,,,65.00355639345614,108.9791089194194,12.0,4
2618,021fec0e-28e1-4f21-9fa3-c714703f0d7b,2018-02-28,user_481@email.com,Over 65,Strength,Placebo,0.24489858082153976,True,65.19131862890445,135.03146200017608,4.2,1
2619,021fec0e-28e1-4f21-9fa3-c714703f0d7b,2018-02-28,user_481@email.com,Over 65,Focus,Zinc,0.2150986050205593,False,65.19131862890445,135.03146200017608,4.2,1
2620,021fec0e-28e1-4f21-9fa3-c714703f0d7b,2018-03-31,user_481@email.com,Over 65,,No intake,,,82.2727344111323,96.4577848948899,11.2,4
2621,021fec0e-28e1-4f21-9fa3-c714703f0d7b,2018-04-30,user_481@email.com,Over 65,,No intake,,,97.85514613433484,102.45730640412246,9.0,1
2622,6425905f-05a6-4282-bfb6-fa9b8c4e131b,2018-01-31,hello482@myemail.com,18-25,Focus,Omega-3,0.411884610072154,False,76.59991033483017,76.19656206503099,11.8,1
2623,6425905f-05a6-4282-bfb6-fa9b8c4e131b,2018-02-28,hello482@myemail.com,18-25,Memory,Vitamin C,0.4292998410718122,True,73.0776840101878,112.629937773635,7.7,2
2624,6425905f-05a6-4282-bfb6-fa9b8c4e131b,2018-03-31,hello482@myemail.com,18-25,Endurance,Placebo,0.3502566512810088,True,84.26757292791544,90.17483779136742,10.8,3
2625,6425905f-05a6-4282-bfb6-fa9b8c4e131b,2018-04-30,hello482@myemail.com,18-25,Endurance,Omega-3,0.418949307509791,False,97.21794402180124,81.22163276608981,4.5,3
2626,1a4a2aa5-cf8b-4db0-995e-74682c05480a,2018-01-31,contact483@myemail.com,46-55,Sleep Quality,Zinc,0.3267058255409503,False,93.47711331378494,108.11719050331556,6.7,3
2627,1a4a2aa5-cf8b-4db0-995e-74682c05480a,2018-02-28,contact483@myemail.com,46-55,Strength,Vitamin C,0.17961772232814097,False,99.8193444293288,107.26171843659374,4.5,1
2628,1a4a2aa5-cf8b-4db0-995e-74682c05480a,2018-02-28,contact483@myemail.com,46-55,Memory,Zinc,0.25613596560478163,False,99.8193444293288,107.26171843659374,4.5,1
2629,1a4a2aa5-cf8b-4db0-995e-74682c05480a,2018-02-28,contact483@myemail.com,46-55,Endurance,Placebo,0.318121280946303,False,99.8193444293288,107.26171843659374,4.5,1
2630,1a4a2aa5-cf8b-4db0-995e-74682c05480a,2018-02-28,contact483@myemail.com,46-55,Memory,Vitamin C,0.24307083652230968,True,99.8193444293288,107.26171843659374,4.5,1
2631,1a4a2aa5-cf8b-4db0-995e-74682c05480a,2018-02-28,contact483@myemail.com,46-55,Memory,Magnesium,0.467810111807658,False,99.8193444293288,107.26171843659374,4.5,1
2632,1a4a2aa5-cf8b-4db0-995e-74682c05480a,2018-03-31,contact483@myemail.com,46-55,Sleep Quality,Vitamin C,0.48174213812993777,False,60.902743328095085,75.31101488568333,11.8,3
2633,1a4a2aa5-cf8b-4db0-995e-74682c05480a,2018-04-30,contact483@myemail.com,46-55,Strength,Vitamin C,0.2235681398379878,True,64.51432578851049,118.8750817446131,10.5,1
2634,ac0da17f-59c6-41ac-84f1-be41cc9104ea,2018-01-31,hi_484@email.com,18-25,Endurance,Magnesium,0.3931379747151765,False,84.37871053466488,113.6640533455597,10.8,2
2635,ac0da17f-59c6-41ac-84f1-be41cc9104ea,2018-02-28,hi_484@email.com,18-25,Endurance,Zinc,0.385042429434837,False,92.823057573354,83.2312097922548,11.5,3
2636,ac0da17f-59c6-41ac-84f1-be41cc9104ea,2018-03-31,hi_484@email.com,18-25,Endurance,Zinc,0.49625124330634257,False,71.40977369227066,102.86044035078308,4.7,1
2637,ac0da17f-59c6-41ac-84f1-be41cc9104ea,2018-03-31,hi_484@email.com,18-25,Sleep Quality,Magnesium,0.37734504606988406,False,71.40977369227066,102.86044035078308,4.7,1
2638,ac0da17f-59c6-41ac-84f1-be41cc9104ea,2018-03-31,hi_484@email.com,18-25,Endurance,Magnesium,0.39062351488970476,False,71.40977369227066,102.86044035078308,4.7,1
2639,ac0da17f-59c6-41ac-84f1-be41cc9104ea,2018-04-30,hi_484@email.com,18-25,,No intake,,,69.56844352136875,120.4226041534992,7.1,3
2640,61fe0cc1-91a7-4ad2-b286-1b6892105d11,2018-01-31,contact_485@example.com,18-25,,No intake,,,91.47903197524803,107.06050183788936,4.6,3
2641,61fe0cc1-91a7-4ad2-b286-1b6892105d11,2018-02-28,contact_485@example.com,18-25,,No intake,,,62.25527415412926,97.68423533284992,5.7,2
2642,61fe0cc1-91a7-4ad2-b286-1b6892105d11,2018-03-31,contact_485@example.com,18-25,,No intake,,,74.7753059033034,92.56369206566606,5.8,4
2643,61fe0cc1-91a7-4ad2-b286-1b6892105d11,2018-04-30,contact_485@example.com,18-25,Focus,Zinc,0.47430118858861403,False,80.23236890369319,112.72757066508376,7.8,3
2644,e9ffa668-e0dd-4c5f-b4e2-4f5750437dfb,2018-01-31,hello486@example.com,18-25,,No intake,,,82.41394697401293,135.73760888171682,6.1,2
2645,e9ffa668-e0dd-4c5f-b4e2-4f5750437dfb,2018-02-28,hello486@example.com,18-25,Strength,Vitamin C,0.36622255551549765,False,89.14460627171107,117.02213883342384,4.8,3
2646,e9ffa668-e0dd-4c5f-b4e2-4f5750437dfb,2018-03-31,hello486@example.com,18-25,,No intake,,,74.19382893722633,75.23221325454209,5.3,3
2647,e9ffa668-e0dd-4c5f-b4e2-4f5750437dfb,2018-04-30,hello486@example.com,18-25,,No intake,,,84.50737378698429,102.24794814374935,5.2,3
2648,2f65ecfa-e6a4-4762-9e5d-d17583f278b2,2018-01-31,hello_487@myemail.com,36-45,,No intake,,,83.41501691163825,132.35768920574392,11.8,3
2649,2f65ecfa-e6a4-4762-9e5d-d17583f278b2,2018-02-28,hello_487@myemail.com,36-45,Sleep Quality,Vitamin C,0.4689798772734547,False,81.90464402614988,76.61236980607609,10.1,4
2650,2f65ecfa-e6a4-4762-9e5d-d17583f278b2,2018-03-31,hello_487@myemail.com,36-45,Memory,Vitamin C,0.4289768498595707,False,85.61933172568848,139.22129984962805,11.7,4
2651,2f65ecfa-e6a4-4762-9e5d-d17583f278b2,2018-04-30,hello_487@myemail.com,36-45,Endurance,Vitamin C,0.12461705876395848,True,70.37796684272305,136.4348575551795,7.5,3
2652,2f65ecfa-e6a4-4762-9e5d-d17583f278b2,2018-04-30,hello_487@myemail.com,36-45,Memory,Zinc,0.31583025182482455,False,70.37796684272305,136.4348575551795,7.5,3
2653,69a601cd-41f8-4a40-8161-0130c7bfbe20,2018-01-31,contact_488@email.com,36-45,Memory,Omega-3,0.4235292399931179,False,63.38595014338516,75.47921365109131,6.2,3
2654,69a601cd-41f8-4a40-8161-0130c7bfbe20,2018-01-31,contact_488@email.com,36-45,Recovery,Vitamin C,0.3241821386930865,False,63.38595014338516,75.47921365109131,6.2,3
2655,69a601cd-41f8-4a40-8161-0130c7bfbe20,2018-02-28,contact_488@email.com,36-45,,No intake,,,64.77086688158974,135.33893243146883,10.4,2
2656,69a601cd-41f8-4a40-8161-0130c7bfbe20,2018-03-31,contact_488@email.com,36-45,Sleep Quality,Placebo,0.1488174248119251,False,68.98329530615604,95.41928131816236,6.6,2
2657,69a601cd-41f8-4a40-8161-0130c7bfbe20,2018-03-31,contact_488@email.com,36-45,Strength,Omega-3,0.11711331239351765,False,68.98329530615604,95.41928131816236,6.6,2
2658,69a601cd-41f8-4a40-8161-0130c7bfbe20,2018-04-30,contact_488@email.com,36-45,,No intake,,,80.00791742091141,129.12964169531037,6.4,1
2659,e0a5f7e4-e010-4da3-85d5-e5b39f3ee4b9,2018-01-31,hi_489@email.com,18-25,Focus,Vitamin C,0.4972074716849249,False,93.6177100218408,99.286833639929,5.9,4
2660,e0a5f7e4-e010-4da3-85d5-e5b39f3ee4b9,2018-02-28,hi_489@email.com,18-25,,No intake,,,88.05173368353536,100.85985788917613,5.0,3
2661,e0a5f7e4-e010-4da3-85d5-e5b39f3ee4b9,2018-03-31,hi_489@email.com,18-25,Strength,Zinc,0.3374067568455456,False,91.56162416808188,114.39701636842798,6.1,4
2662,e0a5f7e4-e010-4da3-85d5-e5b39f3ee4b9,2018-03-31,hi_489@email.com,18-25,Focus,Placebo,0.11769770760712332,True,91.56162416808188,114.39701636842798,6.1,4
2663,e0a5f7e4-e010-4da3-85d5-e5b39f3ee4b9,2018-04-30,hi_489@email.com,18-25,Sleep Quality,Placebo,0.42796680775147533,False,74.03902495704365,124.21341934931884,6.8,2
2664,6a790eb5-1a7c-4419-abf2-185201268797,2018-01-31,contact490@example.com,56-65,Recovery,Vitamin C,0.19249477495641448,False,76.18614966594201,72.36524056637741,9.4,4
2665,6a790eb5-1a7c-4419-abf2-185201268797,2018-01-31,contact490@example.com,56-65,Memory,Vitamin C,0.13396813560928567,False,76.18614966594201,72.36524056637741,9.4,4
2666,6a790eb5-1a7c-4419-abf2-185201268797,2018-02-28,contact490@example.com,56-65,Recovery,Omega-3,0.4368031247354437,False,75.74727543962452,111.5209196868994,4.5,4
2667,6a790eb5-1a7c-4419-abf2-185201268797,2018-03-31,contact490@example.com,56-65,Focus,Omega-3,0.27626144301964267,False,67.67492737618007,83.07130958681597,5.7,3
2668,6a790eb5-1a7c-4419-abf2-185201268797,2018-04-30,contact490@example.com,56-65,,No intake,,,62.44866632574288,94.2164662504242,10.5,3
2669,0cf6c28a-717b-45a1-bc7a-31acf80528c6,2018-01-31,hi491@example.com,46-55,,No intake,,,83.63664371308907,94.35780663086516,5.2,2
2670,0cf6c28a-717b-45a1-bc7a-31acf80528c6,2018-02-28,hi491@example.com,46-55,,No intake,,,99.56866733682344,102.83422381548075,6.7,3
2671,0cf6c28a-717b-45a1-bc7a-31acf80528c6,2018-03-31,hi491@example.com,46-55,,No intake,,,66.67318819801051,93.38954883133214,10.9,2
2672,0cf6c28a-717b-45a1-bc7a-31acf80528c6,2018-04-30,hi491@example.com,46-55,,No intake,,,61.86739279597095,77.51527829154674,5.2,2
2673,68a8e104-89f9-4080-bcf5-59bc924a0613,2018-01-31,contact_492@email.com,18-25,Strength,Omega-3,0.32384597694181355,True,91.18126727295731,80.1940116967816,4.7,1
2674,68a8e104-89f9-4080-bcf5-59bc924a0613,2018-01-31,contact_492@email.com,18-25,Recovery,Magnesium,0.1446388080027861,False,91.18126727295731,80.1940116967816,4.7,1
2675,68a8e104-89f9-4080-bcf5-59bc924a0613,2018-02-28,contact_492@email.com,18-25,Strength,Omega-3,0.1606731393466708,False,70.10344026738898,72.34065898927683,7.9,1
2676,68a8e104-89f9-4080-bcf5-59bc924a0613,2018-03-31,contact_492@email.com,18-25,,No intake,,,93.18575221411714,102.9174359730128,6.4,1
2677,68a8e104-89f9-4080-bcf5-59bc924a0613,2018-04-30,contact_492@email.com,18-25,,No intake,,,88.15746668138061,136.8113386397092,8.5,4
2678,4cccc66c-12b7-4637-acdf-b80ef6960386,2018-01-31,hello_493@example.com,Unknown,Memory,Omega-3,0.13565467189818312,False,97.82694148203218,78.09726565536816,10.4,1
2679,4cccc66c-12b7-4637-acdf-b80ef6960386,2018-02-28,hello_493@example.com,Unknown,,No intake,,,76.35708943026688,136.23851451021574,5.1,3
2680,4cccc66c-12b7-4637-acdf-b80ef6960386,2018-03-31,hello_493@example.com,Unknown,Memory,Placebo,0.2548307074406325,False,86.47879357802537,121.33530603124656,8.6,3
2681,4cccc66c-12b7-4637-acdf-b80ef6960386,2018-03-31,hello_493@example.com,Unknown,Sleep Quality,Vitamin C,0.16229040476933823,False,86.47879357802537,121.33530603124656,8.6,3
2682,4cccc66c-12b7-4637-acdf-b80ef6960386,2018-04-30,hello_493@example.com,Unknown,Endurance,Omega-3,0.17519354883041352,False,78.59419123253083,114.62491620539144,8.0,1
2683,4cccc66c-12b7-4637-acdf-b80ef6960386,2018-04-30,hello_493@example.com,Unknown,Focus,Zinc,0.4740347558588269,False,78.59419123253083,114.62491620539144,8.0,1
2684,c06163b1-8e7a-4efa-9056-4feea97f4b9a,2018-01-31,user_494@example.com,46-55,Strength,Zinc,0.2329348720881289,False,85.22354789234174,115.1694428726494,5.2,4
2685,c06163b1-8e7a-4efa-9056-4feea97f4b9a,2018-01-31,user_494@example.com,46-55,Memory,Omega-3,0.4303453684169275,True,85.22354789234174,115.1694428726494,5.2,4
2686,c06163b1-8e7a-4efa-9056-4feea97f4b9a,2018-02-28,user_494@example.com,46-55,Recovery,Vitamin C,0.43085009691151827,False,77.9839562403095,127.87093538773976,9.0,2
2687,c06163b1-8e7a-4efa-9056-4feea97f4b9a,2018-03-31,user_494@example.com,46-55,,No intake,,,67.545289856963,77.4843905065875,6.2,4
2688,c06163b1-8e7a-4efa-9056-4feea97f4b9a,2018-04-30,user_494@example.com,46-55,,No intake,,,80.31589664013524,105.33280264958792,7.9,4
2689,758db2f6-23bc-45d9-9a47-be4029d3e15b,2018-01-31,contact_495@example.com,36-45,Focus,Vitamin C,0.253340653706089,False,81.1433680574977,118.79637967825307,4.7,2
2690,758db2f6-23bc-45d9-9a47-be4029d3e15b,2018-01-31,contact_495@example.com,36-45,Strength,Vitamin C,0.22006395057839132,False,81.1433680574977,118.79637967825307,4.7,2
2691,758db2f6-23bc-45d9-9a47-be4029d3e15b,2018-02-28,contact_495@example.com,36-45,Endurance,Magnesium,0.2928849127024838,False,92.42415393040643,111.07743115514944,7.7,2
2692,758db2f6-23bc-45d9-9a47-be4029d3e15b,2018-03-31,contact_495@example.com,36-45,Focus,Placebo,0.38659118676558,True,89.42082823174324,128.29453497163064,6.5,2
2693,758db2f6-23bc-45d9-9a47-be4029d3e15b,2018-03-31,contact_495@example.com,36-45,Endurance,Vitamin C,0.35404021499381066,False,89.42082823174324,128.29453497163064,6.5,2
2694,758db2f6-23bc-45d9-9a47-be4029d3e15b,2018-04-30,contact_495@example.com,36-45,Memory,Vitamin C,0.4353164775416456,False,86.55166495765776,75.05901963079461,10.6,3
2695,758db2f6-23bc-45d9-9a47-be4029d3e15b,2018-04-30,contact_495@example.com,36-45,Endurance,Vitamin C,0.37624608006033083,False,86.55166495765776,75.05901963079461,10.6,3
2696,e6103755-b4f2-4076-9eb6-bfb0a4058f50,2018-01-31,user_496@email.com,56-65,Endurance,Zinc,0.38471633595938015,False,64.5354838221029,118.3490727649416,4.5,2
2697,e6103755-b4f2-4076-9eb6-bfb0a4058f50,2018-02-28,user_496@email.com,56-65,Memory,Zinc,0.10571630801628014,False,88.8246516265486,107.38194112693024,7.3,2
2698,e6103755-b4f2-4076-9eb6-bfb0a4058f50,2018-03-31,user_496@email.com,56-65,,No intake,,,80.0122062541806,96.54126047859604,7.7,4
2699,e6103755-b4f2-4076-9eb6-bfb0a4058f50,2018-04-30,user_496@email.com,56-65,Recovery,Omega-3,0.3781812493553954,False,95.76398144424635,93.81924875638217,9.8,4
2700,b01d071a-0e92-42c5-80da-17f928a5b416,2018-01-31,hi497@email.com,18-25,Strength,Zinc,0.18584079808612217,False,96.79483736522172,113.4582842941935,8.6,1
2701,b01d071a-0e92-42c5-80da-17f928a5b416,2018-02-28,hi497@email.com,18-25,Strength,Magnesium,0.27274114629521473,False,62.20626362407142,132.36967622509854,9.3,4
2702,b01d071a-0e92-42c5-80da-17f928a5b416,2018-03-31,hi497@email.com,18-25,,No intake,,,92.82566241417916,104.73231482707808,10.2,2
2703,b01d071a-0e92-42c5-80da-17f928a5b416,2018-04-30,hi497@email.com,18-25,,No intake,,,61.50789561690682,127.7306214853844,10.9,3
2704,6ed7cb8d-c5f7-4d2b-b035-8cdf215befff,2018-01-31,hi498@email.com,46-55,Memory,Zinc,0.3674353674233119,False,74.68678502780091,98.15094672907772,6.5,4
2705,6ed7cb8d-c5f7-4d2b-b035-8cdf215befff,2018-01-31,hi498@email.com,46-55,Strength,Zinc,0.2848459690807009,False,74.68678502780091,98.15094672907772,6.5,4
2706,6ed7cb8d-c5f7-4d2b-b035-8cdf215befff,2018-02-28,hi498@email.com,46-55,Recovery,Omega-3,0.3705587945974958,False,81.69199902484317,77.16761239552235,8.3,4
2707,6ed7cb8d-c5f7-4d2b-b035-8cdf215befff,2018-02-28,hi498@email.com,46-55,Memory,Magnesium,0.49995706668201967,False,81.69199902484317,77.16761239552235,8.3,4
2708,6ed7cb8d-c5f7-4d2b-b035-8cdf215befff,2018-03-31,hi498@email.com,46-55,,No intake,,,65.92403194508509,74.3054015521047,10.7,2
2709,6ed7cb8d-c5f7-4d2b-b035-8cdf215befff,2018-04-30,hi498@email.com,46-55,Recovery,Placebo,0.3589018045496302,False,89.85255250276307,73.59340599265742,11.9,4
2710,9c083dc3-b789-4cee-87fb-9887ff4b4e29,2018-01-31,contact499@myemail.com,46-55,Recovery,Placebo,0.1653823433335633,False,60.33418816688554,96.6105099370369,11.1,4
2711,9c083dc3-b789-4cee-87fb-9887ff4b4e29,2018-02-28,contact499@myemail.com,46-55,Recovery,Placebo,0.16158293030073687,True,66.74396193736148,93.60664255850897,7.0,2
2712,9c083dc3-b789-4cee-87fb-9887ff4b4e29,2018-02-28,contact499@myemail.com,46-55,Memory,Omega-3,0.1989503278130961,True,66.74396193736148,93.60664255850897,7.0,2
2713,9c083dc3-b789-4cee-87fb-9887ff4b4e29,2018-03-31,contact499@myemail.com,46-55,Strength,Zinc,0.38494506537712764,False,83.23187319413903,120.25559165357988,5.6,4
2714,9c083dc3-b789-4cee-87fb-9887ff4b4e29,2018-03-31,contact499@myemail.com,46-55,Memory,Placebo,0.3163438315300311,False,83.23187319413903,120.25559165357988,5.6,4
2715,9c083dc3-b789-4cee-87fb-9887ff4b4e29,2018-03-31,contact499@myemail.com,46-55,Focus,Placebo,0.21559316169671985,False,83.23187319413903,120.25559165357988,5.6,4
2716,9c083dc3-b789-4cee-87fb-9887ff4b4e29,2018-04-30,contact499@myemail.com,46-55,,No intake,,,88.5755024814917,121.9975051109406,7.9,3
2717,2f2aa322-d2b2-4c88-aeb6-e49e768521f3,2018-01-31,hello_500@myemail.com,46-55,,No intake,,,96.66572410775665,73.5597778183618,9.9,1
2718,2f2aa322-d2b2-4c88-aeb6-e49e768521f3,2018-02-28,hello_500@myemail.com,46-55,Strength,Vitamin C,0.2804671665153489,False,88.21986607738495,85.47862840223105,7.9,4
2719,2f2aa322-d2b2-4c88-aeb6-e49e768521f3,2018-03-31,hello_500@myemail.com,46-55,,No intake,,,86.87117081019464,89.19832951112298,7.9,3
2720,2f2aa322-d2b2-4c88-aeb6-e49e768521f3,2018-04-30,hello_500@myemail.com,46-55,Memory,Placebo,0.216702067428234,False,75.77364585402657,108.33283888999664,10.7,4
